study_id,hypothesis_id,seed,series,x,value
3,H19,3000,Q51,0,0.0044
3,H19,3000,Q2F1,0,0.0016
3,H19,3000,Q51,1,0.0108
3,H19,3000,Q2F1,1,0.0018
3,H19,3000,Q51,2,0.0462
3,H19,3000,Q2F1,2,0.0068
3,H19,3002,Q51,0,0.0042
3,H19,3002,Q2F1,0,0.0014
3,H19,3002,Q51,1,0.0122
3,H19,3002,Q2F1,1,0.0022
3,H19,3002,Q51,2,0.0472
3,H19,3002,Q2F1,2,0.0086
3,H19,3004,Q51,0,0.0044
3,H19,3004,Q2F1,0,0.0016
3,H19,3004,Q51,1,0.014
3,H19,3004,Q2F1,1,0.0034
3,H19,3004,Q51,2,0.0538
3,H19,3004,Q2F1,2,0.0088
3,H19,3006,Q51,0,0.004
3,H19,3006,Q2F1,0,0.0012
3,H19,3006,Q51,1,0.0126
3,H19,3006,Q2F1,1,0.0018
3,H19,3006,Q51,2,0.046
3,H19,3006,Q2F1,2,0.007
3,H19,3008,Q51,0,0.0034
3,H19,3008,Q2F1,0,0.0012
3,H19,3008,Q51,1,0.014
3,H19,3008,Q2F1,1,0.0024
3,H19,3008,Q51,2,0.0474
3,H19,3008,Q2F1,2,0.0064
3,H19,3010,Q51,0,0.0026
3,H19,3010,Q2F1,0,0.001
3,H19,3010,Q51,1,0.0128
3,H19,3010,Q2F1,1,0.0026
3,H19,3010,Q51,2,0.0502
3,H19,3010,Q2F1,2,0.0072
3,H19,3012,Q51,0,0.0042
3,H19,3012,Q2F1,0,0.0018
3,H19,3012,Q51,1,0.0138
3,H19,3012,Q2F1,1,0.0024
3,H19,3012,Q51,2,0.0494
3,H19,3012,Q2F1,2,0.0064
3,H19,3014,Q51,0,0.0036
3,H19,3014,Q2F1,0,0.0014
3,H19,3014,Q51,1,0.0132
3,H19,3014,Q2F1,1,0.0028
3,H19,3014,Q51,2,0.0464
3,H19,3014,Q2F1,2,0.01
3,H19,3016,Q51,0,0.0048
3,H19,3016,Q2F1,0,0.001
3,H19,3016,Q51,1,0.0118
3,H19,3016,Q2F1,1,0.0016
3,H19,3016,Q51,2,0.049
3,H19,3016,Q2F1,2,0.0094
3,H19,3018,Q51,0,0.0052
3,H19,3018,Q2F1,0,0.0022
3,H19,3018,Q51,1,0.0122
3,H19,3018,Q2F1,1,0.0032
3,H19,3018,Q51,2,0.047
3,H19,3018,Q2F1,2,0.0062
3,H19,3020,Q51,0,0.0034
3,H19,3020,Q2F1,0,0.0006
3,H19,3020,Q51,1,0.0106
3,H19,3020,Q2F1,1,0.0026
3,H19,3020,Q51,2,0.0492
3,H19,3020,Q2F1,2,0.006
3,H19,3022,Q51,0,0.004
3,H19,3022,Q2F1,0,0.0016
3,H19,3022,Q51,1,0.0126
3,H19,3022,Q2F1,1,0.0024
3,H19,3022,Q51,2,0.0422
3,H19,3022,Q2F1,2,0.0072
3,H19,3024,Q51,0,0.0034
3,H19,3024,Q2F1,0,0.0012
3,H19,3024,Q51,1,0.0112
3,H19,3024,Q2F1,1,0.0018
3,H19,3024,Q51,2,0.0532
3,H19,3024,Q2F1,2,0.0082
3,H19,3026,Q51,0,0.0042
3,H19,3026,Q2F1,0,0.002
3,H19,3026,Q51,1,0.0116
3,H19,3026,Q2F1,1,0.0024
3,H19,3026,Q51,2,0.0492
3,H19,3026,Q2F1,2,0.0094
3,H19,3028,Q51,0,0.005
3,H19,3028,Q2F1,0,0.0026
3,H19,3028,Q51,1,0.0116
3,H19,3028,Q2F1,1,0.002
3,H19,3028,Q51,2,0.0414
3,H19,3028,Q2F1,2,0.0048
3,H19,3030,Q51,0,0.003
3,H19,3030,Q2F1,0,0.001
3,H19,3030,Q51,1,0.0108
3,H19,3030,Q2F1,1,0.003
3,H19,3030,Q51,2,0.055
3,H19,3030,Q2F1,2,0.0078
3,H19,3032,Q51,0,0.0042
3,H19,3032,Q2F1,0,0.0016
3,H19,3032,Q51,1,0.0126
3,H19,3032,Q2F1,1,0.0024
3,H19,3032,Q51,2,0.0462
3,H19,3032,Q2F1,2,0.0086
3,H19,3034,Q51,0,0.0044
3,H19,3034,Q2F1,0,0.0014
3,H19,3034,Q51,1,0.013
3,H19,3034,Q2F1,1,0.003
3,H19,3034,Q51,2,0.0474
3,H19,3034,Q2F1,2,0.008
3,H19,3036,Q51,0,0.0042
3,H19,3036,Q2F1,0,0.002
3,H19,3036,Q51,1,0.0118
3,H19,3036,Q2F1,1,0.0034
3,H19,3036,Q51,2,0.0434
3,H19,3036,Q2F1,2,0.0062
3,H19,3038,Q51,0,0.0038
3,H19,3038,Q2F1,0,0.0016
3,H19,3038,Q51,1,0.0108
3,H19,3038,Q2F1,1,0.0024
3,H19,3038,Q51,2,0.047
3,H19,3038,Q2F1,2,0.0066
3,H20,3000,homogeneous,mean_error_corr,0.0226568907046274
3,H20,3000,heterogeneous,mean_error_corr,0.0097856099807081
3,H20,3002,homogeneous,mean_error_corr,0.0172444917180702
3,H20,3002,heterogeneous,mean_error_corr,0.0013097997892927
3,H20,3004,homogeneous,mean_error_corr,0.0225652594210314
3,H20,3004,heterogeneous,mean_error_corr,0.0034912184415369
3,H20,3006,homogeneous,mean_error_corr,0.0206835420876322
3,H20,3006,heterogeneous,mean_error_corr,0.0031881048528392
3,H20,3008,homogeneous,mean_error_corr,0.0193624058771021
3,H20,3008,heterogeneous,mean_error_corr,-0.0016998729875201
3,H20,3010,homogeneous,mean_error_corr,0.0119865828156831
3,H20,3010,heterogeneous,mean_error_corr,-0.0017252142291531
3,H20,3012,homogeneous,mean_error_corr,0.0242589361333431
3,H20,3012,heterogeneous,mean_error_corr,0.0044219246185356
3,H20,3014,homogeneous,mean_error_corr,0.0244512171757555
3,H20,3014,heterogeneous,mean_error_corr,0.0057538737587901
3,H20,3016,homogeneous,mean_error_corr,0.0236572840302014
3,H20,3016,heterogeneous,mean_error_corr,0.0052632193114724
3,H20,3018,homogeneous,mean_error_corr,0.0206089727334412
3,H20,3018,heterogeneous,mean_error_corr,0.0031557219012823
3,H20,3020,homogeneous,mean_error_corr,0.0125809026488179
3,H20,3020,heterogeneous,mean_error_corr,-0.0012530093817372
3,H20,3022,homogeneous,mean_error_corr,0.0140054273978926
3,H20,3022,heterogeneous,mean_error_corr,-0.0058679657270751
3,H20,3024,homogeneous,mean_error_corr,0.0135248619356577
3,H20,3024,heterogeneous,mean_error_corr,-0.0012568559701828
3,H20,3026,homogeneous,mean_error_corr,0.0239934357927688
3,H20,3026,heterogeneous,mean_error_corr,0.0050924080312725
3,H20,3028,homogeneous,mean_error_corr,0.0271641825911959
3,H20,3028,heterogeneous,mean_error_corr,0.0046916426074021
3,H20,3030,homogeneous,mean_error_corr,0.0211305111868515
3,H20,3030,heterogeneous,mean_error_corr,0.0056556266625041
3,H20,3032,homogeneous,mean_error_corr,0.0296529377320085
3,H20,3032,heterogeneous,mean_error_corr,0.004837464352617
3,H20,3034,homogeneous,mean_error_corr,0.0229385112870492
3,H20,3034,heterogeneous,mean_error_corr,0.0030824786923193
3,H20,3036,homogeneous,mean_error_corr,0.0185999017700482
3,H20,3036,heterogeneous,mean_error_corr,-0.0006878325692937
3,H20,3038,homogeneous,mean_error_corr,0.0163198816778952
3,H20,3038,heterogeneous,mean_error_corr,-0.003030963348589
3,H18,3000,tps,0,2.0
3,H18,3000,p95_ms,0,12473.721086978912
3,H18,3000,tps,1,2.0
3,H18,3000,p95_ms,1,9912.288689613342
3,H18,3000,recovery_s,1,504.8839008808136
3,H18,3000,operator_restart_required,1,0.0
3,H18,3000,tps,2,2.0
3,H18,3000,p95_ms,2,15137.557637691498
3,H18,3000,recovery_s,2,75.27036738395691
3,H18,3000,operator_restart_required,2,0.0
3,H18,3000,tps,3,0.0
3,H18,3000,p95_ms,3,999999.0
3,H18,3000,recovery_s,3,310.9923903942108
3,H18,3000,operator_restart_required,3,1.0
3,H18,3002,tps,0,2.0
3,H18,3002,p95_ms,0,27043.55138540268
3,H18,3002,tps,1,2.0
3,H18,3002,p95_ms,1,9766.532146930693
3,H18,3002,recovery_s,1,89.85609674453735
3,H18,3002,operator_restart_required,1,0.0
3,H18,3002,tps,2,2.0
3,H18,3002,p95_ms,2,18713.326823711395
3,H18,3002,recovery_s,2,40.976961612701416
3,H18,3002,operator_restart_required,2,0.0
3,H18,3002,tps,3,0.0
3,H18,3002,p95_ms,3,999999.0
3,H18,3002,recovery_s,3,369.63438987731934
3,H18,3002,operator_restart_required,3,1.0
3,H18,3004,tps,0,2.0
3,H18,3004,p95_ms,0,6089.00488615036
3,H18,3004,tps,1,2.0
3,H18,3004,p95_ms,1,11752.654242515564
3,H18,3004,recovery_s,1,26.8589186668396
3,H18,3004,operator_restart_required,1,0.0
3,H18,3004,tps,2,2.0
3,H18,3004,p95_ms,2,3261.3799571990967
3,H18,3004,recovery_s,2,94.39854192733765
3,H18,3004,operator_restart_required,2,0.0
3,H18,3004,tps,3,0.0
3,H18,3004,p95_ms,3,999999.0
3,H18,3004,recovery_s,3,249.4553062915802
3,H18,3004,operator_restart_required,3,1.0
3,H18,3006,tps,0,2.0
3,H18,3006,p95_ms,0,10169.640207290648
3,H18,3006,tps,1,2.0
3,H18,3006,p95_ms,1,7281.477260589594
3,H18,3006,recovery_s,1,65.46542119979858
3,H18,3006,operator_restart_required,1,0.0
3,H18,3006,tps,2,2.0
3,H18,3006,p95_ms,2,6277.472472190857
3,H18,3006,recovery_s,2,19.04928731918335
3,H18,3006,operator_restart_required,2,0.0
3,H18,3006,tps,3,0.0
3,H18,3006,p95_ms,3,999999.0
3,H18,3006,recovery_s,3,284.9514210224152
3,H18,3006,operator_restart_required,3,1.0
3,H18,3008,tps,0,2.0
3,H18,3008,p95_ms,0,23623.74436855316
3,H18,3008,tps,1,2.0
3,H18,3008,p95_ms,1,9989.955914020538
3,H18,3008,recovery_s,1,427.9360344409943
3,H18,3008,operator_restart_required,1,0.0
3,H18,3008,tps,2,2.0
3,H18,3008,p95_ms,2,20711.628365516663
3,H18,3008,recovery_s,2,156.48571944236755
3,H18,3008,operator_restart_required,2,0.0
3,H18,3008,tps,3,0.0
3,H18,3008,p95_ms,3,999999.0
3,H18,3008,recovery_s,3,403.8768577575684
3,H18,3008,operator_restart_required,3,1.0
3,H18,3010,tps,0,2.0
3,H18,3010,p95_ms,0,18727.217054367065
3,H18,3010,tps,1,2.0
3,H18,3010,p95_ms,1,8664.98919725418
3,H18,3010,recovery_s,1,71.41607022285461
3,H18,3010,operator_restart_required,1,0.0
3,H18,3010,tps,2,2.0
3,H18,3010,p95_ms,2,13599.51947927475
3,H18,3010,recovery_s,2,34.1268253326416
3,H18,3010,operator_restart_required,2,0.0
3,H18,3010,tps,3,0.0
3,H18,3010,p95_ms,3,999999.0
3,H18,3010,recovery_s,3,398.17121267318726
3,H18,3010,operator_restart_required,3,1.0
3,H18,3012,tps,0,2.0
3,H18,3012,p95_ms,0,18416.301238536835
3,H18,3012,tps,1,1.1333333333333333
3,H18,3012,p95_ms,1,7098.277258872986
3,H18,3012,recovery_s,1,203.78608083724976
3,H18,3012,operator_restart_required,1,0.0
3,H18,3012,tps,2,2.0
3,H18,3012,p95_ms,2,11055.53902387619
3,H18,3012,recovery_s,2,82.59864449501038
3,H18,3012,operator_restart_required,2,0.0
3,H18,3012,tps,3,0.0
3,H18,3012,p95_ms,3,999999.0
3,H18,3012,recovery_s,3,314.662034034729
3,H18,3012,operator_restart_required,3,1.0
3,H18,3014,tps,0,0.0
3,H18,3014,p95_ms,0,999999.0
3,H18,3014,tps,1,0.0
3,H18,3014,p95_ms,1,999999.0
3,H18,3014,recovery_s,1,193.03549242019653
3,H18,3014,operator_restart_required,1,1.0
3,H18,3014,tps,2,2.0
3,H18,3014,p95_ms,2,20469.15855407715
3,H18,3014,recovery_s,2,35.29460024833679
3,H18,3014,operator_restart_required,2,0.0
3,H18,3014,tps,3,0.0
3,H18,3014,p95_ms,3,999999.0
3,H18,3014,recovery_s,3,135.0566668510437
3,H18,3014,operator_restart_required,3,1.0
3,H18,3016,tps,0,2.0
3,H18,3016,p95_ms,0,17597.60798215866
3,H18,3016,tps,1,2.0
3,H18,3016,p95_ms,1,9948.895478248596
3,H18,3016,recovery_s,1,60.77331233024597
3,H18,3016,operator_restart_required,1,0.0
3,H18,3016,tps,2,2.0
3,H18,3016,p95_ms,2,9601.2929677963
3,H18,3016,recovery_s,2,42.08059215545654
3,H18,3016,operator_restart_required,2,0.0
3,H18,3016,tps,3,0.0
3,H18,3016,p95_ms,3,999999.0
3,H18,3016,recovery_s,3,171.41153621673584
3,H18,3016,operator_restart_required,3,1.0
3,H18,3018,tps,0,0.0
3,H18,3018,p95_ms,0,999999.0
3,H18,3018,tps,1,2.0
3,H18,3018,p95_ms,1,22082.35614299774
3,H18,3018,recovery_s,1,555.2270886898041
3,H18,3018,operator_restart_required,1,0.0
3,H18,3018,tps,2,1.2
3,H18,3018,p95_ms,2,18695.339739322662
3,H18,3018,recovery_s,2,142.15457129478455
3,H18,3018,operator_restart_required,2,0.0
3,H18,3018,tps,3,0.0
3,H18,3018,p95_ms,3,999999.0
3,H18,3018,recovery_s,3,353.3490927219391
3,H18,3018,operator_restart_required,3,1.0
3,H18,3020,tps,0,0.0
3,H18,3020,p95_ms,0,999999.0
3,H18,3020,tps,1,0.0
3,H18,3020,p95_ms,1,999999.0
3,H18,3020,recovery_s,1,89.91106224060059
3,H18,3020,operator_restart_required,1,0.0
3,H18,3020,tps,2,0.0
3,H18,3020,p95_ms,2,999999.0
3,H18,3020,recovery_s,2,52.89344310760498
3,H18,3020,operator_restart_required,2,0.0
3,H18,3020,tps,3,0.0
3,H18,3020,p95_ms,3,999999.0
3,H18,3020,recovery_s,3,195.4586684703827
3,H18,3020,operator_restart_required,3,1.0
3,H18,3022,tps,0,2.0
3,H18,3022,p95_ms,0,14097.225499153135
3,H18,3022,tps,1,2.0
3,H18,3022,p95_ms,1,10168.077266216278
3,H18,3022,recovery_s,1,112.33155250549316
3,H18,3022,operator_restart_required,1,0.0
3,H18,3022,tps,2,2.0
3,H18,3022,p95_ms,2,16847.242152690887
3,H18,3022,recovery_s,2,47.06109881401062
3,H18,3022,operator_restart_required,2,0.0
3,H18,3022,tps,3,0.0
3,H18,3022,p95_ms,3,999999.0
3,H18,3022,recovery_s,3,155.31279158592224
3,H18,3022,operator_restart_required,3,1.0
3,H18,3024,tps,0,2.0
3,H18,3024,p95_ms,0,11036.329424381256
3,H18,3024,tps,1,2.0
3,H18,3024,p95_ms,1,10112.229108810425
3,H18,3024,recovery_s,1,50.78540921211243
3,H18,3024,operator_restart_required,1,0.0
3,H18,3024,tps,2,2.0
3,H18,3024,p95_ms,2,5541.53106212616
3,H18,3024,recovery_s,2,44.91548275947571
3,H18,3024,operator_restart_required,2,0.0
3,H18,3024,tps,3,0.0
3,H18,3024,p95_ms,3,999999.0
3,H18,3024,recovery_s,3,156.44917225837708
3,H18,3024,operator_restart_required,3,1.0
3,H18,3026,tps,0,2.0
3,H18,3026,p95_ms,0,17290.80880880356
3,H18,3026,tps,1,2.0
3,H18,3026,p95_ms,1,7692.411863803863
3,H18,3026,recovery_s,1,61.46705532073975
3,H18,3026,operator_restart_required,1,0.0
3,H18,3026,tps,2,2.0
3,H18,3026,p95_ms,2,15662.199294567108
3,H18,3026,recovery_s,2,78.5485486984253
3,H18,3026,operator_restart_required,2,0.0
3,H18,3026,tps,3,0.0
3,H18,3026,p95_ms,3,999999.0
3,H18,3026,recovery_s,3,173.7959022521973
3,H18,3026,operator_restart_required,3,1.0
3,H18,3028,tps,0,2.0
3,H18,3028,p95_ms,0,11827.19280719757
3,H18,3028,tps,1,2.0
3,H18,3028,p95_ms,1,6351.389133930206
3,H18,3028,recovery_s,1,54.81938719749451
3,H18,3028,operator_restart_required,1,0.0
3,H18,3028,tps,2,2.0
3,H18,3028,p95_ms,2,15944.424533843994
3,H18,3028,recovery_s,2,83.84724974632263
3,H18,3028,operator_restart_required,2,0.0
3,H18,3028,tps,3,0.0
3,H18,3028,p95_ms,3,999999.0
3,H18,3028,recovery_s,3,157.88457489013672
3,H18,3028,operator_restart_required,3,1.0
3,H18,3030,tps,0,2.0
3,H18,3030,p95_ms,0,9270.391845703123
3,H18,3030,tps,1,2.0
3,H18,3030,p95_ms,1,13530.306828022003
3,H18,3030,recovery_s,1,104.4359209537506
3,H18,3030,operator_restart_required,1,0.0
3,H18,3030,tps,2,2.0
3,H18,3030,p95_ms,2,16647.452330589294
3,H18,3030,recovery_s,2,50.97621583938599
3,H18,3030,operator_restart_required,2,0.0
3,H18,3030,tps,3,0.0
3,H18,3030,p95_ms,3,999999.0
3,H18,3030,recovery_s,3,148.19881081581116
3,H18,3030,operator_restart_required,3,1.0
3,H18,3032,tps,0,2.0
3,H18,3032,p95_ms,0,13994.622433185576
3,H18,3032,tps,1,2.0
3,H18,3032,p95_ms,1,9201.874577999117
3,H18,3032,recovery_s,1,305.0437247753144
3,H18,3032,operator_restart_required,1,0.0
3,H18,3032,tps,2,2.0
3,H18,3032,p95_ms,2,7483.450102806091
3,H18,3032,recovery_s,2,55.10244870185852
3,H18,3032,operator_restart_required,2,0.0
3,H18,3032,tps,3,0.0
3,H18,3032,p95_ms,3,999999.0
3,H18,3032,recovery_s,3,216.1478171348572
3,H18,3032,operator_restart_required,3,1.0
3,H18,3034,tps,0,2.0
3,H18,3034,p95_ms,0,18745.72260379792
3,H18,3034,tps,1,2.0
3,H18,3034,p95_ms,1,11400.6001830101
3,H18,3034,recovery_s,1,35.20482563972473
3,H18,3034,operator_restart_required,1,0.0
3,H18,3034,tps,2,2.0
3,H18,3034,p95_ms,2,11962.440645694733
3,H18,3034,recovery_s,2,44.96990704536438
3,H18,3034,operator_restart_required,2,0.0
3,H18,3034,tps,3,0.0
3,H18,3034,p95_ms,3,999999.0
3,H18,3034,recovery_s,3,158.9821844100952
3,H18,3034,operator_restart_required,3,1.0
3,H18,3036,tps,0,2.0
3,H18,3036,p95_ms,0,10906.106734275818
3,H18,3036,tps,1,2.0
3,H18,3036,p95_ms,1,9453.470253944395
3,H18,3036,recovery_s,1,70.21980857849121
3,H18,3036,operator_restart_required,1,0.0
3,H18,3036,tps,2,2.0
3,H18,3036,p95_ms,2,19575.168800354004
3,H18,3036,recovery_s,2,48.99899935722351
3,H18,3036,operator_restart_required,2,0.0
3,H18,3036,tps,3,0.0
3,H18,3036,p95_ms,3,999999.0
3,H18,3036,recovery_s,3,155.08246874809265
3,H18,3036,operator_restart_required,3,1.0
3,H18,3038,tps,0,2.0
3,H18,3038,p95_ms,0,12132.866907119753
3,H18,3038,tps,1,2.0
3,H18,3038,p95_ms,1,7684.208250045776
3,H18,3038,recovery_s,1,42.57304859161377
3,H18,3038,operator_restart_required,1,0.0
3,H18,3038,tps,2,2.0
3,H18,3038,p95_ms,2,15801.475644111631
3,H18,3038,recovery_s,2,40.55263948440552
3,H18,3038,operator_restart_required,2,0.0
3,H18,3038,tps,3,0.0
3,H18,3038,p95_ms,3,999999.0
3,H18,3038,recovery_s,3,165.0718309879303
3,H18,3038,operator_restart_required,3,1.0
3,H19,3001,Q51,0,0.003
3,H19,3001,Q2F1,0,0.0012
3,H19,3001,Q51,1,0.0128
3,H19,3001,Q2F1,1,0.003
3,H19,3001,Q51,2,0.0456
3,H19,3001,Q2F1,2,0.0076
3,H19,3003,Q51,0,0.004
3,H19,3003,Q2F1,0,0.0012
3,H19,3003,Q51,1,0.0136
3,H19,3003,Q2F1,1,0.0028
3,H19,3003,Q51,2,0.0462
3,H19,3003,Q2F1,2,0.0088
3,H19,3005,Q51,0,0.006
3,H19,3005,Q2F1,0,0.0016
3,H19,3005,Q51,1,0.0138
3,H19,3005,Q2F1,1,0.0026
3,H19,3005,Q51,2,0.047
3,H19,3005,Q2F1,2,0.0074
3,H19,3007,Q51,0,0.0038
3,H19,3007,Q2F1,0,0.001
3,H19,3007,Q51,1,0.0112
3,H19,3007,Q2F1,1,0.0024
3,H19,3007,Q51,2,0.0528
3,H19,3007,Q2F1,2,0.0082
3,H19,3009,Q51,0,0.004
3,H19,3009,Q2F1,0,0.0012
3,H19,3009,Q51,1,0.0124
3,H19,3009,Q2F1,1,0.0018
3,H19,3009,Q51,2,0.0496
3,H19,3009,Q2F1,2,0.0074
3,H19,3011,Q51,0,0.0048
3,H19,3011,Q2F1,0,0.0014
3,H19,3011,Q51,1,0.0144
3,H19,3011,Q2F1,1,0.003
3,H19,3011,Q51,2,0.0474
3,H19,3011,Q2F1,2,0.0086
3,H19,3013,Q51,0,0.0048
3,H19,3013,Q2F1,0,0.0014
3,H19,3013,Q51,1,0.012
3,H19,3013,Q2F1,1,0.0022
3,H19,3013,Q51,2,0.0496
3,H19,3013,Q2F1,2,0.0076
3,H19,3015,Q51,0,0.0044
3,H19,3015,Q2F1,0,0.0014
3,H19,3015,Q51,1,0.0152
3,H19,3015,Q2F1,1,0.0034
3,H19,3015,Q51,2,0.0504
3,H19,3015,Q2F1,2,0.0072
3,H19,3017,Q51,0,0.0026
3,H19,3017,Q2F1,0,0.001
3,H19,3017,Q51,1,0.014
3,H19,3017,Q2F1,1,0.0034
3,H19,3017,Q51,2,0.0536
3,H19,3017,Q2F1,2,0.0082
3,H19,3019,Q51,0,0.0044
3,H19,3019,Q2F1,0,0.0014
3,H19,3019,Q51,1,0.012
3,H19,3019,Q2F1,1,0.0022
3,H19,3019,Q51,2,0.0468
3,H19,3019,Q2F1,2,0.0058
3,H19,3021,Q51,0,0.0044
3,H19,3021,Q2F1,0,0.0016
3,H19,3021,Q51,1,0.0108
3,H19,3021,Q2F1,1,0.0022
3,H19,3021,Q51,2,0.0512
3,H19,3021,Q2F1,2,0.0084
3,H19,3023,Q51,0,0.0042
3,H19,3023,Q2F1,0,0.001
3,H19,3023,Q51,1,0.012
3,H19,3023,Q2F1,1,0.002
3,H19,3023,Q51,2,0.0474
3,H19,3023,Q2F1,2,0.0052
3,H19,3025,Q51,0,0.0024
3,H19,3025,Q2F1,0,0.0008
3,H19,3025,Q51,1,0.0128
3,H19,3025,Q2F1,1,0.003
3,H19,3025,Q51,2,0.0468
3,H19,3025,Q2F1,2,0.0076
3,H19,3027,Q51,0,0.0042
3,H19,3027,Q2F1,0,0.0014
3,H19,3027,Q51,1,0.0152
3,H19,3027,Q2F1,1,0.0038
3,H19,3027,Q51,2,0.0476
3,H19,3027,Q2F1,2,0.0082
3,H19,3029,Q51,0,0.0038
3,H19,3029,Q2F1,0,0.0008
3,H19,3029,Q51,1,0.0104
3,H19,3029,Q2F1,1,0.0016
3,H19,3029,Q51,2,0.0522
3,H19,3029,Q2F1,2,0.0066
3,H19,3031,Q51,0,0.004
3,H19,3031,Q2F1,0,0.0016
3,H19,3031,Q51,1,0.0128
3,H19,3031,Q2F1,1,0.0024
3,H19,3031,Q51,2,0.0518
3,H19,3031,Q2F1,2,0.0064
3,H19,3033,Q51,0,0.0042
3,H19,3033,Q2F1,0,0.002
3,H19,3033,Q51,1,0.012
3,H19,3033,Q2F1,1,0.003
3,H19,3033,Q51,2,0.0458
3,H19,3033,Q2F1,2,0.0086
3,H19,3035,Q51,0,0.0042
3,H19,3035,Q2F1,0,0.0016
3,H19,3035,Q51,1,0.0132
3,H19,3035,Q2F1,1,0.0026
3,H19,3035,Q51,2,0.0464
3,H19,3035,Q2F1,2,0.0072
3,H19,3037,Q51,0,0.0048
3,H19,3037,Q2F1,0,0.002
3,H19,3037,Q51,1,0.0088
3,H19,3037,Q2F1,1,0.0024
3,H19,3037,Q51,2,0.0456
3,H19,3037,Q2F1,2,0.0042
3,H19,3039,Q51,0,0.004
3,H19,3039,Q2F1,0,0.0008
3,H19,3039,Q51,1,0.0106
3,H19,3039,Q2F1,1,0.0028
3,H19,3039,Q51,2,0.0498
3,H19,3039,Q2F1,2,0.006
3,H20,3001,homogeneous,mean_error_corr,0.0158199605225154
3,H20,3001,heterogeneous,mean_error_corr,0.0019806939849215
3,H20,3003,homogeneous,mean_error_corr,0.0148464987412465
3,H20,3003,heterogeneous,mean_error_corr,-0.0014784212889233
3,H20,3005,homogeneous,mean_error_corr,0.0198847938778487
3,H20,3005,heterogeneous,mean_error_corr,0.0004938544262521
3,H20,3007,homogeneous,mean_error_corr,0.0196158771663418
3,H20,3007,heterogeneous,mean_error_corr,-9.45489910784162e-05
3,H20,3009,homogeneous,mean_error_corr,0.0261172612055005
3,H20,3009,heterogeneous,mean_error_corr,0.0004059291735885
3,H20,3011,homogeneous,mean_error_corr,0.0188190816370379
3,H20,3011,heterogeneous,mean_error_corr,0.0027445556677745
3,H20,3013,homogeneous,mean_error_corr,0.0178269450897606
3,H20,3013,heterogeneous,mean_error_corr,-0.0001822710099903
3,H20,3015,homogeneous,mean_error_corr,0.0169252558061459
3,H20,3015,heterogeneous,mean_error_corr,0.0010187753026
3,H20,3017,homogeneous,mean_error_corr,0.0197569435547153
3,H20,3017,heterogeneous,mean_error_corr,0.0020305168160655
3,H20,3019,homogeneous,mean_error_corr,0.0196795034510333
3,H20,3019,heterogeneous,mean_error_corr,0.0004724986642354
3,H20,3021,homogeneous,mean_error_corr,0.0202136278243829
3,H20,3021,heterogeneous,mean_error_corr,0.0033703390877306
3,H20,3023,homogeneous,mean_error_corr,0.0176288916676754
3,H20,3023,heterogeneous,mean_error_corr,0.0067009070769444
3,H20,3025,homogeneous,mean_error_corr,0.0125000312917377
3,H20,3025,heterogeneous,mean_error_corr,-0.0021786489102926
3,H20,3027,homogeneous,mean_error_corr,0.0223309585841898
3,H20,3027,heterogeneous,mean_error_corr,0.0006607771051168
3,H20,3029,homogeneous,mean_error_corr,0.0107196867069101
3,H20,3029,heterogeneous,mean_error_corr,-0.001206143686168
3,H20,3031,homogeneous,mean_error_corr,0.0175284658202087
3,H20,3031,heterogeneous,mean_error_corr,0.0013346954140583
3,H20,3033,homogeneous,mean_error_corr,0.019530763058087
3,H20,3033,heterogeneous,mean_error_corr,0.0026899405063777
3,H20,3035,homogeneous,mean_error_corr,0.0215663324433215
3,H20,3035,heterogeneous,mean_error_corr,0.000155067792844
3,H20,3037,homogeneous,mean_error_corr,0.0235331058538912
3,H20,3037,heterogeneous,mean_error_corr,-0.0024960918927531
3,H20,3039,homogeneous,mean_error_corr,0.0180457203843594
3,H20,3039,heterogeneous,mean_error_corr,0.0039660017879461
3,H18,3001,tps,0,2.0
3,H18,3001,p95_ms,0,13702.542269229887
3,H18,3001,tps,1,2.0
3,H18,3001,p95_ms,1,11538.712120056152
3,H18,3001,recovery_s,1,424.05492639541626
3,H18,3001,operator_restart_required,1,0.0
3,H18,3001,tps,2,2.0
3,H18,3001,p95_ms,2,17692.173647880554
3,H18,3001,recovery_s,2,78.14536786079407
3,H18,3001,operator_restart_required,2,0.0
3,H18,3001,tps,3,0.0
3,H18,3001,p95_ms,3,999999.0
3,H18,3001,recovery_s,3,271.99954319000244
3,H18,3001,operator_restart_required,3,1.0
3,H18,3003,tps,0,2.0
3,H18,3003,p95_ms,0,8476.60882472992
3,H18,3003,tps,1,2.0
3,H18,3003,p95_ms,1,7310.683465003967
3,H18,3003,recovery_s,1,42.92950820922852
3,H18,3003,operator_restart_required,1,0.0
3,H18,3003,tps,2,0.0
3,H18,3003,p95_ms,2,999999.0
3,H18,3003,recovery_s,2,56.43075442314148
3,H18,3003,operator_restart_required,2,0.0
3,H18,3003,tps,3,0.0
3,H18,3003,p95_ms,3,999999.0
3,H18,3003,recovery_s,3,225.99056315422047
3,H18,3003,operator_restart_required,3,1.0
3,H18,3005,tps,0,2.0
3,H18,3005,p95_ms,0,8096.47501707077
3,H18,3005,tps,1,2.0
3,H18,3005,p95_ms,1,9307.584583759308
3,H18,3005,recovery_s,1,29.575056076049805
3,H18,3005,operator_restart_required,1,0.0
3,H18,3005,tps,2,2.0
3,H18,3005,p95_ms,2,14577.421700954435
3,H18,3005,recovery_s,2,104.01420187950134
3,H18,3005,operator_restart_required,2,0.0
3,H18,3005,tps,3,0.0
3,H18,3005,p95_ms,3,999999.0
3,H18,3005,recovery_s,3,233.4542798995972
3,H18,3005,operator_restart_required,3,1.0
3,H18,3007,tps,0,2.0
3,H18,3007,p95_ms,0,12969.048643112184
3,H18,3007,tps,1,2.0
3,H18,3007,p95_ms,1,7614.869213104248
3,H18,3007,recovery_s,1,50.30496692657471
3,H18,3007,operator_restart_required,1,0.0
3,H18,3007,tps,2,2.0
3,H18,3007,p95_ms,2,4132.438886165619
3,H18,3007,recovery_s,2,130.08822011947632
3,H18,3007,operator_restart_required,2,0.0
3,H18,3007,tps,3,0.0
3,H18,3007,p95_ms,3,999999.0
3,H18,3007,recovery_s,3,273.12362837791443
3,H18,3007,operator_restart_required,3,1.0
3,H18,3009,tps,0,2.0
3,H18,3009,p95_ms,0,11801.03509426117
3,H18,3009,tps,1,2.0
3,H18,3009,p95_ms,1,8273.059606552124
3,H18,3009,recovery_s,1,107.11079978942873
3,H18,3009,operator_restart_required,1,0.0
3,H18,3009,tps,2,2.0
3,H18,3009,p95_ms,2,20019.026124477383
3,H18,3009,recovery_s,2,94.81113576889038
3,H18,3009,operator_restart_required,2,0.0
3,H18,3009,tps,3,0.0
3,H18,3009,p95_ms,3,999999.0
3,H18,3009,recovery_s,3,218.72663736343384
3,H18,3009,operator_restart_required,3,1.0
3,H18,3011,tps,0,2.0
3,H18,3011,p95_ms,0,9121.952509880066
3,H18,3011,tps,1,2.0
3,H18,3011,p95_ms,1,8436.193823814392
3,H18,3011,recovery_s,1,29.81252431869507
3,H18,3011,operator_restart_required,1,0.0
3,H18,3011,tps,2,2.0
3,H18,3011,p95_ms,2,5564.056158065796
3,H18,3011,recovery_s,2,112.03212094306946
3,H18,3011,operator_restart_required,2,0.0
3,H18,3011,tps,3,0.0
3,H18,3011,p95_ms,3,999999.0
3,H18,3011,recovery_s,3,352.57173109054565
3,H18,3011,operator_restart_required,3,1.0
3,H18,3013,tps,0,0.1
3,H18,3013,p95_ms,0,15958.424043655396
3,H18,3013,tps,1,2.0
3,H18,3013,p95_ms,1,27362.00468540192
3,H18,3013,recovery_s,1,113.65021014213562
3,H18,3013,operator_restart_required,1,0.0
3,H18,3013,tps,2,0.0
3,H18,3013,p95_ms,2,999999.0
3,H18,3013,recovery_s,2,584.9068789482117
3,H18,3013,operator_restart_required,2,1.0
3,H18,3013,tps,3,0.0
3,H18,3013,p95_ms,3,999999.0
3,H18,3013,recovery_s,3,421.4103753566742
3,H18,3013,operator_restart_required,3,1.0
3,H18,3015,tps,0,2.0
3,H18,3015,p95_ms,0,21691.96398258209
3,H18,3015,tps,1,2.0
3,H18,3015,p95_ms,1,16092.217636108397
3,H18,3015,recovery_s,1,171.42890453338623
3,H18,3015,operator_restart_required,1,0.0
3,H18,3015,tps,2,0.7666666666666667
3,H18,3015,p95_ms,2,12465.64416885376
3,H18,3015,recovery_s,2,66.8357629776001
3,H18,3015,operator_restart_required,2,0.0
3,H18,3015,tps,3,0.0
3,H18,3015,p95_ms,3,999999.0
3,H18,3015,recovery_s,3,372.8483374118805
3,H18,3015,operator_restart_required,3,1.0
3,H18,3017,tps,0,2.0
3,H18,3017,p95_ms,0,17106.835746765137
3,H18,3017,tps,1,2.0
3,H18,3017,p95_ms,1,17257.07609653473
3,H18,3017,recovery_s,1,66.96135234832764
3,H18,3017,operator_restart_required,1,0.0
3,H18,3017,tps,2,2.0
3,H18,3017,p95_ms,2,12679.608929157255
3,H18,3017,recovery_s,2,117.6877646446228
3,H18,3017,operator_restart_required,2,0.0
3,H18,3017,tps,3,0.0
3,H18,3017,p95_ms,3,999999.0
3,H18,3017,recovery_s,3,245.9693555831909
3,H18,3017,operator_restart_required,3,1.0
3,H18,3019,tps,0,2.0
3,H18,3019,p95_ms,0,14464.14281129837
3,H18,3019,tps,1,2.0
3,H18,3019,p95_ms,1,10935.183358192444
3,H18,3019,recovery_s,1,58.81902265548706
3,H18,3019,operator_restart_required,1,0.0
3,H18,3019,tps,2,2.0
3,H18,3019,p95_ms,2,17566.51166677475
3,H18,3019,recovery_s,2,49.49265885353088
3,H18,3019,operator_restart_required,2,0.0
3,H18,3019,tps,3,0.0
3,H18,3019,p95_ms,3,999999.0
3,H18,3019,recovery_s,3,385.2758693695069
3,H18,3019,operator_restart_required,3,1.0
3,H18,3021,tps,0,1.0333333333333334
3,H18,3021,p95_ms,0,29518.609881401066
3,H18,3021,tps,1,2.0
3,H18,3021,p95_ms,1,13090.834200382233
3,H18,3021,recovery_s,1,351.64477157592773
3,H18,3021,operator_restart_required,1,0.0
3,H18,3021,tps,2,0.0
3,H18,3021,p95_ms,2,999999.0
3,H18,3021,recovery_s,2,320.66849303245544
3,H18,3021,operator_restart_required,2,1.0
3,H18,3021,tps,3,0.0
3,H18,3021,p95_ms,3,999999.0
3,H18,3021,recovery_s,3,311.82659220695496
3,H18,3021,operator_restart_required,3,1.0
3,H18,3023,tps,0,2.0
3,H18,3023,p95_ms,0,13959.356677532196
3,H18,3023,tps,1,2.0
3,H18,3023,p95_ms,1,9453.385531902311
3,H18,3023,recovery_s,1,170.82213711738586
3,H18,3023,operator_restart_required,1,0.0
3,H18,3023,tps,2,2.0
3,H18,3023,p95_ms,2,8846.644234657288
3,H18,3023,recovery_s,2,143.6437849998474
3,H18,3023,operator_restart_required,2,0.0
3,H18,3023,tps,3,0.0
3,H18,3023,p95_ms,3,999999.0
3,H18,3023,recovery_s,3,407.6888380050659
3,H18,3023,operator_restart_required,3,1.0
3,H18,3025,tps,0,0.2
3,H18,3025,p95_ms,0,9117.693781852722
3,H18,3025,tps,1,2.0
3,H18,3025,p95_ms,1,8825.695312023163
3,H18,3025,recovery_s,1,155.45484590530396
3,H18,3025,operator_restart_required,1,0.0
3,H18,3025,tps,2,2.0
3,H18,3025,p95_ms,2,8550.901401042938
3,H18,3025,recovery_s,2,66.82548522949219
3,H18,3025,operator_restart_required,2,0.0
3,H18,3025,tps,3,0.0
3,H18,3025,p95_ms,3,999999.0
3,H18,3025,recovery_s,3,335.76543974876404
3,H18,3025,operator_restart_required,3,1.0
3,H18,3027,tps,0,2.0
3,H18,3027,p95_ms,0,14341.37922525406
3,H18,3027,tps,1,2.0
3,H18,3027,p95_ms,1,9987.726712226868
3,H18,3027,recovery_s,1,357.836562871933
3,H18,3027,operator_restart_required,1,0.0
3,H18,3027,tps,2,1.6666666666666667
3,H18,3027,p95_ms,2,9589.291286468506
3,H18,3027,recovery_s,2,176.58451509475708
3,H18,3027,operator_restart_required,2,0.0
3,H18,3027,tps,3,0.0
3,H18,3027,p95_ms,3,999999.0
3,H18,3027,recovery_s,3,279.8675706386566
3,H18,3027,operator_restart_required,3,1.0
3,H18,3029,tps,0,2.0
3,H18,3029,p95_ms,0,12511.23354434967
3,H18,3029,tps,1,2.0
3,H18,3029,p95_ms,1,6542.42354631424
3,H18,3029,recovery_s,1,198.3699741363525
3,H18,3029,operator_restart_required,1,0.0
3,H18,3029,tps,2,2.0
3,H18,3029,p95_ms,2,18848.91512393952
3,H18,3029,recovery_s,2,85.59199237823486
3,H18,3029,operator_restart_required,2,0.0
3,H18,3029,tps,3,0.0
3,H18,3029,p95_ms,3,999999.0
3,H18,3029,recovery_s,3,239.46124911308289
3,H18,3029,operator_restart_required,3,1.0
3,H18,3031,tps,0,2.0
3,H18,3031,p95_ms,0,23918.6767578125
3,H18,3031,tps,1,2.0
3,H18,3031,p95_ms,1,11437.218463420868
3,H18,3031,recovery_s,1,75.61168265342712
3,H18,3031,operator_restart_required,1,0.0
3,H18,3031,tps,2,0.0
3,H18,3031,p95_ms,2,999999.0
3,H18,3031,recovery_s,2,209.30427718162537
3,H18,3031,operator_restart_required,2,1.0
3,H18,3031,tps,3,0.0
3,H18,3031,p95_ms,3,999999.0
3,H18,3031,recovery_s,3,97.8683145046234
3,H18,3031,operator_restart_required,3,1.0
3,H18,3033,tps,0,2.0
3,H18,3033,p95_ms,0,5229.178059101105
3,H18,3033,tps,1,2.0
3,H18,3033,p95_ms,1,14611.575102806091
3,H18,3033,recovery_s,1,93.64541816711426
3,H18,3033,operator_restart_required,1,0.0
3,H18,3033,tps,2,1.7666666666666666
3,H18,3033,p95_ms,2,10434.2369556427
3,H18,3033,recovery_s,2,130.20665550231934
3,H18,3033,operator_restart_required,2,0.0
3,H18,3033,tps,3,0.0
3,H18,3033,p95_ms,3,999999.0
3,H18,3033,recovery_s,3,78.94018173217773
3,H18,3033,operator_restart_required,3,1.0
3,H18,3035,tps,0,2.0
3,H18,3035,p95_ms,0,8182.835531234741
3,H18,3035,tps,1,2.0
3,H18,3035,p95_ms,1,21847.553861141205
3,H18,3035,recovery_s,1,124.52435994148254
3,H18,3035,operator_restart_required,1,0.0
3,H18,3035,tps,2,1.9
3,H18,3035,p95_ms,2,9159.583187103271
3,H18,3035,recovery_s,2,54.3091938495636
3,H18,3035,operator_restart_required,2,0.0
3,H18,3035,tps,3,0.0
3,H18,3035,p95_ms,3,999999.0
3,H18,3035,recovery_s,3,86.75328397750854
3,H18,3035,operator_restart_required,3,1.0
3,H18,3037,tps,0,2.0
3,H18,3037,p95_ms,0,6030.897831916809
3,H18,3037,tps,1,2.0
3,H18,3037,p95_ms,1,11622.976112365724
3,H18,3037,recovery_s,1,69.65000629425049
3,H18,3037,operator_restart_required,1,0.0
3,H18,3037,tps,2,2.0
3,H18,3037,p95_ms,2,4347.098469734191
3,H18,3037,recovery_s,2,48.29899740219116
3,H18,3037,operator_restart_required,2,0.0
3,H18,3037,tps,3,0.0
3,H18,3037,p95_ms,3,999999.0
3,H18,3037,recovery_s,3,167.7686927318573
3,H18,3037,operator_restart_required,3,1.0
3,H18,3039,tps,0,2.0
3,H18,3039,p95_ms,0,17679.876148700714
3,H18,3039,tps,1,2.0
3,H18,3039,p95_ms,1,8205.553591251373
3,H18,3039,recovery_s,1,36.54279398918152
3,H18,3039,operator_restart_required,1,0.0
3,H18,3039,tps,2,2.0
3,H18,3039,p95_ms,2,20585.999977588654
3,H18,3039,recovery_s,2,119.73616099357604
3,H18,3039,operator_restart_required,2,0.0
3,H18,3039,tps,3,0.0
3,H18,3039,p95_ms,3,999999.0
3,H18,3039,recovery_s,3,125.66254591941832
3,H18,3039,operator_restart_required,3,1.0
3,H22,3000,5|2_block_advance,5,2.0
3,H22,3000,5|2_recovery_s,5,54.77302956581116
3,H22,3000,5|2_operator_restart_required,5,0.0
3,H22,3000,conflict,5,0.0
3,H22,3000,5|2_block_advance,15,3.0
3,H22,3000,5|2_recovery_s,15,23.01015520095825
3,H22,3000,5|2_operator_restart_required,15,0.0
3,H22,3000,conflict,15,0.0
3,H22,3000,5|2_block_advance,30,8.0
3,H22,3000,5|2_recovery_s,30,30.7456123828888
3,H22,3000,5|2_operator_restart_required,30,0.0
3,H22,3000,conflict,30,0.0
3,H22,3000,5|2_block_advance,60,15.0
3,H22,3000,5|2_recovery_s,60,28.161776065826416
3,H22,3000,5|2_operator_restart_required,60,0.0
3,H22,3000,conflict,60,0.0
3,H22,3000,4|3_block_advance,5,1.0
3,H22,3000,4|3_recovery_s,5,64.88846564292908
3,H22,3000,4|3_operator_restart_required,5,1.0
3,H22,3000,conflict,5,0.0
3,H22,3000,4|3_block_advance,15,2.0
3,H22,3000,4|3_recovery_s,15,64.19373321533203
3,H22,3000,4|3_operator_restart_required,15,1.0
3,H22,3000,conflict,15,0.0
3,H22,3000,4|3_block_advance,30,1.0
3,H22,3000,4|3_recovery_s,30,60.76740384101868
3,H22,3000,4|3_operator_restart_required,30,1.0
3,H22,3000,conflict,30,0.0
3,H22,3000,4|3_block_advance,60,1.0
3,H22,3000,4|3_recovery_s,60,63.344115257263184
3,H22,3000,4|3_operator_restart_required,60,1.0
3,H22,3000,conflict,60,0.0
3,H22,3001,5|2_block_advance,5,2.0
3,H22,3001,5|2_recovery_s,5,21.23467206954956
3,H22,3001,5|2_operator_restart_required,5,0.0
3,H22,3001,conflict,5,0.0
3,H22,3001,5|2_block_advance,15,3.0
3,H22,3001,5|2_recovery_s,15,21.21973443031311
3,H22,3001,5|2_operator_restart_required,15,0.0
3,H22,3001,conflict,15,0.0
3,H22,3001,5|2_block_advance,30,8.0
3,H22,3001,5|2_recovery_s,30,19.67913317680359
3,H22,3001,5|2_operator_restart_required,30,0.0
3,H22,3001,conflict,30,0.0
3,H22,3001,5|2_block_advance,60,15.0
3,H22,3001,5|2_recovery_s,60,57.04378414154053
3,H22,3001,5|2_operator_restart_required,60,0.0
3,H22,3001,conflict,60,0.0
3,H22,3001,4|3_block_advance,5,0.0
3,H22,3001,4|3_recovery_s,5,85.49657082557678
3,H22,3001,4|3_operator_restart_required,5,1.0
3,H22,3001,conflict,5,0.0
3,H22,3001,4|3_block_advance,15,2.0
3,H22,3001,4|3_recovery_s,15,61.52895998954773
3,H22,3001,4|3_operator_restart_required,15,1.0
3,H22,3001,conflict,15,0.0
3,H22,3001,4|3_block_advance,30,1.0
3,H22,3001,4|3_recovery_s,30,84.37813544273376
3,H22,3001,4|3_operator_restart_required,30,1.0
3,H22,3001,conflict,30,0.0
3,H22,3001,4|3_block_advance,60,4.0
3,H22,3001,4|3_recovery_s,60,83.323477268219
3,H22,3001,4|3_operator_restart_required,60,1.0
3,H22,3001,conflict,60,0.0
3,H22,3002,5|2_block_advance,5,3.0
3,H22,3002,5|2_recovery_s,5,30.29176521301269
3,H22,3002,5|2_operator_restart_required,5,0.0
3,H22,3002,conflict,5,0.0
3,H22,3002,5|2_block_advance,15,5.0
3,H22,3002,5|2_recovery_s,15,29.610453128814697
3,H22,3002,5|2_operator_restart_required,15,0.0
3,H22,3002,conflict,15,0.0
3,H22,3002,5|2_block_advance,30,7.0
3,H22,3002,5|2_recovery_s,30,29.93804407119751
3,H22,3002,5|2_operator_restart_required,30,0.0
3,H22,3002,conflict,30,0.0
3,H22,3002,5|2_block_advance,60,15.0
3,H22,3002,5|2_recovery_s,60,58.47496938705444
3,H22,3002,5|2_operator_restart_required,60,0.0
3,H22,3002,conflict,60,0.0
3,H22,3002,4|3_block_advance,5,5.0
3,H22,3002,4|3_recovery_s,5,80.87460207939148
3,H22,3002,4|3_operator_restart_required,5,1.0
3,H22,3002,conflict,5,0.0
3,H22,3002,4|3_block_advance,15,3.0
3,H22,3002,4|3_recovery_s,15,56.89662909507752
3,H22,3002,4|3_operator_restart_required,15,1.0
3,H22,3002,conflict,15,0.0
3,H22,3002,4|3_block_advance,30,3.0
3,H22,3002,4|3_recovery_s,30,58.50111413002014
3,H22,3002,4|3_operator_restart_required,30,1.0
3,H22,3002,conflict,30,0.0
3,H22,3002,4|3_block_advance,60,2.0
3,H22,3002,4|3_recovery_s,60,61.15099573135376
3,H22,3002,4|3_operator_restart_required,60,1.0
3,H22,3002,conflict,60,0.0
3,H22,3003,5|2_block_advance,5,3.0
3,H22,3003,5|2_recovery_s,5,34.29923939704895
3,H22,3003,5|2_operator_restart_required,5,0.0
3,H22,3003,conflict,5,0.0
3,H22,3003,5|2_block_advance,15,6.0
3,H22,3003,5|2_recovery_s,15,53.90603709220886
3,H22,3003,5|2_operator_restart_required,15,0.0
3,H22,3003,conflict,15,0.0
3,H22,3003,5|2_block_advance,30,9.0
3,H22,3003,5|2_recovery_s,30,16.85028076171875
3,H22,3003,5|2_operator_restart_required,30,0.0
3,H22,3003,conflict,30,0.0
3,H22,3003,5|2_block_advance,60,14.0
3,H22,3003,5|2_recovery_s,60,27.21735119819641
3,H22,3003,5|2_operator_restart_required,60,0.0
3,H22,3003,conflict,60,0.0
3,H22,3003,4|3_block_advance,5,1.0
3,H22,3003,4|3_recovery_s,5,68.19419360160828
3,H22,3003,4|3_operator_restart_required,5,1.0
3,H22,3003,conflict,5,0.0
3,H22,3003,4|3_block_advance,15,2.0
3,H22,3003,4|3_recovery_s,15,71.70753598213196
3,H22,3003,4|3_operator_restart_required,15,1.0
3,H22,3003,conflict,15,0.0
3,H22,3003,4|3_block_advance,30,1.0
3,H22,3003,4|3_recovery_s,30,56.04692769050598
3,H22,3003,4|3_operator_restart_required,30,1.0
3,H22,3003,conflict,30,0.0
3,H22,3003,4|3_block_advance,60,1.0
3,H22,3003,4|3_recovery_s,60,70.30390810966492
3,H22,3003,4|3_operator_restart_required,60,1.0
3,H22,3003,conflict,60,0.0
3,H22,3004,5|2_block_advance,5,1.0
3,H22,3004,5|2_recovery_s,5,23.13595175743103
3,H22,3004,5|2_operator_restart_required,5,0.0
3,H22,3004,conflict,5,0.0
3,H22,3004,5|2_block_advance,15,6.0
3,H22,3004,5|2_recovery_s,15,17.672853469848633
3,H22,3004,5|2_operator_restart_required,15,0.0
3,H22,3004,conflict,15,0.0
3,H22,3004,5|2_block_advance,30,6.0
3,H22,3004,5|2_recovery_s,30,28.93468713760376
3,H22,3004,5|2_operator_restart_required,30,0.0
3,H22,3004,conflict,30,0.0
3,H22,3004,5|2_block_advance,60,15.0
3,H22,3004,5|2_recovery_s,60,29.61094284057617
3,H22,3004,5|2_operator_restart_required,60,0.0
3,H22,3004,conflict,60,0.0
3,H22,3004,4|3_block_advance,5,2.0
3,H22,3004,4|3_recovery_s,5,77.6371819972992
3,H22,3004,4|3_operator_restart_required,5,1.0
3,H22,3004,conflict,5,0.0
3,H22,3004,4|3_block_advance,15,1.0
3,H22,3004,4|3_recovery_s,15,62.75350499153137
3,H22,3004,4|3_operator_restart_required,15,1.0
3,H22,3004,conflict,15,0.0
3,H22,3004,4|3_block_advance,30,2.0
3,H22,3004,4|3_recovery_s,30,58.730801820755005
3,H22,3004,4|3_operator_restart_required,30,1.0
3,H22,3004,conflict,30,0.0
3,H22,3004,4|3_block_advance,60,1.0
3,H22,3004,4|3_recovery_s,60,84.64304614067078
3,H22,3004,4|3_operator_restart_required,60,1.0
3,H22,3004,conflict,60,0.0
3,H22,3005,5|2_block_advance,5,1.0
3,H22,3005,5|2_recovery_s,5,16.872734546661377
3,H22,3005,5|2_operator_restart_required,5,0.0
3,H22,3005,conflict,5,0.0
3,H22,3005,5|2_block_advance,15,2.0
3,H22,3005,5|2_recovery_s,15,24.446797132492065
3,H22,3005,5|2_operator_restart_required,15,0.0
3,H22,3005,conflict,15,0.0
3,H22,3005,5|2_block_advance,30,8.0
3,H22,3005,5|2_recovery_s,30,20.54405927658081
3,H22,3005,5|2_operator_restart_required,30,0.0
3,H22,3005,conflict,30,0.0
3,H22,3005,5|2_block_advance,60,15.0
3,H22,3005,5|2_recovery_s,60,25.25588583946228
3,H22,3005,5|2_operator_restart_required,60,0.0
3,H22,3005,conflict,60,0.0
3,H22,3005,4|3_block_advance,5,2.0
3,H22,3005,4|3_recovery_s,5,100.31100177764893
3,H22,3005,4|3_operator_restart_required,5,1.0
3,H22,3005,conflict,5,0.0
3,H22,3005,4|3_block_advance,15,2.0
3,H22,3005,4|3_recovery_s,15,66.2061665058136
3,H22,3005,4|3_operator_restart_required,15,1.0
3,H22,3005,conflict,15,0.0
3,H22,3005,4|3_block_advance,30,2.0
3,H22,3005,4|3_recovery_s,30,62.77356028556824
3,H22,3005,4|3_operator_restart_required,30,1.0
3,H22,3005,conflict,30,0.0
3,H22,3005,4|3_block_advance,60,1.0
3,H22,3005,4|3_recovery_s,60,59.2751100063324
3,H22,3005,4|3_operator_restart_required,60,1.0
3,H22,3005,conflict,60,0.0
3,H22,3006,5|2_block_advance,5,1.0
3,H22,3006,5|2_recovery_s,5,24.36824131011963
3,H22,3006,5|2_operator_restart_required,5,0.0
3,H22,3006,conflict,5,0.0
3,H22,3006,5|2_block_advance,15,4.0
3,H22,3006,5|2_recovery_s,15,25.28849577903748
3,H22,3006,5|2_operator_restart_required,15,0.0
3,H22,3006,conflict,15,0.0
3,H22,3006,5|2_block_advance,30,8.0
3,H22,3006,5|2_recovery_s,30,20.2947940826416
3,H22,3006,5|2_operator_restart_required,30,0.0
3,H22,3006,conflict,30,0.0
3,H22,3006,5|2_block_advance,60,15.0
3,H22,3006,5|2_recovery_s,60,28.764966011047363
3,H22,3006,5|2_operator_restart_required,60,0.0
3,H22,3006,conflict,60,0.0
3,H22,3006,4|3_block_advance,5,2.0
3,H22,3006,4|3_recovery_s,5,80.86717629432678
3,H22,3006,4|3_operator_restart_required,5,1.0
3,H22,3006,conflict,5,0.0
3,H22,3006,4|3_block_advance,15,1.0
3,H22,3006,4|3_recovery_s,15,65.48557758331299
3,H22,3006,4|3_operator_restart_required,15,1.0
3,H22,3006,conflict,15,0.0
3,H22,3006,4|3_block_advance,30,2.0
3,H22,3006,4|3_recovery_s,30,85.77874207496643
3,H22,3006,4|3_operator_restart_required,30,1.0
3,H22,3006,conflict,30,0.0
3,H22,3006,4|3_block_advance,60,4.0
3,H22,3006,4|3_recovery_s,60,81.49584913253784
3,H22,3006,4|3_operator_restart_required,60,1.0
3,H22,3006,conflict,60,0.0
3,H22,3007,5|2_block_advance,5,1.0
3,H22,3007,5|2_recovery_s,5,22.828598022460938
3,H22,3007,5|2_operator_restart_required,5,0.0
3,H22,3007,conflict,5,0.0
3,H22,3007,5|2_block_advance,15,4.0
3,H22,3007,5|2_recovery_s,15,26.845824480056763
3,H22,3007,5|2_operator_restart_required,15,0.0
3,H22,3007,conflict,15,0.0
3,H22,3007,5|2_block_advance,30,9.0
3,H22,3007,5|2_recovery_s,30,20.62742757797241
3,H22,3007,5|2_operator_restart_required,30,0.0
3,H22,3007,conflict,30,0.0
3,H22,3007,5|2_block_advance,60,14.0
3,H22,3007,5|2_recovery_s,60,44.397050619125366
3,H22,3007,5|2_operator_restart_required,60,0.0
3,H22,3007,conflict,60,0.0
3,H22,3007,4|3_block_advance,5,5.0
3,H22,3007,4|3_recovery_s,5,110.17720341682434
3,H22,3007,4|3_operator_restart_required,5,1.0
3,H22,3007,conflict,5,0.0
3,H22,3007,4|3_block_advance,15,4.0
3,H22,3007,4|3_recovery_s,15,75.14179396629333
3,H22,3007,4|3_operator_restart_required,15,1.0
3,H22,3007,conflict,15,0.0
3,H22,3007,4|3_block_advance,30,5.0
3,H22,3007,4|3_recovery_s,30,65.73621559143066
3,H22,3007,4|3_operator_restart_required,30,1.0
3,H22,3007,conflict,30,0.0
3,H22,3007,4|3_block_advance,60,2.0
3,H22,3007,4|3_recovery_s,60,82.96929860115051
3,H22,3007,4|3_operator_restart_required,60,1.0
3,H22,3007,conflict,60,0.0
3,H22,3008,5|2_block_advance,5,4.0
3,H22,3008,5|2_recovery_s,5,25.00925660133361
3,H22,3008,5|2_operator_restart_required,5,0.0
3,H22,3008,conflict,5,0.0
3,H22,3008,5|2_block_advance,15,4.0
3,H22,3008,5|2_recovery_s,15,25.98230600357056
3,H22,3008,5|2_operator_restart_required,15,0.0
3,H22,3008,conflict,15,0.0
3,H22,3008,5|2_block_advance,30,8.0
3,H22,3008,5|2_recovery_s,30,31.19289970397949
3,H22,3008,5|2_operator_restart_required,30,0.0
3,H22,3008,conflict,30,0.0
3,H22,3008,5|2_block_advance,60,17.0
3,H22,3008,5|2_recovery_s,60,34.05628681182861
3,H22,3008,5|2_operator_restart_required,60,0.0
3,H22,3008,conflict,60,0.0
3,H22,3008,4|3_block_advance,5,5.0
3,H22,3008,4|3_recovery_s,5,86.0931122303009
3,H22,3008,4|3_operator_restart_required,5,1.0
3,H22,3008,conflict,5,0.0
3,H22,3008,4|3_block_advance,15,3.0
3,H22,3008,4|3_recovery_s,15,93.63238859176636
3,H22,3008,4|3_operator_restart_required,15,1.0
3,H22,3008,conflict,15,0.0
3,H22,3008,4|3_block_advance,30,4.0
3,H22,3008,4|3_recovery_s,30,80.02711701393127
3,H22,3008,4|3_operator_restart_required,30,1.0
3,H22,3008,conflict,30,0.0
3,H22,3008,4|3_block_advance,60,2.0
3,H22,3008,4|3_recovery_s,60,103.90534210205078
3,H22,3008,4|3_operator_restart_required,60,1.0
3,H22,3008,conflict,60,0.0
3,H22,3009,5|2_block_advance,5,4.0
3,H22,3009,5|2_recovery_s,5,46.5324273109436
3,H22,3009,5|2_operator_restart_required,5,0.0
3,H22,3009,conflict,5,0.0
3,H22,3009,5|2_block_advance,15,4.0
3,H22,3009,5|2_recovery_s,15,28.03156471252441
3,H22,3009,5|2_operator_restart_required,15,0.0
3,H22,3009,conflict,15,0.0
3,H22,3009,5|2_block_advance,30,10.0
3,H22,3009,5|2_recovery_s,30,22.049108743667603
3,H22,3009,5|2_operator_restart_required,30,0.0
3,H22,3009,conflict,30,0.0
3,H22,3009,5|2_block_advance,60,16.0
3,H22,3009,5|2_recovery_s,60,18.64503192901612
3,H22,3009,5|2_operator_restart_required,60,0.0
3,H22,3009,conflict,60,0.0
3,H22,3009,4|3_block_advance,5,4.0
3,H22,3009,4|3_recovery_s,5,74.4521095752716
3,H22,3009,4|3_operator_restart_required,5,1.0
3,H22,3009,conflict,5,0.0
3,H22,3009,4|3_block_advance,15,2.0
3,H22,3009,4|3_recovery_s,15,60.52244281768799
3,H22,3009,4|3_operator_restart_required,15,1.0
3,H22,3009,conflict,15,0.0
3,H22,3009,4|3_block_advance,30,1.0
3,H22,3009,4|3_recovery_s,30,70.1463451385498
3,H22,3009,4|3_operator_restart_required,30,1.0
3,H22,3009,conflict,30,0.0
3,H22,3009,4|3_block_advance,60,0.0
3,H22,3009,4|3_recovery_s,60,79.24826717376709
3,H22,3009,4|3_operator_restart_required,60,1.0
3,H22,3009,conflict,60,0.0
3,H22,3010,5|2_block_advance,5,4.0
3,H22,3010,5|2_recovery_s,5,28.8334436416626
3,H22,3010,5|2_operator_restart_required,5,0.0
3,H22,3010,conflict,5,0.0
3,H22,3010,5|2_block_advance,15,5.0
3,H22,3010,5|2_recovery_s,15,24.037904739379883
3,H22,3010,5|2_operator_restart_required,15,0.0
3,H22,3010,conflict,15,0.0
3,H22,3010,5|2_block_advance,30,7.0
3,H22,3010,5|2_recovery_s,30,29.596893072128296
3,H22,3010,5|2_operator_restart_required,30,0.0
3,H22,3010,conflict,30,0.0
3,H22,3010,5|2_block_advance,60,16.0
3,H22,3010,5|2_recovery_s,60,34.33254885673523
3,H22,3010,5|2_operator_restart_required,60,0.0
3,H22,3010,conflict,60,0.0
3,H22,3010,4|3_block_advance,5,2.0
3,H22,3010,4|3_recovery_s,5,75.03616189956665
3,H22,3010,4|3_operator_restart_required,5,1.0
3,H22,3010,conflict,5,0.0
3,H22,3010,4|3_block_advance,15,2.0
3,H22,3010,4|3_recovery_s,15,85.1981475353241
3,H22,3010,4|3_operator_restart_required,15,1.0
3,H22,3010,conflict,15,0.0
3,H22,3010,4|3_block_advance,30,3.0
3,H22,3010,4|3_recovery_s,30,76.5274658203125
3,H22,3010,4|3_operator_restart_required,30,1.0
3,H22,3010,conflict,30,0.0
3,H22,3010,4|3_block_advance,60,2.0
3,H22,3010,4|3_recovery_s,60,91.44042563438416
3,H22,3010,4|3_operator_restart_required,60,1.0
3,H22,3010,conflict,60,0.0
3,H22,3011,5|2_block_advance,5,4.0
3,H22,3011,5|2_recovery_s,5,58.34088468551636
3,H22,3011,5|2_operator_restart_required,5,0.0
3,H22,3011,conflict,5,0.0
3,H22,3011,5|2_block_advance,15,3.0
3,H22,3011,5|2_recovery_s,15,36.65742564201355
3,H22,3011,5|2_operator_restart_required,15,0.0
3,H22,3011,conflict,15,0.0
3,H22,3011,5|2_block_advance,30,11.0
3,H22,3011,5|2_recovery_s,30,63.7955424785614
3,H22,3011,5|2_operator_restart_required,30,0.0
3,H22,3011,conflict,30,0.0
3,H22,3011,5|2_block_advance,60,16.0
3,H22,3011,5|2_recovery_s,60,23.504857063293457
3,H22,3011,5|2_operator_restart_required,60,0.0
3,H22,3011,conflict,60,0.0
3,H22,3011,4|3_block_advance,5,2.0
3,H22,3011,4|3_recovery_s,5,73.53536057472229
3,H22,3011,4|3_operator_restart_required,5,1.0
3,H22,3011,conflict,5,0.0
3,H22,3011,4|3_block_advance,15,2.0
3,H22,3011,4|3_recovery_s,15,72.29254460334778
3,H22,3011,4|3_operator_restart_required,15,1.0
3,H22,3011,conflict,15,0.0
3,H22,3011,4|3_block_advance,30,2.0
3,H22,3011,4|3_recovery_s,30,84.61989688873291
3,H22,3011,4|3_operator_restart_required,30,1.0
3,H22,3011,conflict,30,0.0
3,H22,3011,4|3_block_advance,60,2.0
3,H22,3011,4|3_recovery_s,60,69.88897705078125
3,H22,3011,4|3_operator_restart_required,60,1.0
3,H22,3011,conflict,60,0.0
3,H22,3012,5|2_block_advance,5,2.0
3,H22,3012,5|2_recovery_s,5,35.65453839302063
3,H22,3012,5|2_operator_restart_required,5,0.0
3,H22,3012,conflict,5,0.0
3,H22,3012,5|2_block_advance,15,7.0
3,H22,3012,5|2_recovery_s,15,35.141000747680664
3,H22,3012,5|2_operator_restart_required,15,0.0
3,H22,3012,conflict,15,0.0
3,H22,3012,5|2_block_advance,30,7.0
3,H22,3012,5|2_recovery_s,30,73.72045707702637
3,H22,3012,5|2_operator_restart_required,30,0.0
3,H22,3012,conflict,30,0.0
3,H22,3012,5|2_block_advance,60,15.0
3,H22,3012,5|2_recovery_s,60,69.12235069274902
3,H22,3012,5|2_operator_restart_required,60,0.0
3,H22,3012,conflict,60,0.0
3,H22,3012,4|3_block_advance,5,3.0
3,H22,3012,4|3_recovery_s,5,87.55255365371704
3,H22,3012,4|3_operator_restart_required,5,1.0
3,H22,3012,conflict,5,0.0
3,H22,3012,4|3_block_advance,15,0.0
3,H22,3012,4|3_recovery_s,15,68.66206288337708
3,H22,3012,4|3_operator_restart_required,15,1.0
3,H22,3012,conflict,15,0.0
3,H22,3012,4|3_block_advance,30,2.0
3,H22,3012,4|3_recovery_s,30,67.90866494178772
3,H22,3012,4|3_operator_restart_required,30,1.0
3,H22,3012,conflict,30,0.0
3,H22,3012,4|3_block_advance,60,5.0
3,H22,3012,4|3_recovery_s,60,58.05266261100769
3,H22,3012,4|3_operator_restart_required,60,1.0
3,H22,3012,conflict,60,0.0
3,H22,3013,5|2_block_advance,5,4.0
3,H22,3013,5|2_recovery_s,5,22.461123943328857
3,H22,3013,5|2_operator_restart_required,5,0.0
3,H22,3013,conflict,5,0.0
3,H22,3013,5|2_block_advance,15,3.0
3,H22,3013,5|2_recovery_s,15,21.7770311832428
3,H22,3013,5|2_operator_restart_required,15,0.0
3,H22,3013,conflict,15,0.0
3,H22,3013,5|2_block_advance,30,10.0
3,H22,3013,5|2_recovery_s,30,15.610162734985352
3,H22,3013,5|2_operator_restart_required,30,0.0
3,H22,3013,conflict,30,0.0
3,H22,3013,5|2_block_advance,60,18.0
3,H22,3013,5|2_recovery_s,60,57.72027087211609
3,H22,3013,5|2_operator_restart_required,60,0.0
3,H22,3013,conflict,60,0.0
3,H22,3013,4|3_block_advance,5,2.0
3,H22,3013,4|3_recovery_s,5,69.7073712348938
3,H22,3013,4|3_operator_restart_required,5,1.0
3,H22,3013,conflict,5,0.0
3,H22,3013,4|3_block_advance,15,2.0
3,H22,3013,4|3_recovery_s,15,63.34140396118164
3,H22,3013,4|3_operator_restart_required,15,1.0
3,H22,3013,conflict,15,0.0
3,H22,3013,4|3_block_advance,30,2.0
3,H22,3013,4|3_recovery_s,30,60.67520570755005
3,H22,3013,4|3_operator_restart_required,30,1.0
3,H22,3013,conflict,30,0.0
3,H22,3013,4|3_block_advance,60,2.0
3,H22,3013,4|3_recovery_s,60,60.54809761047363
3,H22,3013,4|3_operator_restart_required,60,1.0
3,H22,3013,conflict,60,0.0
3,H22,3014,5|2_block_advance,5,2.0
3,H22,3014,5|2_recovery_s,5,22.740100860595703
3,H22,3014,5|2_operator_restart_required,5,0.0
3,H22,3014,conflict,5,0.0
3,H22,3014,5|2_block_advance,15,6.0
3,H22,3014,5|2_recovery_s,15,17.2175714969635
3,H22,3014,5|2_operator_restart_required,15,0.0
3,H22,3014,conflict,15,0.0
3,H22,3014,5|2_block_advance,30,8.0
3,H22,3014,5|2_recovery_s,30,20.72611141204834
3,H22,3014,5|2_operator_restart_required,30,0.0
3,H22,3014,conflict,30,0.0
3,H22,3014,5|2_block_advance,60,15.0
3,H22,3014,5|2_recovery_s,60,16.151460886001587
3,H22,3014,5|2_operator_restart_required,60,0.0
3,H22,3014,conflict,60,0.0
3,H22,3014,4|3_block_advance,5,1.0
3,H22,3014,4|3_recovery_s,5,61.79268741607666
3,H22,3014,4|3_operator_restart_required,5,1.0
3,H22,3014,conflict,5,0.0
3,H22,3014,4|3_block_advance,15,2.0
3,H22,3014,4|3_recovery_s,15,56.84933066368103
3,H22,3014,4|3_operator_restart_required,15,1.0
3,H22,3014,conflict,15,0.0
3,H22,3014,4|3_block_advance,30,2.0
3,H22,3014,4|3_recovery_s,30,63.039289474487305
3,H22,3014,4|3_operator_restart_required,30,1.0
3,H22,3014,conflict,30,0.0
3,H22,3014,4|3_block_advance,60,2.0
3,H22,3014,4|3_recovery_s,60,56.20635080337525
3,H22,3014,4|3_operator_restart_required,60,1.0
3,H22,3014,conflict,60,0.0
3,H22,3015,5|2_block_advance,5,1.0
3,H22,3015,5|2_recovery_s,5,22.024925708770752
3,H22,3015,5|2_operator_restart_required,5,0.0
3,H22,3015,conflict,5,0.0
3,H22,3015,5|2_block_advance,15,4.0
3,H22,3015,5|2_recovery_s,15,22.17813014984131
3,H22,3015,5|2_operator_restart_required,15,0.0
3,H22,3015,conflict,15,0.0
3,H22,3015,5|2_block_advance,30,8.0
3,H22,3015,5|2_recovery_s,30,20.112390279769897
3,H22,3015,5|2_operator_restart_required,30,0.0
3,H22,3015,conflict,30,0.0
3,H22,3015,5|2_block_advance,60,15.0
3,H22,3015,5|2_recovery_s,60,15.900558948516846
3,H22,3015,5|2_operator_restart_required,60,0.0
3,H22,3015,conflict,60,0.0
3,H22,3015,4|3_block_advance,5,1.0
3,H22,3015,4|3_recovery_s,5,58.59312033653259
3,H22,3015,4|3_operator_restart_required,5,1.0
3,H22,3015,conflict,5,0.0
3,H22,3015,4|3_block_advance,15,1.0
3,H22,3015,4|3_recovery_s,15,64.59953737258911
3,H22,3015,4|3_operator_restart_required,15,1.0
3,H22,3015,conflict,15,0.0
3,H22,3015,4|3_block_advance,30,0.0
3,H22,3015,4|3_recovery_s,30,56.631773233413696
3,H22,3015,4|3_operator_restart_required,30,1.0
3,H22,3015,conflict,30,0.0
3,H22,3015,4|3_block_advance,60,2.0
3,H22,3015,4|3_recovery_s,60,86.25956749916077
3,H22,3015,4|3_operator_restart_required,60,1.0
3,H22,3015,conflict,60,0.0
3,H22,3016,5|2_block_advance,5,4.0
3,H22,3016,5|2_recovery_s,5,18.34222102165222
3,H22,3016,5|2_operator_restart_required,5,0.0
3,H22,3016,conflict,5,0.0
3,H22,3016,5|2_block_advance,15,4.0
3,H22,3016,5|2_recovery_s,15,27.46893215179444
3,H22,3016,5|2_operator_restart_required,15,0.0
3,H22,3016,conflict,15,0.0
3,H22,3016,5|2_block_advance,30,8.0
3,H22,3016,5|2_recovery_s,30,19.96503639221192
3,H22,3016,5|2_operator_restart_required,30,0.0
3,H22,3016,conflict,30,0.0
3,H22,3016,5|2_block_advance,60,16.0
3,H22,3016,5|2_recovery_s,60,14.37822651863098
3,H22,3016,5|2_operator_restart_required,60,0.0
3,H22,3016,conflict,60,0.0
3,H22,3016,4|3_block_advance,5,1.0
3,H22,3016,4|3_recovery_s,5,60.720234394073486
3,H22,3016,4|3_operator_restart_required,5,1.0
3,H22,3016,conflict,5,0.0
3,H22,3016,4|3_block_advance,15,1.0
3,H22,3016,4|3_recovery_s,15,61.70592403411865
3,H22,3016,4|3_operator_restart_required,15,1.0
3,H22,3016,conflict,15,0.0
3,H22,3016,4|3_block_advance,30,3.0
3,H22,3016,4|3_recovery_s,30,73.17139792442322
3,H22,3016,4|3_operator_restart_required,30,1.0
3,H22,3016,conflict,30,0.0
3,H22,3016,4|3_block_advance,60,0.0
3,H22,3016,4|3_recovery_s,60,87.57152771949768
3,H22,3016,4|3_operator_restart_required,60,1.0
3,H22,3016,conflict,60,0.0
3,H22,3017,5|2_block_advance,5,1.0
3,H22,3017,5|2_recovery_s,5,22.46657943725586
3,H22,3017,5|2_operator_restart_required,5,0.0
3,H22,3017,conflict,5,0.0
3,H22,3017,5|2_block_advance,15,5.0
3,H22,3017,5|2_recovery_s,15,15.698680877685549
3,H22,3017,5|2_operator_restart_required,15,0.0
3,H22,3017,conflict,15,0.0
3,H22,3017,5|2_block_advance,30,5.0
3,H22,3017,5|2_recovery_s,30,19.14037394523621
3,H22,3017,5|2_operator_restart_required,30,0.0
3,H22,3017,conflict,30,0.0
3,H22,3017,5|2_block_advance,60,13.0
3,H22,3017,5|2_recovery_s,60,22.21536016464233
3,H22,3017,5|2_operator_restart_required,60,0.0
3,H22,3017,conflict,60,0.0
3,H22,3017,4|3_block_advance,5,1.0
3,H22,3017,4|3_recovery_s,5,64.02532720565796
3,H22,3017,4|3_operator_restart_required,5,1.0
3,H22,3017,conflict,5,0.0
3,H22,3017,4|3_block_advance,15,1.0
3,H22,3017,4|3_recovery_s,15,62.3271541595459
3,H22,3017,4|3_operator_restart_required,15,1.0
3,H22,3017,conflict,15,0.0
3,H22,3017,4|3_block_advance,30,2.0
3,H22,3017,4|3_recovery_s,30,62.52316474914551
3,H22,3017,4|3_operator_restart_required,30,1.0
3,H22,3017,conflict,30,0.0
3,H22,3017,4|3_block_advance,60,2.0
3,H22,3017,4|3_recovery_s,60,57.02247858047485
3,H22,3017,4|3_operator_restart_required,60,1.0
3,H22,3017,conflict,60,0.0
3,H22,3018,5|2_block_advance,5,1.0
3,H22,3018,5|2_recovery_s,5,18.55334210395813
3,H22,3018,5|2_operator_restart_required,5,0.0
3,H22,3018,conflict,5,0.0
3,H22,3018,5|2_block_advance,15,7.0
3,H22,3018,5|2_recovery_s,15,18.7325451374054
3,H22,3018,5|2_operator_restart_required,15,0.0
3,H22,3018,conflict,15,0.0
3,H22,3018,5|2_block_advance,30,10.0
3,H22,3018,5|2_recovery_s,30,26.628718376159668
3,H22,3018,5|2_operator_restart_required,30,0.0
3,H22,3018,conflict,30,0.0
3,H22,3018,5|2_block_advance,60,15.0
3,H22,3018,5|2_recovery_s,60,16.0539710521698
3,H22,3018,5|2_operator_restart_required,60,0.0
3,H22,3018,conflict,60,0.0
3,H22,3018,4|3_block_advance,5,1.0
3,H22,3018,4|3_recovery_s,5,59.04208183288574
3,H22,3018,4|3_operator_restart_required,5,1.0
3,H22,3018,conflict,5,0.0
3,H22,3018,4|3_block_advance,15,1.0
3,H22,3018,4|3_recovery_s,15,60.26877784729004
3,H22,3018,4|3_operator_restart_required,15,1.0
3,H22,3018,conflict,15,0.0
3,H22,3018,4|3_block_advance,30,2.0
3,H22,3018,4|3_recovery_s,30,62.93086624145508
3,H22,3018,4|3_operator_restart_required,30,1.0
3,H22,3018,conflict,30,0.0
3,H22,3018,4|3_block_advance,60,1.0
3,H22,3018,4|3_recovery_s,60,56.38305568695069
3,H22,3018,4|3_operator_restart_required,60,1.0
3,H22,3018,conflict,60,0.0
3,H22,3019,5|2_block_advance,5,2.0
3,H22,3019,5|2_recovery_s,5,19.02101492881775
3,H22,3019,5|2_operator_restart_required,5,0.0
3,H22,3019,conflict,5,0.0
3,H22,3019,5|2_block_advance,15,4.0
3,H22,3019,5|2_recovery_s,15,25.729666233062744
3,H22,3019,5|2_operator_restart_required,15,0.0
3,H22,3019,conflict,15,0.0
3,H22,3019,5|2_block_advance,30,8.0
3,H22,3019,5|2_recovery_s,30,19.95921039581299
3,H22,3019,5|2_operator_restart_required,30,0.0
3,H22,3019,conflict,30,0.0
3,H22,3019,5|2_block_advance,60,13.0
3,H22,3019,5|2_recovery_s,60,21.695537328720093
3,H22,3019,5|2_operator_restart_required,60,0.0
3,H22,3019,conflict,60,0.0
3,H22,3019,4|3_block_advance,5,1.0
3,H22,3019,4|3_recovery_s,5,73.00389671325684
3,H22,3019,4|3_operator_restart_required,5,1.0
3,H22,3019,conflict,5,0.0
3,H22,3019,4|3_block_advance,15,2.0
3,H22,3019,4|3_recovery_s,15,71.38789391517639
3,H22,3019,4|3_operator_restart_required,15,1.0
3,H22,3019,conflict,15,0.0
3,H22,3019,4|3_block_advance,30,3.0
3,H22,3019,4|3_recovery_s,30,56.86784267425537
3,H22,3019,4|3_operator_restart_required,30,1.0
3,H22,3019,conflict,30,0.0
3,H22,3019,4|3_block_advance,60,0.0
3,H22,3019,4|3_recovery_s,60,58.32274389266968
3,H22,3019,4|3_operator_restart_required,60,1.0
3,H22,3019,conflict,60,0.0
3,H22,3020,5|2_block_advance,5,1.0
3,H22,3020,5|2_recovery_s,5,32.93849849700928
3,H22,3020,5|2_operator_restart_required,5,0.0
3,H22,3020,conflict,5,0.0
3,H22,3020,5|2_block_advance,15,5.0
3,H22,3020,5|2_recovery_s,15,17.43304967880249
3,H22,3020,5|2_operator_restart_required,15,0.0
3,H22,3020,conflict,15,0.0
3,H22,3020,5|2_block_advance,30,8.0
3,H22,3020,5|2_recovery_s,30,20.58474993705749
3,H22,3020,5|2_operator_restart_required,30,0.0
3,H22,3020,conflict,30,0.0
3,H22,3020,5|2_block_advance,60,16.0
3,H22,3020,5|2_recovery_s,60,15.2162606716156
3,H22,3020,5|2_operator_restart_required,60,0.0
3,H22,3020,conflict,60,0.0
3,H22,3020,4|3_block_advance,5,2.0
3,H22,3020,4|3_recovery_s,5,63.12512397766113
3,H22,3020,4|3_operator_restart_required,5,1.0
3,H22,3020,conflict,5,0.0
3,H22,3020,4|3_block_advance,15,2.0
3,H22,3020,4|3_recovery_s,15,61.62902069091797
3,H22,3020,4|3_operator_restart_required,15,1.0
3,H22,3020,conflict,15,0.0
3,H22,3020,4|3_block_advance,30,1.0
3,H22,3020,4|3_recovery_s,30,58.60785484313965
3,H22,3020,4|3_operator_restart_required,30,1.0
3,H22,3020,conflict,30,0.0
3,H22,3020,4|3_block_advance,60,1.0
3,H22,3020,4|3_recovery_s,60,64.15483403205872
3,H22,3020,4|3_operator_restart_required,60,1.0
3,H22,3020,conflict,60,0.0
3,H22,3021,5|2_block_advance,5,1.0
3,H22,3021,5|2_recovery_s,5,23.20415496826172
3,H22,3021,5|2_operator_restart_required,5,0.0
3,H22,3021,conflict,5,0.0
3,H22,3021,5|2_block_advance,15,6.0
3,H22,3021,5|2_recovery_s,15,14.851129055023192
3,H22,3021,5|2_operator_restart_required,15,0.0
3,H22,3021,conflict,15,0.0
3,H22,3021,5|2_block_advance,30,8.0
3,H22,3021,5|2_recovery_s,30,20.215760231018063
3,H22,3021,5|2_operator_restart_required,30,0.0
3,H22,3021,conflict,30,0.0
3,H22,3021,5|2_block_advance,60,16.0
3,H22,3021,5|2_recovery_s,60,14.52045464515686
3,H22,3021,5|2_operator_restart_required,60,0.0
3,H22,3021,conflict,60,0.0
3,H22,3021,4|3_block_advance,5,0.0
3,H22,3021,4|3_recovery_s,5,62.63159275054932
3,H22,3021,4|3_operator_restart_required,5,1.0
3,H22,3021,conflict,5,0.0
3,H22,3021,4|3_block_advance,15,2.0
3,H22,3021,4|3_recovery_s,15,58.01179194450378
3,H22,3021,4|3_operator_restart_required,15,1.0
3,H22,3021,conflict,15,0.0
3,H22,3021,4|3_block_advance,30,1.0
3,H22,3021,4|3_recovery_s,30,86.8098394870758
3,H22,3021,4|3_operator_restart_required,30,1.0
3,H22,3021,conflict,30,0.0
3,H22,3021,4|3_block_advance,60,4.0
3,H22,3021,4|3_recovery_s,60,76.15988874435425
3,H22,3021,4|3_operator_restart_required,60,1.0
3,H22,3021,conflict,60,0.0
3,H22,3022,5|2_block_advance,5,3.0
3,H22,3022,5|2_recovery_s,5,26.68212580680847
3,H22,3022,5|2_operator_restart_required,5,0.0
3,H22,3022,conflict,5,0.0
3,H22,3022,5|2_block_advance,15,5.0
3,H22,3022,5|2_recovery_s,15,17.287846565246582
3,H22,3022,5|2_operator_restart_required,15,0.0
3,H22,3022,conflict,15,0.0
3,H22,3022,5|2_block_advance,30,7.0
3,H22,3022,5|2_recovery_s,30,18.207753896713257
3,H22,3022,5|2_operator_restart_required,30,0.0
3,H22,3022,conflict,30,0.0
3,H22,3022,5|2_block_advance,60,13.0
3,H22,3022,5|2_recovery_s,60,20.63938450813293
3,H22,3022,5|2_operator_restart_required,60,0.0
3,H22,3022,conflict,60,0.0
3,H22,3022,4|3_block_advance,5,1.0
3,H22,3022,4|3_recovery_s,5,60.27842116355896
3,H22,3022,4|3_operator_restart_required,5,1.0
3,H22,3022,conflict,5,0.0
3,H22,3022,4|3_block_advance,15,1.0
3,H22,3022,4|3_recovery_s,15,69.06765651702881
3,H22,3022,4|3_operator_restart_required,15,1.0
3,H22,3022,conflict,15,0.0
3,H22,3022,4|3_block_advance,30,1.0
3,H22,3022,4|3_recovery_s,30,68.2455530166626
3,H22,3022,4|3_operator_restart_required,30,1.0
3,H22,3022,conflict,30,0.0
3,H22,3022,4|3_block_advance,60,1.0
3,H22,3022,4|3_recovery_s,60,88.28759551048279
3,H22,3022,4|3_operator_restart_required,60,1.0
3,H22,3022,conflict,60,0.0
3,H22,3023,5|2_block_advance,5,1.0
3,H22,3023,5|2_recovery_s,5,23.538254499435425
3,H22,3023,5|2_operator_restart_required,5,0.0
3,H22,3023,conflict,5,0.0
3,H22,3023,5|2_block_advance,15,5.0
3,H22,3023,5|2_recovery_s,15,17.334390878677368
3,H22,3023,5|2_operator_restart_required,15,0.0
3,H22,3023,conflict,15,0.0
3,H22,3023,5|2_block_advance,30,9.0
3,H22,3023,5|2_recovery_s,30,16.27226495742798
3,H22,3023,5|2_operator_restart_required,30,0.0
3,H22,3023,conflict,30,0.0
3,H22,3023,5|2_block_advance,60,13.0
3,H22,3023,5|2_recovery_s,60,19.519386768341064
3,H22,3023,5|2_operator_restart_required,60,0.0
3,H22,3023,conflict,60,0.0
3,H22,3023,4|3_block_advance,5,1.0
3,H22,3023,4|3_recovery_s,5,68.09889626502991
3,H22,3023,4|3_operator_restart_required,5,1.0
3,H22,3023,conflict,5,0.0
3,H22,3023,4|3_block_advance,15,2.0
3,H22,3023,4|3_recovery_s,15,78.08784985542297
3,H22,3023,4|3_operator_restart_required,15,1.0
3,H22,3023,conflict,15,0.0
3,H22,3023,4|3_block_advance,30,2.0
3,H22,3023,4|3_recovery_s,30,61.87197136878967
3,H22,3023,4|3_operator_restart_required,30,1.0
3,H22,3023,conflict,30,0.0
3,H22,3023,4|3_block_advance,60,3.0
3,H22,3023,4|3_recovery_s,60,62.191250801086426
3,H22,3023,4|3_operator_restart_required,60,1.0
3,H22,3023,conflict,60,0.0
3,H22,3024,5|2_block_advance,5,4.0
3,H22,3024,5|2_recovery_s,5,18.576098203659058
3,H22,3024,5|2_operator_restart_required,5,0.0
3,H22,3024,conflict,5,0.0
3,H22,3024,5|2_block_advance,15,5.0
3,H22,3024,5|2_recovery_s,15,18.71735191345215
3,H22,3024,5|2_operator_restart_required,15,0.0
3,H22,3024,conflict,15,0.0
3,H22,3024,5|2_block_advance,30,8.0
3,H22,3024,5|2_recovery_s,30,20.02128767967224
3,H22,3024,5|2_operator_restart_required,30,0.0
3,H22,3024,conflict,30,0.0
3,H22,3024,5|2_block_advance,60,16.0
3,H22,3024,5|2_recovery_s,60,16.708800792694092
3,H22,3024,5|2_operator_restart_required,60,0.0
3,H22,3024,conflict,60,0.0
3,H22,3024,4|3_block_advance,5,1.0
3,H22,3024,4|3_recovery_s,5,67.0578236579895
3,H22,3024,4|3_operator_restart_required,5,1.0
3,H22,3024,conflict,5,0.0
3,H22,3024,4|3_block_advance,15,1.0
3,H22,3024,4|3_recovery_s,15,59.08442687988281
3,H22,3024,4|3_operator_restart_required,15,1.0
3,H22,3024,conflict,15,0.0
3,H22,3024,4|3_block_advance,30,1.0
3,H22,3024,4|3_recovery_s,30,64.44803023338318
3,H22,3024,4|3_operator_restart_required,30,1.0
3,H22,3024,conflict,30,0.0
3,H22,3024,4|3_block_advance,60,2.0
3,H22,3024,4|3_recovery_s,60,58.80558371543884
3,H22,3024,4|3_operator_restart_required,60,1.0
3,H22,3024,conflict,60,0.0
3,H22,3025,5|2_block_advance,5,1.0
3,H22,3025,5|2_recovery_s,5,19.197636127471924
3,H22,3025,5|2_operator_restart_required,5,0.0
3,H22,3025,conflict,5,0.0
3,H22,3025,5|2_block_advance,15,5.0
3,H22,3025,5|2_recovery_s,15,26.753899574279785
3,H22,3025,5|2_operator_restart_required,15,0.0
3,H22,3025,conflict,15,0.0
3,H22,3025,5|2_block_advance,30,8.0
3,H22,3025,5|2_recovery_s,30,20.06013321876526
3,H22,3025,5|2_operator_restart_required,30,0.0
3,H22,3025,conflict,30,0.0
3,H22,3025,5|2_block_advance,60,13.0
3,H22,3025,5|2_recovery_s,60,19.51026678085327
3,H22,3025,5|2_operator_restart_required,60,0.0
3,H22,3025,conflict,60,0.0
3,H22,3025,4|3_block_advance,5,1.0
3,H22,3025,4|3_recovery_s,5,61.00899934768677
3,H22,3025,4|3_operator_restart_required,5,1.0
3,H22,3025,conflict,5,0.0
3,H22,3025,4|3_block_advance,15,3.0
3,H22,3025,4|3_recovery_s,15,59.062137842178345
3,H22,3025,4|3_operator_restart_required,15,1.0
3,H22,3025,conflict,15,0.0
3,H22,3025,4|3_block_advance,30,3.0
3,H22,3025,4|3_recovery_s,30,76.53433465957642
3,H22,3025,4|3_operator_restart_required,30,1.0
3,H22,3025,conflict,30,0.0
3,H22,3025,4|3_block_advance,60,1.0
3,H22,3025,4|3_recovery_s,60,91.48371624946594
3,H22,3025,4|3_operator_restart_required,60,1.0
3,H22,3025,conflict,60,0.0
3,H22,3026,5|2_block_advance,5,4.0
3,H22,3026,5|2_recovery_s,5,15.442178726196287
3,H22,3026,5|2_operator_restart_required,5,0.0
3,H22,3026,conflict,5,0.0
3,H22,3026,5|2_block_advance,15,3.0
3,H22,3026,5|2_recovery_s,15,26.37436819076538
3,H22,3026,5|2_operator_restart_required,15,0.0
3,H22,3026,conflict,15,0.0
3,H22,3026,5|2_block_advance,30,8.0
3,H22,3026,5|2_recovery_s,30,19.276031017303467
3,H22,3026,5|2_operator_restart_required,30,0.0
3,H22,3026,conflict,30,0.0
3,H22,3026,5|2_block_advance,60,16.0
3,H22,3026,5|2_recovery_s,60,14.83565902709961
3,H22,3026,5|2_operator_restart_required,60,0.0
3,H22,3026,conflict,60,0.0
3,H22,3026,4|3_block_advance,5,2.0
3,H22,3026,4|3_recovery_s,5,66.32570767402649
3,H22,3026,4|3_operator_restart_required,5,1.0
3,H22,3026,conflict,5,0.0
3,H22,3026,4|3_block_advance,15,2.0
3,H22,3026,4|3_recovery_s,15,62.58061647415161
3,H22,3026,4|3_operator_restart_required,15,1.0
3,H22,3026,conflict,15,0.0
3,H22,3026,4|3_block_advance,30,1.0
3,H22,3026,4|3_recovery_s,30,81.23112225532532
3,H22,3026,4|3_operator_restart_required,30,1.0
3,H22,3026,conflict,30,0.0
3,H22,3026,4|3_block_advance,60,1.0
3,H22,3026,4|3_recovery_s,60,57.65173363685608
3,H22,3026,4|3_operator_restart_required,60,1.0
3,H22,3026,conflict,60,0.0
3,H22,3027,5|2_block_advance,5,4.0
3,H22,3027,5|2_recovery_s,5,16.959848403930664
3,H22,3027,5|2_operator_restart_required,5,0.0
3,H22,3027,conflict,5,0.0
3,H22,3027,5|2_block_advance,15,5.0
3,H22,3027,5|2_recovery_s,15,20.48330020904541
3,H22,3027,5|2_operator_restart_required,15,0.0
3,H22,3027,conflict,15,0.0
3,H22,3027,5|2_block_advance,30,8.0
3,H22,3027,5|2_recovery_s,30,20.58866071701049
3,H22,3027,5|2_operator_restart_required,30,0.0
3,H22,3027,conflict,30,0.0
3,H22,3027,5|2_block_advance,60,15.0
3,H22,3027,5|2_recovery_s,60,20.722575902938843
3,H22,3027,5|2_operator_restart_required,60,0.0
3,H22,3027,conflict,60,0.0
3,H22,3027,4|3_block_advance,5,2.0
3,H22,3027,4|3_recovery_s,5,75.14028882980347
3,H22,3027,4|3_operator_restart_required,5,1.0
3,H22,3027,conflict,5,0.0
3,H22,3027,4|3_block_advance,15,2.0
3,H22,3027,4|3_recovery_s,15,59.37385153770447
3,H22,3027,4|3_operator_restart_required,15,1.0
3,H22,3027,conflict,15,0.0
3,H22,3027,4|3_block_advance,30,1.0
3,H22,3027,4|3_recovery_s,30,63.14345264434815
3,H22,3027,4|3_operator_restart_required,30,1.0
3,H22,3027,conflict,30,0.0
3,H22,3027,4|3_block_advance,60,2.0
3,H22,3027,4|3_recovery_s,60,59.56235313415527
3,H22,3027,4|3_operator_restart_required,60,1.0
3,H22,3027,conflict,60,0.0
3,H22,3028,5|2_block_advance,5,1.0
3,H22,3028,5|2_recovery_s,5,22.152119636535645
3,H22,3028,5|2_operator_restart_required,5,0.0
3,H22,3028,conflict,5,0.0
3,H22,3028,5|2_block_advance,15,3.0
3,H22,3028,5|2_recovery_s,15,49.80720973014832
3,H22,3028,5|2_operator_restart_required,15,0.0
3,H22,3028,conflict,15,0.0
3,H22,3028,5|2_block_advance,30,9.0
3,H22,3028,5|2_recovery_s,30,20.18846321105957
3,H22,3028,5|2_operator_restart_required,30,0.0
3,H22,3028,conflict,30,0.0
3,H22,3028,5|2_block_advance,60,15.0
3,H22,3028,5|2_recovery_s,60,17.749101400375366
3,H22,3028,5|2_operator_restart_required,60,0.0
3,H22,3028,conflict,60,0.0
3,H22,3028,4|3_block_advance,5,1.0
3,H22,3028,4|3_recovery_s,5,79.86620879173279
3,H22,3028,4|3_operator_restart_required,5,1.0
3,H22,3028,conflict,5,0.0
3,H22,3028,4|3_block_advance,15,0.0
3,H22,3028,4|3_recovery_s,15,61.52902030944824
3,H22,3028,4|3_operator_restart_required,15,1.0
3,H22,3028,conflict,15,0.0
3,H22,3028,4|3_block_advance,30,1.0
3,H22,3028,4|3_recovery_s,30,55.12886953353882
3,H22,3028,4|3_operator_restart_required,30,1.0
3,H22,3028,conflict,30,0.0
3,H22,3028,4|3_block_advance,60,2.0
3,H22,3028,4|3_recovery_s,60,58.95628333091736
3,H22,3028,4|3_operator_restart_required,60,1.0
3,H22,3028,conflict,60,0.0
3,H22,3029,5|2_block_advance,5,3.0
3,H22,3029,5|2_recovery_s,5,19.6262104511261
3,H22,3029,5|2_operator_restart_required,5,0.0
3,H22,3029,conflict,5,0.0
3,H22,3029,5|2_block_advance,15,7.0
3,H22,3029,5|2_recovery_s,15,18.33874988555908
3,H22,3029,5|2_operator_restart_required,15,0.0
3,H22,3029,conflict,15,0.0
3,H22,3029,5|2_block_advance,30,8.0
3,H22,3029,5|2_recovery_s,30,19.4341504573822
3,H22,3029,5|2_operator_restart_required,30,0.0
3,H22,3029,conflict,30,0.0
3,H22,3029,5|2_block_advance,60,16.0
3,H22,3029,5|2_recovery_s,60,21.97944641113281
3,H22,3029,5|2_operator_restart_required,60,0.0
3,H22,3029,conflict,60,0.0
3,H22,3029,4|3_block_advance,5,1.0
3,H22,3029,4|3_recovery_s,5,67.47515296936035
3,H22,3029,4|3_operator_restart_required,5,1.0
3,H22,3029,conflict,5,0.0
3,H22,3029,4|3_block_advance,15,2.0
3,H22,3029,4|3_recovery_s,15,75.74646735191345
3,H22,3029,4|3_operator_restart_required,15,1.0
3,H22,3029,conflict,15,0.0
3,H22,3029,4|3_block_advance,30,1.0
3,H22,3029,4|3_recovery_s,30,60.29308938980103
3,H22,3029,4|3_operator_restart_required,30,1.0
3,H22,3029,conflict,30,0.0
3,H22,3029,4|3_block_advance,60,1.0
3,H22,3029,4|3_recovery_s,60,60.47384214401245
3,H22,3029,4|3_operator_restart_required,60,1.0
3,H22,3029,conflict,60,0.0
3,H22,3030,5|2_block_advance,5,4.0
3,H22,3030,5|2_recovery_s,5,17.85226845741272
3,H22,3030,5|2_operator_restart_required,5,0.0
3,H22,3030,conflict,5,0.0
3,H22,3030,5|2_block_advance,15,6.0
3,H22,3030,5|2_recovery_s,15,14.906351566314695
3,H22,3030,5|2_operator_restart_required,15,0.0
3,H22,3030,conflict,15,0.0
3,H22,3030,5|2_block_advance,30,8.0
3,H22,3030,5|2_recovery_s,30,14.690529108047484
3,H22,3030,5|2_operator_restart_required,30,0.0
3,H22,3030,conflict,30,0.0
3,H22,3030,5|2_block_advance,60,13.0
3,H22,3030,5|2_recovery_s,60,25.18324971199036
3,H22,3030,5|2_operator_restart_required,60,0.0
3,H22,3030,conflict,60,0.0
3,H22,3030,4|3_block_advance,5,1.0
3,H22,3030,4|3_recovery_s,5,68.31552147865295
3,H22,3030,4|3_operator_restart_required,5,1.0
3,H22,3030,conflict,5,0.0
3,H22,3030,4|3_block_advance,15,1.0
3,H22,3030,4|3_recovery_s,15,56.40459084510803
3,H22,3030,4|3_operator_restart_required,15,1.0
3,H22,3030,conflict,15,0.0
3,H22,3030,4|3_block_advance,30,2.0
3,H22,3030,4|3_recovery_s,30,69.54721212387085
3,H22,3030,4|3_operator_restart_required,30,1.0
3,H22,3030,conflict,30,0.0
3,H22,3030,4|3_block_advance,60,2.0
3,H22,3030,4|3_recovery_s,60,61.08711957931519
3,H22,3030,4|3_operator_restart_required,60,1.0
3,H22,3030,conflict,60,0.0
3,H22,3031,5|2_block_advance,5,2.0
3,H22,3031,5|2_recovery_s,5,50.081679344177246
3,H22,3031,5|2_operator_restart_required,5,0.0
3,H22,3031,conflict,5,0.0
3,H22,3031,5|2_block_advance,15,5.0
3,H22,3031,5|2_recovery_s,15,29.86136555671692
3,H22,3031,5|2_operator_restart_required,15,0.0
3,H22,3031,conflict,15,0.0
3,H22,3031,5|2_block_advance,30,8.0
3,H22,3031,5|2_recovery_s,30,19.8417809009552
3,H22,3031,5|2_operator_restart_required,30,0.0
3,H22,3031,conflict,30,0.0
3,H22,3031,5|2_block_advance,60,15.0
3,H22,3031,5|2_recovery_s,60,14.922727108001707
3,H22,3031,5|2_operator_restart_required,60,0.0
3,H22,3031,conflict,60,0.0
3,H22,3031,4|3_block_advance,5,1.0
3,H22,3031,4|3_recovery_s,5,65.76363444328308
3,H22,3031,4|3_operator_restart_required,5,1.0
3,H22,3031,conflict,5,0.0
3,H22,3031,4|3_block_advance,15,1.0
3,H22,3031,4|3_recovery_s,15,64.95524907112122
3,H22,3031,4|3_operator_restart_required,15,1.0
3,H22,3031,conflict,15,0.0
3,H22,3031,4|3_block_advance,30,2.0
3,H22,3031,4|3_recovery_s,30,77.72121405601501
3,H22,3031,4|3_operator_restart_required,30,1.0
3,H22,3031,conflict,30,0.0
3,H22,3031,4|3_block_advance,60,1.0
3,H22,3031,4|3_recovery_s,60,75.63499188423157
3,H22,3031,4|3_operator_restart_required,60,1.0
3,H22,3031,conflict,60,0.0
3,H22,3032,5|2_block_advance,5,1.0
3,H22,3032,5|2_recovery_s,5,17.67027759552002
3,H22,3032,5|2_operator_restart_required,5,0.0
3,H22,3032,conflict,5,0.0
3,H22,3032,5|2_block_advance,15,5.0
3,H22,3032,5|2_recovery_s,15,18.926493644714355
3,H22,3032,5|2_operator_restart_required,15,0.0
3,H22,3032,conflict,15,0.0
3,H22,3032,5|2_block_advance,30,11.0
3,H22,3032,5|2_recovery_s,30,16.737184762954712
3,H22,3032,5|2_operator_restart_required,30,0.0
3,H22,3032,conflict,30,0.0
3,H22,3032,5|2_block_advance,60,15.0
3,H22,3032,5|2_recovery_s,60,20.22022533416748
3,H22,3032,5|2_operator_restart_required,60,0.0
3,H22,3032,conflict,60,0.0
3,H22,3032,4|3_block_advance,5,1.0
3,H22,3032,4|3_recovery_s,5,181.06451439857483
3,H22,3032,4|3_operator_restart_required,5,1.0
3,H22,3032,conflict,5,0.0
3,H22,3032,4|3_block_advance,15,1.0
3,H22,3032,4|3_recovery_s,15,63.30639576911926
3,H22,3032,4|3_operator_restart_required,15,1.0
3,H22,3032,conflict,15,0.0
3,H22,3032,4|3_block_advance,30,2.0
3,H22,3032,4|3_recovery_s,30,59.20733118057251
3,H22,3032,4|3_operator_restart_required,30,1.0
3,H22,3032,conflict,30,0.0
3,H22,3032,4|3_block_advance,60,2.0
3,H22,3032,4|3_recovery_s,60,68.91812777519226
3,H22,3032,4|3_operator_restart_required,60,1.0
3,H22,3032,conflict,60,0.0
3,H22,3033,5|2_block_advance,5,2.0
3,H22,3033,5|2_recovery_s,5,31.19860887527465
3,H22,3033,5|2_operator_restart_required,5,0.0
3,H22,3033,conflict,5,0.0
3,H22,3033,5|2_block_advance,15,5.0
3,H22,3033,5|2_recovery_s,15,33.378243923187256
3,H22,3033,5|2_operator_restart_required,15,0.0
3,H22,3033,conflict,15,0.0
3,H22,3033,5|2_block_advance,30,10.0
3,H22,3033,5|2_recovery_s,30,17.448662996292114
3,H22,3033,5|2_operator_restart_required,30,0.0
3,H22,3033,conflict,30,0.0
3,H22,3033,5|2_block_advance,60,14.0
3,H22,3033,5|2_recovery_s,60,50.766854763031006
3,H22,3033,5|2_operator_restart_required,60,0.0
3,H22,3033,conflict,60,0.0
3,H22,3033,4|3_block_advance,5,1.0
3,H22,3033,4|3_recovery_s,5,69.56533527374268
3,H22,3033,4|3_operator_restart_required,5,1.0
3,H22,3033,conflict,5,0.0
3,H22,3033,4|3_block_advance,15,1.0
3,H22,3033,4|3_recovery_s,15,58.966978311538696
3,H22,3033,4|3_operator_restart_required,15,1.0
3,H22,3033,conflict,15,0.0
3,H22,3033,4|3_block_advance,30,0.0
3,H22,3033,4|3_recovery_s,30,56.98912930488586
3,H22,3033,4|3_operator_restart_required,30,1.0
3,H22,3033,conflict,30,0.0
3,H22,3033,4|3_block_advance,60,2.0
3,H22,3033,4|3_recovery_s,60,70.55017733573914
3,H22,3033,4|3_operator_restart_required,60,1.0
3,H22,3033,conflict,60,0.0
3,H22,3034,5|2_block_advance,5,3.0
3,H22,3034,5|2_recovery_s,5,17.06511688232422
3,H22,3034,5|2_operator_restart_required,5,0.0
3,H22,3034,conflict,5,0.0
3,H22,3034,5|2_block_advance,15,5.0
3,H22,3034,5|2_recovery_s,15,52.551708459854126
3,H22,3034,5|2_operator_restart_required,15,0.0
3,H22,3034,conflict,15,0.0
3,H22,3034,5|2_block_advance,30,7.0
3,H22,3034,5|2_recovery_s,30,19.357569932937626
3,H22,3034,5|2_operator_restart_required,30,0.0
3,H22,3034,conflict,30,0.0
3,H22,3034,5|2_block_advance,60,16.0
3,H22,3034,5|2_recovery_s,60,14.74758529663086
3,H22,3034,5|2_operator_restart_required,60,0.0
3,H22,3034,conflict,60,0.0
3,H22,3034,4|3_block_advance,5,2.0
3,H22,3034,4|3_recovery_s,5,79.92698764801025
3,H22,3034,4|3_operator_restart_required,5,1.0
3,H22,3034,conflict,5,0.0
3,H22,3034,4|3_block_advance,15,1.0
3,H22,3034,4|3_recovery_s,15,76.183109998703
3,H22,3034,4|3_operator_restart_required,15,1.0
3,H22,3034,conflict,15,0.0
3,H22,3034,4|3_block_advance,30,2.0
3,H22,3034,4|3_recovery_s,30,60.177276372909546
3,H22,3034,4|3_operator_restart_required,30,1.0
3,H22,3034,conflict,30,0.0
3,H22,3034,4|3_block_advance,60,2.0
3,H22,3034,4|3_recovery_s,60,58.208085775375366
3,H22,3034,4|3_operator_restart_required,60,1.0
3,H22,3034,conflict,60,0.0
3,H22,3035,5|2_block_advance,5,1.0
3,H22,3035,5|2_recovery_s,5,24.598148107528687
3,H22,3035,5|2_operator_restart_required,5,0.0
3,H22,3035,conflict,5,0.0
3,H22,3035,5|2_block_advance,15,6.0
3,H22,3035,5|2_recovery_s,15,15.176314115524292
3,H22,3035,5|2_operator_restart_required,15,0.0
3,H22,3035,conflict,15,0.0
3,H22,3035,5|2_block_advance,30,8.0
3,H22,3035,5|2_recovery_s,30,18.39706826210022
3,H22,3035,5|2_operator_restart_required,30,0.0
3,H22,3035,conflict,30,0.0
3,H22,3035,5|2_block_advance,60,16.0
3,H22,3035,5|2_recovery_s,60,15.24211859703064
3,H22,3035,5|2_operator_restart_required,60,0.0
3,H22,3035,conflict,60,0.0
3,H22,3035,4|3_block_advance,5,0.0
3,H22,3035,4|3_recovery_s,5,92.36783003807068
3,H22,3035,4|3_operator_restart_required,5,1.0
3,H22,3035,conflict,5,0.0
3,H22,3035,4|3_block_advance,15,1.0
3,H22,3035,4|3_recovery_s,15,77.06487345695496
3,H22,3035,4|3_operator_restart_required,15,1.0
3,H22,3035,conflict,15,0.0
3,H22,3035,4|3_block_advance,30,1.0
3,H22,3035,4|3_recovery_s,30,58.58549618721008
3,H22,3035,4|3_operator_restart_required,30,1.0
3,H22,3035,conflict,30,0.0
3,H22,3035,4|3_block_advance,60,1.0
3,H22,3035,4|3_recovery_s,60,64.68995976448059
3,H22,3035,4|3_operator_restart_required,60,1.0
3,H22,3035,conflict,60,0.0
3,H22,3036,5|2_block_advance,5,3.0
3,H22,3036,5|2_recovery_s,5,23.64225697517395
3,H22,3036,5|2_operator_restart_required,5,0.0
3,H22,3036,conflict,5,0.0
3,H22,3036,5|2_block_advance,15,3.0
3,H22,3036,5|2_recovery_s,15,24.37154960632324
3,H22,3036,5|2_operator_restart_required,15,0.0
3,H22,3036,conflict,15,0.0
3,H22,3036,5|2_block_advance,30,8.0
3,H22,3036,5|2_recovery_s,30,19.358842611312863
3,H22,3036,5|2_operator_restart_required,30,0.0
3,H22,3036,conflict,30,0.0
3,H22,3036,5|2_block_advance,60,16.0
3,H22,3036,5|2_recovery_s,60,14.884371280670166
3,H22,3036,5|2_operator_restart_required,60,0.0
3,H22,3036,conflict,60,0.0
3,H22,3036,4|3_block_advance,5,1.0
3,H22,3036,4|3_recovery_s,5,173.4150493144989
3,H22,3036,4|3_operator_restart_required,5,1.0
3,H22,3036,conflict,5,0.0
3,H22,3036,4|3_block_advance,15,0.0
3,H22,3036,4|3_recovery_s,15,64.11468505859375
3,H22,3036,4|3_operator_restart_required,15,1.0
3,H22,3036,conflict,15,0.0
3,H22,3036,4|3_block_advance,30,0.0
3,H22,3036,4|3_recovery_s,30,64.78231692314148
3,H22,3036,4|3_operator_restart_required,30,1.0
3,H22,3036,conflict,30,0.0
3,H22,3036,4|3_block_advance,60,1.0
3,H22,3036,4|3_recovery_s,60,66.08891010284424
3,H22,3036,4|3_operator_restart_required,60,1.0
3,H22,3036,conflict,60,0.0
3,H24,3000,rolling_false_safe,0,0.0
3,H24,3000,rolling_false_safe,50,0.0
3,H24,3000,rolling_false_safe,100,0.0
3,H24,3000,rolling_false_safe,150,0.0
3,H24,3000,rolling_false_safe,200,0.0
3,H24,3000,rolling_false_safe,250,0.0
3,H24,3000,rolling_false_safe,300,0.005
3,H24,3000,rolling_false_safe,350,0.005
3,H24,3000,rolling_false_safe,400,0.005
3,H24,3000,rolling_false_safe,450,0.01
3,H24,3000,rolling_false_safe,500,0.01
3,H24,3000,rolling_false_safe,550,0.01
3,H24,3000,rolling_false_safe,600,0.01
3,H24,3000,rolling_false_safe,650,0.005
3,H24,3000,rolling_false_safe,700,0.0
3,H24,3000,rolling_false_safe,750,0.0
3,H24,3000,rolling_false_safe,800,0.0
3,H24,3000,rolling_false_safe,850,0.0
3,H24,3000,rolling_false_safe,900,0.0
3,H24,3000,rolling_false_safe,950,0.01
3,H24,3000,rolling_false_safe,1000,0.01
3,H24,3000,rolling_false_safe,1050,0.01
3,H24,3000,rolling_false_safe,1100,0.01
3,H24,3000,rolling_false_safe,1150,0.0
3,H24,3000,rolling_false_safe,1200,0.0
3,H24,3000,rolling_false_safe,1250,0.0
3,H24,3000,rolling_false_safe,1300,0.0
3,H24,3000,rolling_false_safe,1350,0.0
3,H24,3000,rolling_false_safe,1400,0.0
3,H24,3000,rolling_false_safe,1450,0.0
3,H24,3000,rolling_false_safe,1500,0.0
3,H24,3000,rolling_false_safe,1550,0.0
3,H24,3000,rolling_false_safe,1600,0.0
3,H24,3000,rolling_false_safe,1650,0.0
3,H24,3000,rolling_false_safe,1700,0.0
3,H24,3000,rolling_false_safe,1750,0.005
3,H24,3000,rolling_false_safe,1800,0.005
3,H24,3000,rolling_false_safe,1850,0.01
3,H24,3000,rolling_false_safe,1900,0.01
3,H24,3000,rolling_false_safe,1950,0.005
3,H24,3000,rolling_false_safe,2000,0.005
3,H24,3000,rolling_false_safe,2050,0.0
3,H24,3000,rolling_false_safe,2100,0.0
3,H24,3000,rolling_false_safe,2150,0.0
3,H24,3000,rolling_false_safe,2200,0.0
3,H24,3000,rolling_false_safe,2250,0.0
3,H24,3000,rolling_false_safe,2300,0.0
3,H24,3000,rolling_false_safe,2350,0.0
3,H24,3000,rolling_false_safe,2400,0.0
3,H24,3000,rolling_false_safe,2450,0.0
3,H24,3000,rolling_false_safe,2500,0.005
3,H24,3000,rolling_false_safe,2550,0.005
3,H24,3000,rolling_false_safe,2600,0.005
3,H24,3000,rolling_false_safe,2650,0.01
3,H24,3000,rolling_false_safe,2700,0.005
3,H24,3000,rolling_false_safe,2750,0.005
3,H24,3000,rolling_false_safe,2800,0.005
3,H24,3000,rolling_false_safe,2850,0.005
3,H24,3000,rolling_false_safe,2900,0.005
3,H24,3000,rolling_false_safe,2950,0.005
3,H24,3000,rolling_false_safe,3000,0.005
3,H24,3000,rolling_false_safe,3050,0.005
3,H24,3000,rolling_false_safe,3100,0.005
3,H24,3000,rolling_false_safe,3150,0.01
3,H24,3000,rolling_false_safe,3200,0.01
3,H24,3000,rolling_false_safe,3250,0.005
3,H24,3000,rolling_false_safe,3300,0.005
3,H24,3000,rolling_false_safe,3350,0.0
3,H24,3000,rolling_false_safe,3400,0.0
3,H24,3000,rolling_false_safe,3450,0.0
3,H24,3000,rolling_false_safe,3500,0.0
3,H24,3000,rolling_false_safe,3550,0.0
3,H24,3000,rolling_false_safe,3600,0.0
3,H24,3000,rolling_false_safe,3650,0.005
3,H24,3000,rolling_false_safe,3700,0.005
3,H24,3000,rolling_false_safe,3750,0.005
3,H24,3000,rolling_false_safe,3800,0.005
3,H24,3000,rolling_false_safe,3850,0.0
3,H24,3000,rolling_false_safe,3900,0.005
3,H24,3000,rolling_false_safe,3950,0.005
3,H24,3000,rolling_false_safe,4000,0.005
3,H24,3000,rolling_false_safe,4050,0.005
3,H24,3000,rolling_false_safe,4100,0.0
3,H24,3000,rolling_false_safe,4150,0.0
3,H24,3000,rolling_false_safe,4200,0.0
3,H24,3000,rolling_false_safe,4250,0.0
3,H24,3000,rolling_false_safe,4300,0.0
3,H24,3000,rolling_false_safe,4350,0.0
3,H24,3000,rolling_false_safe,4400,0.005
3,H24,3000,rolling_false_safe,4450,0.005
3,H24,3000,rolling_false_safe,4500,0.005
3,H24,3000,rolling_false_safe,4550,0.005
3,H24,3000,rolling_false_safe,4600,0.005
3,H24,3000,rolling_false_safe,4650,0.005
3,H24,3000,rolling_false_safe,4700,0.005
3,H24,3000,rolling_false_safe,4750,0.005
3,H24,3000,rolling_false_safe,4800,0.0
3,H24,3000,rolling_false_safe,4850,0.0
3,H24,3000,rolling_false_safe,4900,0.0
3,H24,3000,rolling_false_safe,4950,0.005
3,H24,3000,onchain_governance_recorded,21,1.0
3,H24,3001,rolling_false_safe,0,0.0
3,H24,3001,rolling_false_safe,50,0.0
3,H24,3001,rolling_false_safe,100,0.0
3,H24,3001,rolling_false_safe,150,0.0
3,H24,3001,rolling_false_safe,200,0.005
3,H24,3001,rolling_false_safe,250,0.005
3,H24,3001,rolling_false_safe,300,0.005
3,H24,3001,rolling_false_safe,350,0.005
3,H24,3001,rolling_false_safe,400,0.0
3,H24,3001,rolling_false_safe,450,0.0
3,H24,3001,rolling_false_safe,500,0.0
3,H24,3001,rolling_false_safe,550,0.0
3,H24,3001,rolling_false_safe,600,0.005
3,H24,3001,rolling_false_safe,650,0.01
3,H24,3001,rolling_false_safe,700,0.01
3,H24,3001,rolling_false_safe,750,0.01
3,H24,3001,rolling_false_safe,800,0.005
3,H24,3001,rolling_false_safe,850,0.005
3,H24,3001,rolling_false_safe,900,0.005
3,H24,3001,rolling_false_safe,950,0.01
3,H24,3001,rolling_false_safe,1000,0.01
3,H24,3001,rolling_false_safe,1050,0.005
3,H24,3001,rolling_false_safe,1100,0.005
3,H24,3001,rolling_false_safe,1150,0.0
3,H24,3001,rolling_false_safe,1200,0.0
3,H24,3001,rolling_false_safe,1250,0.0
3,H24,3001,rolling_false_safe,1300,0.0
3,H24,3001,rolling_false_safe,1350,0.0
3,H24,3001,rolling_false_safe,1400,0.0
3,H24,3001,rolling_false_safe,1450,0.0
3,H24,3001,rolling_false_safe,1500,0.0
3,H24,3001,rolling_false_safe,1550,0.0
3,H24,3001,rolling_false_safe,1600,0.0
3,H24,3001,rolling_false_safe,1650,0.005
3,H24,3001,rolling_false_safe,1700,0.005
3,H24,3001,rolling_false_safe,1750,0.01
3,H24,3001,rolling_false_safe,1800,0.015
3,H24,3001,rolling_false_safe,1850,0.01
3,H24,3001,rolling_false_safe,1900,0.01
3,H24,3001,rolling_false_safe,1950,0.005
3,H24,3001,rolling_false_safe,2000,0.0
3,H24,3001,rolling_false_safe,2050,0.0
3,H24,3001,rolling_false_safe,2100,0.0
3,H24,3001,rolling_false_safe,2150,0.0
3,H24,3001,rolling_false_safe,2200,0.0
3,H24,3001,rolling_false_safe,2250,0.0
3,H24,3001,rolling_false_safe,2300,0.0
3,H24,3001,rolling_false_safe,2350,0.0
3,H24,3001,rolling_false_safe,2400,0.0
3,H24,3001,rolling_false_safe,2450,0.0
3,H24,3001,rolling_false_safe,2500,0.0
3,H24,3001,rolling_false_safe,2550,0.0
3,H24,3001,rolling_false_safe,2600,0.005
3,H24,3001,rolling_false_safe,2650,0.005
3,H24,3001,rolling_false_safe,2700,0.005
3,H24,3001,rolling_false_safe,2750,0.005
3,H24,3001,rolling_false_safe,2800,0.0
3,H24,3001,rolling_false_safe,2850,0.0
3,H24,3001,rolling_false_safe,2900,0.0
3,H24,3001,rolling_false_safe,2950,0.005
3,H24,3001,rolling_false_safe,3000,0.005
3,H24,3001,rolling_false_safe,3050,0.005
3,H24,3001,rolling_false_safe,3100,0.005
3,H24,3001,rolling_false_safe,3150,0.005
3,H24,3001,rolling_false_safe,3200,0.005
3,H24,3001,rolling_false_safe,3250,0.01
3,H24,3001,rolling_false_safe,3300,0.01
3,H24,3001,rolling_false_safe,3350,0.005
3,H24,3001,rolling_false_safe,3400,0.005
3,H24,3001,rolling_false_safe,3450,0.005
3,H24,3001,rolling_false_safe,3500,0.005
3,H24,3001,rolling_false_safe,3550,0.005
3,H24,3001,rolling_false_safe,3600,0.005
3,H24,3001,rolling_false_safe,3650,0.0
3,H24,3001,rolling_false_safe,3700,0.0
3,H24,3001,rolling_false_safe,3750,0.005
3,H24,3001,rolling_false_safe,3800,0.005
3,H24,3001,rolling_false_safe,3850,0.005
3,H24,3001,rolling_false_safe,3900,0.005
3,H24,3001,rolling_false_safe,3950,0.0
3,H24,3001,rolling_false_safe,4000,0.0
3,H24,3001,rolling_false_safe,4050,0.01
3,H24,3001,rolling_false_safe,4100,0.01
3,H24,3001,rolling_false_safe,4150,0.01
3,H24,3001,rolling_false_safe,4200,0.01
3,H24,3001,rolling_false_safe,4250,0.0
3,H24,3001,rolling_false_safe,4300,0.0
3,H24,3001,rolling_false_safe,4350,0.0
3,H24,3001,rolling_false_safe,4400,0.0
3,H24,3001,rolling_false_safe,4450,0.0
3,H24,3001,rolling_false_safe,4500,0.0
3,H24,3001,rolling_false_safe,4550,0.0
3,H24,3001,rolling_false_safe,4600,0.0
3,H24,3001,rolling_false_safe,4650,0.0
3,H24,3001,rolling_false_safe,4700,0.0
3,H24,3001,rolling_false_safe,4750,0.0
3,H24,3001,rolling_false_safe,4800,0.0
3,H24,3001,rolling_false_safe,4850,0.005
3,H24,3001,rolling_false_safe,4900,0.005
3,H24,3001,rolling_false_safe,4950,0.005
3,H24,3001,onchain_governance_recorded,26,1.0
3,H24,3002,rolling_false_safe,0,0.0
3,H24,3002,rolling_false_safe,50,0.0196078431372549
3,H24,3002,rolling_false_safe,100,0.0099009900990099
3,H24,3002,rolling_false_safe,150,0.0066225165562913
3,H24,3002,rolling_false_safe,200,0.005
3,H24,3002,rolling_false_safe,250,0.0
3,H24,3002,rolling_false_safe,300,0.0
3,H24,3002,rolling_false_safe,350,0.0
3,H24,3002,rolling_false_safe,400,0.0
3,H24,3002,rolling_false_safe,450,0.0
3,H24,3002,rolling_false_safe,500,0.005
3,H24,3002,rolling_false_safe,550,0.005
3,H24,3002,rolling_false_safe,600,0.005
3,H24,3002,rolling_false_safe,650,0.005
3,H24,3002,rolling_false_safe,700,0.0
3,H24,3002,rolling_false_safe,750,0.0
3,H24,3002,rolling_false_safe,800,0.0
3,H24,3002,rolling_false_safe,850,0.0
3,H24,3002,rolling_false_safe,900,0.0
3,H24,3002,rolling_false_safe,950,0.005
3,H24,3002,rolling_false_safe,1000,0.005
3,H24,3002,rolling_false_safe,1050,0.005
3,H24,3002,rolling_false_safe,1100,0.005
3,H24,3002,rolling_false_safe,1150,0.005
3,H24,3002,rolling_false_safe,1200,0.005
3,H24,3002,rolling_false_safe,1250,0.005
3,H24,3002,rolling_false_safe,1300,0.01
3,H24,3002,rolling_false_safe,1350,0.005
3,H24,3002,rolling_false_safe,1400,0.005
3,H24,3002,rolling_false_safe,1450,0.005
3,H24,3002,rolling_false_safe,1500,0.0
3,H24,3002,rolling_false_safe,1550,0.0
3,H24,3002,rolling_false_safe,1600,0.0
3,H24,3002,rolling_false_safe,1650,0.0
3,H24,3002,rolling_false_safe,1700,0.0
3,H24,3002,rolling_false_safe,1750,0.0
3,H24,3002,rolling_false_safe,1800,0.0
3,H24,3002,rolling_false_safe,1850,0.0
3,H24,3002,rolling_false_safe,1900,0.0
3,H24,3002,rolling_false_safe,1950,0.0
3,H24,3002,rolling_false_safe,2000,0.0
3,H24,3002,rolling_false_safe,2050,0.0
3,H24,3002,rolling_false_safe,2100,0.0
3,H24,3002,rolling_false_safe,2150,0.0
3,H24,3002,rolling_false_safe,2200,0.0
3,H24,3002,rolling_false_safe,2250,0.0
3,H24,3002,rolling_false_safe,2300,0.005
3,H24,3002,rolling_false_safe,2350,0.005
3,H24,3002,rolling_false_safe,2400,0.005
3,H24,3002,rolling_false_safe,2450,0.005
3,H24,3002,rolling_false_safe,2500,0.0
3,H24,3002,rolling_false_safe,2550,0.0
3,H24,3002,rolling_false_safe,2600,0.0
3,H24,3002,rolling_false_safe,2650,0.0
3,H24,3002,rolling_false_safe,2700,0.0
3,H24,3002,rolling_false_safe,2750,0.0
3,H24,3002,rolling_false_safe,2800,0.0
3,H24,3002,rolling_false_safe,2850,0.0
3,H24,3002,rolling_false_safe,2900,0.005
3,H24,3002,rolling_false_safe,2950,0.005
3,H24,3002,rolling_false_safe,3000,0.005
3,H24,3002,rolling_false_safe,3050,0.005
3,H24,3002,rolling_false_safe,3100,0.0
3,H24,3002,rolling_false_safe,3150,0.0
3,H24,3002,rolling_false_safe,3200,0.0
3,H24,3002,rolling_false_safe,3250,0.0
3,H24,3002,rolling_false_safe,3300,0.0
3,H24,3002,rolling_false_safe,3350,0.0
3,H24,3002,rolling_false_safe,3400,0.0
3,H24,3002,rolling_false_safe,3450,0.0
3,H24,3002,rolling_false_safe,3500,0.0
3,H24,3002,rolling_false_safe,3550,0.0
3,H24,3002,rolling_false_safe,3600,0.0
3,H24,3002,rolling_false_safe,3650,0.0
3,H24,3002,rolling_false_safe,3700,0.0
3,H24,3002,rolling_false_safe,3750,0.0
3,H24,3002,rolling_false_safe,3800,0.0
3,H24,3002,rolling_false_safe,3850,0.0
3,H24,3002,rolling_false_safe,3900,0.0
3,H24,3002,rolling_false_safe,3950,0.0
3,H24,3002,rolling_false_safe,4000,0.0
3,H24,3002,rolling_false_safe,4050,0.0
3,H24,3002,rolling_false_safe,4100,0.0
3,H24,3002,rolling_false_safe,4150,0.0
3,H24,3002,rolling_false_safe,4200,0.0
3,H24,3002,rolling_false_safe,4250,0.0
3,H24,3002,rolling_false_safe,4300,0.0
3,H24,3002,rolling_false_safe,4350,0.0
3,H24,3002,rolling_false_safe,4400,0.0
3,H24,3002,rolling_false_safe,4450,0.0
3,H24,3002,rolling_false_safe,4500,0.0
3,H24,3002,rolling_false_safe,4550,0.005
3,H24,3002,rolling_false_safe,4600,0.01
3,H24,3002,rolling_false_safe,4650,0.01
3,H24,3002,rolling_false_safe,4700,0.01
3,H24,3002,rolling_false_safe,4750,0.005
3,H24,3002,rolling_false_safe,4800,0.0
3,H24,3002,rolling_false_safe,4850,0.0
3,H24,3002,rolling_false_safe,4900,0.0
3,H24,3002,rolling_false_safe,4950,0.0
3,H24,3002,onchain_governance_recorded,23,1.0
3,H24,3003,rolling_false_safe,0,0.0
3,H24,3003,rolling_false_safe,50,0.0
3,H24,3003,rolling_false_safe,100,0.0
3,H24,3003,rolling_false_safe,150,0.0066225165562913
3,H24,3003,rolling_false_safe,200,0.005
3,H24,3003,rolling_false_safe,250,0.005
3,H24,3003,rolling_false_safe,300,0.005
3,H24,3003,rolling_false_safe,350,0.0
3,H24,3003,rolling_false_safe,400,0.0
3,H24,3003,rolling_false_safe,450,0.0
3,H24,3003,rolling_false_safe,500,0.0
3,H24,3003,rolling_false_safe,550,0.0
3,H24,3003,rolling_false_safe,600,0.0
3,H24,3003,rolling_false_safe,650,0.0
3,H24,3003,rolling_false_safe,700,0.0
3,H24,3003,rolling_false_safe,750,0.0
3,H24,3003,rolling_false_safe,800,0.0
3,H24,3003,rolling_false_safe,850,0.0
3,H24,3003,rolling_false_safe,900,0.005
3,H24,3003,rolling_false_safe,950,0.005
3,H24,3003,rolling_false_safe,1000,0.005
3,H24,3003,rolling_false_safe,1050,0.01
3,H24,3003,rolling_false_safe,1100,0.005
3,H24,3003,rolling_false_safe,1150,0.005
3,H24,3003,rolling_false_safe,1200,0.005
3,H24,3003,rolling_false_safe,1250,0.005
3,H24,3003,rolling_false_safe,1300,0.01
3,H24,3003,rolling_false_safe,1350,0.01
3,H24,3003,rolling_false_safe,1400,0.01
3,H24,3003,rolling_false_safe,1450,0.01
3,H24,3003,rolling_false_safe,1500,0.005
3,H24,3003,rolling_false_safe,1550,0.005
3,H24,3003,rolling_false_safe,1600,0.005
3,H24,3003,rolling_false_safe,1650,0.0
3,H24,3003,rolling_false_safe,1700,0.005
3,H24,3003,rolling_false_safe,1750,0.005
3,H24,3003,rolling_false_safe,1800,0.005
3,H24,3003,rolling_false_safe,1850,0.005
3,H24,3003,rolling_false_safe,1900,0.0
3,H24,3003,rolling_false_safe,1950,0.0
3,H24,3003,rolling_false_safe,2000,0.0
3,H24,3003,rolling_false_safe,2050,0.0
3,H24,3003,rolling_false_safe,2100,0.005
3,H24,3003,rolling_false_safe,2150,0.005
3,H24,3003,rolling_false_safe,2200,0.005
3,H24,3003,rolling_false_safe,2250,0.005
3,H24,3003,rolling_false_safe,2300,0.0
3,H24,3003,rolling_false_safe,2350,0.0
3,H24,3003,rolling_false_safe,2400,0.0
3,H24,3003,rolling_false_safe,2450,0.0
3,H24,3003,rolling_false_safe,2500,0.0
3,H24,3003,rolling_false_safe,2550,0.0
3,H24,3003,rolling_false_safe,2600,0.0
3,H24,3003,rolling_false_safe,2650,0.0
3,H24,3003,rolling_false_safe,2700,0.0
3,H24,3003,rolling_false_safe,2750,0.0
3,H24,3003,rolling_false_safe,2800,0.0
3,H24,3003,rolling_false_safe,2850,0.0
3,H24,3003,rolling_false_safe,2900,0.0
3,H24,3003,rolling_false_safe,2950,0.0
3,H24,3003,rolling_false_safe,3000,0.0
3,H24,3003,rolling_false_safe,3050,0.0
3,H24,3003,rolling_false_safe,3100,0.0
3,H24,3003,rolling_false_safe,3150,0.0
3,H24,3003,rolling_false_safe,3200,0.0
3,H24,3003,rolling_false_safe,3250,0.0
3,H24,3003,rolling_false_safe,3300,0.005
3,H24,3003,rolling_false_safe,3350,0.005
3,H24,3003,rolling_false_safe,3400,0.005
3,H24,3003,rolling_false_safe,3450,0.01
3,H24,3003,rolling_false_safe,3500,0.01
3,H24,3003,rolling_false_safe,3550,0.01
3,H24,3003,rolling_false_safe,3600,0.01
3,H24,3003,rolling_false_safe,3650,0.005
3,H24,3003,rolling_false_safe,3700,0.0
3,H24,3003,rolling_false_safe,3750,0.0
3,H24,3003,rolling_false_safe,3800,0.0
3,H24,3003,rolling_false_safe,3850,0.0
3,H24,3003,rolling_false_safe,3900,0.0
3,H24,3003,rolling_false_safe,3950,0.0
3,H24,3003,rolling_false_safe,4000,0.0
3,H24,3003,rolling_false_safe,4050,0.0
3,H24,3003,rolling_false_safe,4100,0.0
3,H24,3003,rolling_false_safe,4150,0.0
3,H24,3003,rolling_false_safe,4200,0.0
3,H24,3003,rolling_false_safe,4250,0.0
3,H24,3003,rolling_false_safe,4300,0.005
3,H24,3003,rolling_false_safe,4350,0.005
3,H24,3003,rolling_false_safe,4400,0.005
3,H24,3003,rolling_false_safe,4450,0.005
3,H24,3003,rolling_false_safe,4500,0.0
3,H24,3003,rolling_false_safe,4550,0.0
3,H24,3003,rolling_false_safe,4600,0.0
3,H24,3003,rolling_false_safe,4650,0.0
3,H24,3003,rolling_false_safe,4700,0.0
3,H24,3003,rolling_false_safe,4750,0.0
3,H24,3003,rolling_false_safe,4800,0.0
3,H24,3003,rolling_false_safe,4850,0.0
3,H24,3003,rolling_false_safe,4900,0.0
3,H24,3003,rolling_false_safe,4950,0.01
3,H24,3003,onchain_governance_recorded,23,1.0
3,H24,3004,rolling_false_safe,0,0.0
3,H24,3004,rolling_false_safe,50,0.0196078431372549
3,H24,3004,rolling_false_safe,100,0.0099009900990099
3,H24,3004,rolling_false_safe,150,0.0066225165562913
3,H24,3004,rolling_false_safe,200,0.005
3,H24,3004,rolling_false_safe,250,0.0
3,H24,3004,rolling_false_safe,300,0.005
3,H24,3004,rolling_false_safe,350,0.01
3,H24,3004,rolling_false_safe,400,0.015
3,H24,3004,rolling_false_safe,450,0.015
3,H24,3004,rolling_false_safe,500,0.01
3,H24,3004,rolling_false_safe,550,0.005
3,H24,3004,rolling_false_safe,600,0.0
3,H24,3004,rolling_false_safe,650,0.0
3,H24,3004,rolling_false_safe,700,0.0
3,H24,3004,rolling_false_safe,750,0.005
3,H24,3004,rolling_false_safe,800,0.005
3,H24,3004,rolling_false_safe,850,0.005
3,H24,3004,rolling_false_safe,900,0.005
3,H24,3004,rolling_false_safe,950,0.0
3,H24,3004,rolling_false_safe,1000,0.0
3,H24,3004,rolling_false_safe,1050,0.0
3,H24,3004,rolling_false_safe,1100,0.0
3,H24,3004,rolling_false_safe,1150,0.0
3,H24,3004,rolling_false_safe,1200,0.0
3,H24,3004,rolling_false_safe,1250,0.005
3,H24,3004,rolling_false_safe,1300,0.005
3,H24,3004,rolling_false_safe,1350,0.005
3,H24,3004,rolling_false_safe,1400,0.005
3,H24,3004,rolling_false_safe,1450,0.0
3,H24,3004,rolling_false_safe,1500,0.0
3,H24,3004,rolling_false_safe,1550,0.005
3,H24,3004,rolling_false_safe,1600,0.005
3,H24,3004,rolling_false_safe,1650,0.005
3,H24,3004,rolling_false_safe,1700,0.005
3,H24,3004,rolling_false_safe,1750,0.0
3,H24,3004,rolling_false_safe,1800,0.005
3,H24,3004,rolling_false_safe,1850,0.005
3,H24,3004,rolling_false_safe,1900,0.005
3,H24,3004,rolling_false_safe,1950,0.005
3,H24,3004,rolling_false_safe,2000,0.0
3,H24,3004,rolling_false_safe,2050,0.0
3,H24,3004,rolling_false_safe,2100,0.0
3,H24,3004,rolling_false_safe,2150,0.0
3,H24,3004,rolling_false_safe,2200,0.0
3,H24,3004,rolling_false_safe,2250,0.0
3,H24,3004,rolling_false_safe,2300,0.0
3,H24,3004,rolling_false_safe,2350,0.0
3,H24,3004,rolling_false_safe,2400,0.0
3,H24,3004,rolling_false_safe,2450,0.0
3,H24,3004,rolling_false_safe,2500,0.0
3,H24,3004,rolling_false_safe,2550,0.005
3,H24,3004,rolling_false_safe,2600,0.005
3,H24,3004,rolling_false_safe,2650,0.01
3,H24,3004,rolling_false_safe,2700,0.01
3,H24,3004,rolling_false_safe,2750,0.005
3,H24,3004,rolling_false_safe,2800,0.005
3,H24,3004,rolling_false_safe,2850,0.005
3,H24,3004,rolling_false_safe,2900,0.005
3,H24,3004,rolling_false_safe,2950,0.005
3,H24,3004,rolling_false_safe,3000,0.005
3,H24,3004,rolling_false_safe,3050,0.0
3,H24,3004,rolling_false_safe,3100,0.0
3,H24,3004,rolling_false_safe,3150,0.005
3,H24,3004,rolling_false_safe,3200,0.01
3,H24,3004,rolling_false_safe,3250,0.01
3,H24,3004,rolling_false_safe,3300,0.01
3,H24,3004,rolling_false_safe,3350,0.005
3,H24,3004,rolling_false_safe,3400,0.0
3,H24,3004,rolling_false_safe,3450,0.0
3,H24,3004,rolling_false_safe,3500,0.0
3,H24,3004,rolling_false_safe,3550,0.0
3,H24,3004,rolling_false_safe,3600,0.0
3,H24,3004,rolling_false_safe,3650,0.0
3,H24,3004,rolling_false_safe,3700,0.0
3,H24,3004,rolling_false_safe,3750,0.0
3,H24,3004,rolling_false_safe,3800,0.0
3,H24,3004,rolling_false_safe,3850,0.0
3,H24,3004,rolling_false_safe,3900,0.0
3,H24,3004,rolling_false_safe,3950,0.0
3,H24,3004,rolling_false_safe,4000,0.0
3,H24,3004,rolling_false_safe,4050,0.0
3,H24,3004,rolling_false_safe,4100,0.0
3,H24,3004,rolling_false_safe,4150,0.0
3,H24,3004,rolling_false_safe,4200,0.005
3,H24,3004,rolling_false_safe,4250,0.005
3,H24,3004,rolling_false_safe,4300,0.005
3,H24,3004,rolling_false_safe,4350,0.01
3,H24,3004,rolling_false_safe,4400,0.005
3,H24,3004,rolling_false_safe,4450,0.005
3,H24,3004,rolling_false_safe,4500,0.005
3,H24,3004,rolling_false_safe,4550,0.0
3,H24,3004,rolling_false_safe,4600,0.005
3,H24,3004,rolling_false_safe,4650,0.01
3,H24,3004,rolling_false_safe,4700,0.01
3,H24,3004,rolling_false_safe,4750,0.01
3,H24,3004,rolling_false_safe,4800,0.005
3,H24,3004,rolling_false_safe,4850,0.0
3,H24,3004,rolling_false_safe,4900,0.005
3,H24,3004,rolling_false_safe,4950,0.005
3,H24,3004,onchain_governance_recorded,27,1.0
3,H24,3005,rolling_false_safe,0,0.0
3,H24,3005,rolling_false_safe,50,0.0196078431372549
3,H24,3005,rolling_false_safe,100,0.0099009900990099
3,H24,3005,rolling_false_safe,150,0.0066225165562913
3,H24,3005,rolling_false_safe,200,0.005
3,H24,3005,rolling_false_safe,250,0.0
3,H24,3005,rolling_false_safe,300,0.0
3,H24,3005,rolling_false_safe,350,0.0
3,H24,3005,rolling_false_safe,400,0.0
3,H24,3005,rolling_false_safe,450,0.0
3,H24,3005,rolling_false_safe,500,0.0
3,H24,3005,rolling_false_safe,550,0.0
3,H24,3005,rolling_false_safe,600,0.0
3,H24,3005,rolling_false_safe,650,0.0
3,H24,3005,rolling_false_safe,700,0.0
3,H24,3005,rolling_false_safe,750,0.005
3,H24,3005,rolling_false_safe,800,0.01
3,H24,3005,rolling_false_safe,850,0.01
3,H24,3005,rolling_false_safe,900,0.015
3,H24,3005,rolling_false_safe,950,0.01
3,H24,3005,rolling_false_safe,1000,0.005
3,H24,3005,rolling_false_safe,1050,0.005
3,H24,3005,rolling_false_safe,1100,0.0
3,H24,3005,rolling_false_safe,1150,0.0
3,H24,3005,rolling_false_safe,1200,0.0
3,H24,3005,rolling_false_safe,1250,0.005
3,H24,3005,rolling_false_safe,1300,0.005
3,H24,3005,rolling_false_safe,1350,0.01
3,H24,3005,rolling_false_safe,1400,0.01
3,H24,3005,rolling_false_safe,1450,0.005
3,H24,3005,rolling_false_safe,1500,0.005
3,H24,3005,rolling_false_safe,1550,0.0
3,H24,3005,rolling_false_safe,1600,0.0
3,H24,3005,rolling_false_safe,1650,0.0
3,H24,3005,rolling_false_safe,1700,0.0
3,H24,3005,rolling_false_safe,1750,0.0
3,H24,3005,rolling_false_safe,1800,0.0
3,H24,3005,rolling_false_safe,1850,0.005
3,H24,3005,rolling_false_safe,1900,0.005
3,H24,3005,rolling_false_safe,1950,0.005
3,H24,3005,rolling_false_safe,2000,0.005
3,H24,3005,rolling_false_safe,2050,0.0
3,H24,3005,rolling_false_safe,2100,0.005
3,H24,3005,rolling_false_safe,2150,0.005
3,H24,3005,rolling_false_safe,2200,0.005
3,H24,3005,rolling_false_safe,2250,0.005
3,H24,3005,rolling_false_safe,2300,0.0
3,H24,3005,rolling_false_safe,2350,0.0
3,H24,3005,rolling_false_safe,2400,0.0
3,H24,3005,rolling_false_safe,2450,0.0
3,H24,3005,rolling_false_safe,2500,0.0
3,H24,3005,rolling_false_safe,2550,0.0
3,H24,3005,rolling_false_safe,2600,0.0
3,H24,3005,rolling_false_safe,2650,0.0
3,H24,3005,rolling_false_safe,2700,0.0
3,H24,3005,rolling_false_safe,2750,0.0
3,H24,3005,rolling_false_safe,2800,0.0
3,H24,3005,rolling_false_safe,2850,0.0
3,H24,3005,rolling_false_safe,2900,0.0
3,H24,3005,rolling_false_safe,2950,0.0
3,H24,3005,rolling_false_safe,3000,0.0
3,H24,3005,rolling_false_safe,3050,0.0
3,H24,3005,rolling_false_safe,3100,0.0
3,H24,3005,rolling_false_safe,3150,0.0
3,H24,3005,rolling_false_safe,3200,0.0
3,H24,3005,rolling_false_safe,3250,0.005
3,H24,3005,rolling_false_safe,3300,0.005
3,H24,3005,rolling_false_safe,3350,0.005
3,H24,3005,rolling_false_safe,3400,0.005
3,H24,3005,rolling_false_safe,3450,0.0
3,H24,3005,rolling_false_safe,3500,0.0
3,H24,3005,rolling_false_safe,3550,0.005
3,H24,3005,rolling_false_safe,3600,0.005
3,H24,3005,rolling_false_safe,3650,0.005
3,H24,3005,rolling_false_safe,3700,0.005
3,H24,3005,rolling_false_safe,3750,0.0
3,H24,3005,rolling_false_safe,3800,0.0
3,H24,3005,rolling_false_safe,3850,0.0
3,H24,3005,rolling_false_safe,3900,0.0
3,H24,3005,rolling_false_safe,3950,0.0
3,H24,3005,rolling_false_safe,4000,0.0
3,H24,3005,rolling_false_safe,4050,0.0
3,H24,3005,rolling_false_safe,4100,0.0
3,H24,3005,rolling_false_safe,4150,0.0
3,H24,3005,rolling_false_safe,4200,0.0
3,H24,3005,rolling_false_safe,4250,0.0
3,H24,3005,rolling_false_safe,4300,0.0
3,H24,3005,rolling_false_safe,4350,0.0
3,H24,3005,rolling_false_safe,4400,0.0
3,H24,3005,rolling_false_safe,4450,0.0
3,H24,3005,rolling_false_safe,4500,0.0
3,H24,3005,rolling_false_safe,4550,0.0
3,H24,3005,rolling_false_safe,4600,0.0
3,H24,3005,rolling_false_safe,4650,0.0
3,H24,3005,rolling_false_safe,4700,0.0
3,H24,3005,rolling_false_safe,4750,0.0
3,H24,3005,rolling_false_safe,4800,0.0
3,H24,3005,rolling_false_safe,4850,0.0
3,H24,3005,rolling_false_safe,4900,0.0
3,H24,3005,rolling_false_safe,4950,0.0
3,H24,3005,onchain_governance_recorded,28,1.0
3,H24,3006,rolling_false_safe,0,0.0
3,H24,3006,rolling_false_safe,50,0.0
3,H24,3006,rolling_false_safe,100,0.0
3,H24,3006,rolling_false_safe,150,0.0
3,H24,3006,rolling_false_safe,200,0.0
3,H24,3006,rolling_false_safe,250,0.0
3,H24,3006,rolling_false_safe,300,0.005
3,H24,3006,rolling_false_safe,350,0.005
3,H24,3006,rolling_false_safe,400,0.005
3,H24,3006,rolling_false_safe,450,0.01
3,H24,3006,rolling_false_safe,500,0.01
3,H24,3006,rolling_false_safe,550,0.01
3,H24,3006,rolling_false_safe,600,0.01
3,H24,3006,rolling_false_safe,650,0.005
3,H24,3006,rolling_false_safe,700,0.0
3,H24,3006,rolling_false_safe,750,0.005
3,H24,3006,rolling_false_safe,800,0.005
3,H24,3006,rolling_false_safe,850,0.005
3,H24,3006,rolling_false_safe,900,0.01
3,H24,3006,rolling_false_safe,950,0.005
3,H24,3006,rolling_false_safe,1000,0.005
3,H24,3006,rolling_false_safe,1050,0.01
3,H24,3006,rolling_false_safe,1100,0.005
3,H24,3006,rolling_false_safe,1150,0.005
3,H24,3006,rolling_false_safe,1200,0.005
3,H24,3006,rolling_false_safe,1250,0.0
3,H24,3006,rolling_false_safe,1300,0.0
3,H24,3006,rolling_false_safe,1350,0.005
3,H24,3006,rolling_false_safe,1400,0.005
3,H24,3006,rolling_false_safe,1450,0.005
3,H24,3006,rolling_false_safe,1500,0.01
3,H24,3006,rolling_false_safe,1550,0.015
3,H24,3006,rolling_false_safe,1600,0.015
3,H24,3006,rolling_false_safe,1650,0.015
3,H24,3006,rolling_false_safe,1700,0.01
3,H24,3006,rolling_false_safe,1750,0.0
3,H24,3006,rolling_false_safe,1800,0.01
3,H24,3006,rolling_false_safe,1850,0.01
3,H24,3006,rolling_false_safe,1900,0.015
3,H24,3006,rolling_false_safe,1950,0.015
3,H24,3006,rolling_false_safe,2000,0.005
3,H24,3006,rolling_false_safe,2050,0.005
3,H24,3006,rolling_false_safe,2100,0.0
3,H24,3006,rolling_false_safe,2150,0.0
3,H24,3006,rolling_false_safe,2200,0.0
3,H24,3006,rolling_false_safe,2250,0.0
3,H24,3006,rolling_false_safe,2300,0.0
3,H24,3006,rolling_false_safe,2350,0.0
3,H24,3006,rolling_false_safe,2400,0.0
3,H24,3006,rolling_false_safe,2450,0.0
3,H24,3006,rolling_false_safe,2500,0.0
3,H24,3006,rolling_false_safe,2550,0.005
3,H24,3006,rolling_false_safe,2600,0.005
3,H24,3006,rolling_false_safe,2650,0.005
3,H24,3006,rolling_false_safe,2700,0.005
3,H24,3006,rolling_false_safe,2750,0.0
3,H24,3006,rolling_false_safe,2800,0.0
3,H24,3006,rolling_false_safe,2850,0.0
3,H24,3006,rolling_false_safe,2900,0.005
3,H24,3006,rolling_false_safe,2950,0.005
3,H24,3006,rolling_false_safe,3000,0.005
3,H24,3006,rolling_false_safe,3050,0.005
3,H24,3006,rolling_false_safe,3100,0.0
3,H24,3006,rolling_false_safe,3150,0.005
3,H24,3006,rolling_false_safe,3200,0.005
3,H24,3006,rolling_false_safe,3250,0.005
3,H24,3006,rolling_false_safe,3300,0.005
3,H24,3006,rolling_false_safe,3350,0.0
3,H24,3006,rolling_false_safe,3400,0.0
3,H24,3006,rolling_false_safe,3450,0.0
3,H24,3006,rolling_false_safe,3500,0.0
3,H24,3006,rolling_false_safe,3550,0.005
3,H24,3006,rolling_false_safe,3600,0.005
3,H24,3006,rolling_false_safe,3650,0.005
3,H24,3006,rolling_false_safe,3700,0.005
3,H24,3006,rolling_false_safe,3750,0.0
3,H24,3006,rolling_false_safe,3800,0.0
3,H24,3006,rolling_false_safe,3850,0.0
3,H24,3006,rolling_false_safe,3900,0.0
3,H24,3006,rolling_false_safe,3950,0.0
3,H24,3006,rolling_false_safe,4000,0.005
3,H24,3006,rolling_false_safe,4050,0.005
3,H24,3006,rolling_false_safe,4100,0.005
3,H24,3006,rolling_false_safe,4150,0.005
3,H24,3006,rolling_false_safe,4200,0.005
3,H24,3006,rolling_false_safe,4250,0.005
3,H24,3006,rolling_false_safe,4300,0.005
3,H24,3006,rolling_false_safe,4350,0.005
3,H24,3006,rolling_false_safe,4400,0.0
3,H24,3006,rolling_false_safe,4450,0.005
3,H24,3006,rolling_false_safe,4500,0.005
3,H24,3006,rolling_false_safe,4550,0.005
3,H24,3006,rolling_false_safe,4600,0.005
3,H24,3006,rolling_false_safe,4650,0.0
3,H24,3006,rolling_false_safe,4700,0.0
3,H24,3006,rolling_false_safe,4750,0.005
3,H24,3006,rolling_false_safe,4800,0.005
3,H24,3006,rolling_false_safe,4850,0.005
3,H24,3006,rolling_false_safe,4900,0.01
3,H24,3006,rolling_false_safe,4950,0.005
3,H24,3006,onchain_governance_recorded,21,1.0
3,H24,3007,rolling_false_safe,0,0.0
3,H24,3007,rolling_false_safe,50,0.0
3,H24,3007,rolling_false_safe,100,0.0
3,H24,3007,rolling_false_safe,150,0.0
3,H24,3007,rolling_false_safe,200,0.0
3,H24,3007,rolling_false_safe,250,0.0
3,H24,3007,rolling_false_safe,300,0.0
3,H24,3007,rolling_false_safe,350,0.0
3,H24,3007,rolling_false_safe,400,0.005
3,H24,3007,rolling_false_safe,450,0.005
3,H24,3007,rolling_false_safe,500,0.005
3,H24,3007,rolling_false_safe,550,0.005
3,H24,3007,rolling_false_safe,600,0.0
3,H24,3007,rolling_false_safe,650,0.0
3,H24,3007,rolling_false_safe,700,0.0
3,H24,3007,rolling_false_safe,750,0.0
3,H24,3007,rolling_false_safe,800,0.0
3,H24,3007,rolling_false_safe,850,0.0
3,H24,3007,rolling_false_safe,900,0.0
3,H24,3007,rolling_false_safe,950,0.0
3,H24,3007,rolling_false_safe,1000,0.0
3,H24,3007,rolling_false_safe,1050,0.0
3,H24,3007,rolling_false_safe,1100,0.0
3,H24,3007,rolling_false_safe,1150,0.0
3,H24,3007,rolling_false_safe,1200,0.0
3,H24,3007,rolling_false_safe,1250,0.0
3,H24,3007,rolling_false_safe,1300,0.005
3,H24,3007,rolling_false_safe,1350,0.005
3,H24,3007,rolling_false_safe,1400,0.005
3,H24,3007,rolling_false_safe,1450,0.005
3,H24,3007,rolling_false_safe,1500,0.005
3,H24,3007,rolling_false_safe,1550,0.005
3,H24,3007,rolling_false_safe,1600,0.005
3,H24,3007,rolling_false_safe,1650,0.005
3,H24,3007,rolling_false_safe,1700,0.0
3,H24,3007,rolling_false_safe,1750,0.0
3,H24,3007,rolling_false_safe,1800,0.0
3,H24,3007,rolling_false_safe,1850,0.0
3,H24,3007,rolling_false_safe,1900,0.0
3,H24,3007,rolling_false_safe,1950,0.0
3,H24,3007,rolling_false_safe,2000,0.0
3,H24,3007,rolling_false_safe,2050,0.005
3,H24,3007,rolling_false_safe,2100,0.005
3,H24,3007,rolling_false_safe,2150,0.005
3,H24,3007,rolling_false_safe,2200,0.005
3,H24,3007,rolling_false_safe,2250,0.0
3,H24,3007,rolling_false_safe,2300,0.0
3,H24,3007,rolling_false_safe,2350,0.005
3,H24,3007,rolling_false_safe,2400,0.005
3,H24,3007,rolling_false_safe,2450,0.005
3,H24,3007,rolling_false_safe,2500,0.005
3,H24,3007,rolling_false_safe,2550,0.0
3,H24,3007,rolling_false_safe,2600,0.0
3,H24,3007,rolling_false_safe,2650,0.0
3,H24,3007,rolling_false_safe,2700,0.0
3,H24,3007,rolling_false_safe,2750,0.0
3,H24,3007,rolling_false_safe,2800,0.0
3,H24,3007,rolling_false_safe,2850,0.0
3,H24,3007,rolling_false_safe,2900,0.0
3,H24,3007,rolling_false_safe,2950,0.0
3,H24,3007,rolling_false_safe,3000,0.0
3,H24,3007,rolling_false_safe,3050,0.0
3,H24,3007,rolling_false_safe,3100,0.0
3,H24,3007,rolling_false_safe,3150,0.0
3,H24,3007,rolling_false_safe,3200,0.0
3,H24,3007,rolling_false_safe,3250,0.0
3,H24,3007,rolling_false_safe,3300,0.0
3,H24,3007,rolling_false_safe,3350,0.0
3,H24,3007,rolling_false_safe,3400,0.0
3,H24,3007,rolling_false_safe,3450,0.0
3,H24,3007,rolling_false_safe,3500,0.0
3,H24,3007,rolling_false_safe,3550,0.0
3,H24,3007,rolling_false_safe,3600,0.0
3,H24,3007,rolling_false_safe,3650,0.005
3,H24,3007,rolling_false_safe,3700,0.005
3,H24,3007,rolling_false_safe,3750,0.005
3,H24,3007,rolling_false_safe,3800,0.005
3,H24,3007,rolling_false_safe,3850,0.0
3,H24,3007,rolling_false_safe,3900,0.0
3,H24,3007,rolling_false_safe,3950,0.005
3,H24,3007,rolling_false_safe,4000,0.005
3,H24,3007,rolling_false_safe,4050,0.01
3,H24,3007,rolling_false_safe,4100,0.01
3,H24,3007,rolling_false_safe,4150,0.005
3,H24,3007,rolling_false_safe,4200,0.005
3,H24,3007,rolling_false_safe,4250,0.0
3,H24,3007,rolling_false_safe,4300,0.0
3,H24,3007,rolling_false_safe,4350,0.0
3,H24,3007,rolling_false_safe,4400,0.0
3,H24,3007,rolling_false_safe,4450,0.0
3,H24,3007,rolling_false_safe,4500,0.0
3,H24,3007,rolling_false_safe,4550,0.0
3,H24,3007,rolling_false_safe,4600,0.0
3,H24,3007,rolling_false_safe,4650,0.0
3,H24,3007,rolling_false_safe,4700,0.0
3,H24,3007,rolling_false_safe,4750,0.0
3,H24,3007,rolling_false_safe,4800,0.0
3,H24,3007,rolling_false_safe,4850,0.0
3,H24,3007,rolling_false_safe,4900,0.0
3,H24,3007,rolling_false_safe,4950,0.0
3,H24,3007,onchain_governance_recorded,24,1.0
3,H24,3008,rolling_false_safe,0,0.0
3,H24,3008,rolling_false_safe,50,0.0
3,H24,3008,rolling_false_safe,100,0.0
3,H24,3008,rolling_false_safe,150,0.0
3,H24,3008,rolling_false_safe,200,0.0
3,H24,3008,rolling_false_safe,250,0.0
3,H24,3008,rolling_false_safe,300,0.0
3,H24,3008,rolling_false_safe,350,0.0
3,H24,3008,rolling_false_safe,400,0.0
3,H24,3008,rolling_false_safe,450,0.0
3,H24,3008,rolling_false_safe,500,0.0
3,H24,3008,rolling_false_safe,550,0.0
3,H24,3008,rolling_false_safe,600,0.0
3,H24,3008,rolling_false_safe,650,0.0
3,H24,3008,rolling_false_safe,700,0.0
3,H24,3008,rolling_false_safe,750,0.0
3,H24,3008,rolling_false_safe,800,0.0
3,H24,3008,rolling_false_safe,850,0.0
3,H24,3008,rolling_false_safe,900,0.0
3,H24,3008,rolling_false_safe,950,0.0
3,H24,3008,rolling_false_safe,1000,0.0
3,H24,3008,rolling_false_safe,1050,0.0
3,H24,3008,rolling_false_safe,1100,0.0
3,H24,3008,rolling_false_safe,1150,0.0
3,H24,3008,rolling_false_safe,1200,0.0
3,H24,3008,rolling_false_safe,1250,0.005
3,H24,3008,rolling_false_safe,1300,0.01
3,H24,3008,rolling_false_safe,1350,0.01
3,H24,3008,rolling_false_safe,1400,0.01
3,H24,3008,rolling_false_safe,1450,0.005
3,H24,3008,rolling_false_safe,1500,0.0
3,H24,3008,rolling_false_safe,1550,0.0
3,H24,3008,rolling_false_safe,1600,0.0
3,H24,3008,rolling_false_safe,1650,0.005
3,H24,3008,rolling_false_safe,1700,0.01
3,H24,3008,rolling_false_safe,1750,0.01
3,H24,3008,rolling_false_safe,1800,0.01
3,H24,3008,rolling_false_safe,1850,0.005
3,H24,3008,rolling_false_safe,1900,0.0
3,H24,3008,rolling_false_safe,1950,0.0
3,H24,3008,rolling_false_safe,2000,0.0
3,H24,3008,rolling_false_safe,2050,0.0
3,H24,3008,rolling_false_safe,2100,0.0
3,H24,3008,rolling_false_safe,2150,0.0
3,H24,3008,rolling_false_safe,2200,0.0
3,H24,3008,rolling_false_safe,2250,0.0
3,H24,3008,rolling_false_safe,2300,0.0
3,H24,3008,rolling_false_safe,2350,0.0
3,H24,3008,rolling_false_safe,2400,0.0
3,H24,3008,rolling_false_safe,2450,0.0
3,H24,3008,rolling_false_safe,2500,0.0
3,H24,3008,rolling_false_safe,2550,0.0
3,H24,3008,rolling_false_safe,2600,0.0
3,H24,3008,rolling_false_safe,2650,0.0
3,H24,3008,rolling_false_safe,2700,0.0
3,H24,3008,rolling_false_safe,2750,0.0
3,H24,3008,rolling_false_safe,2800,0.0
3,H24,3008,rolling_false_safe,2850,0.005
3,H24,3008,rolling_false_safe,2900,0.005
3,H24,3008,rolling_false_safe,2950,0.005
3,H24,3008,rolling_false_safe,3000,0.005
3,H24,3008,rolling_false_safe,3050,0.0
3,H24,3008,rolling_false_safe,3100,0.0
3,H24,3008,rolling_false_safe,3150,0.0
3,H24,3008,rolling_false_safe,3200,0.0
3,H24,3008,rolling_false_safe,3250,0.0
3,H24,3008,rolling_false_safe,3300,0.0
3,H24,3008,rolling_false_safe,3350,0.0
3,H24,3008,rolling_false_safe,3400,0.0
3,H24,3008,rolling_false_safe,3450,0.0
3,H24,3008,rolling_false_safe,3500,0.0
3,H24,3008,rolling_false_safe,3550,0.0
3,H24,3008,rolling_false_safe,3600,0.0
3,H24,3008,rolling_false_safe,3650,0.0
3,H24,3008,rolling_false_safe,3700,0.0
3,H24,3008,rolling_false_safe,3750,0.0
3,H24,3008,rolling_false_safe,3800,0.005
3,H24,3008,rolling_false_safe,3850,0.01
3,H24,3008,rolling_false_safe,3900,0.01
3,H24,3008,rolling_false_safe,3950,0.01
3,H24,3008,rolling_false_safe,4000,0.005
3,H24,3008,rolling_false_safe,4050,0.0
3,H24,3008,rolling_false_safe,4100,0.0
3,H24,3008,rolling_false_safe,4150,0.0
3,H24,3008,rolling_false_safe,4200,0.0
3,H24,3008,rolling_false_safe,4250,0.0
3,H24,3008,rolling_false_safe,4300,0.0
3,H24,3008,rolling_false_safe,4350,0.0
3,H24,3008,rolling_false_safe,4400,0.0
3,H24,3008,rolling_false_safe,4450,0.0
3,H24,3008,rolling_false_safe,4500,0.0
3,H24,3008,rolling_false_safe,4550,0.005
3,H24,3008,rolling_false_safe,4600,0.005
3,H24,3008,rolling_false_safe,4650,0.005
3,H24,3008,rolling_false_safe,4700,0.005
3,H24,3008,rolling_false_safe,4750,0.0
3,H24,3008,rolling_false_safe,4800,0.0
3,H24,3008,rolling_false_safe,4850,0.0
3,H24,3008,rolling_false_safe,4900,0.0
3,H24,3008,rolling_false_safe,4950,0.005
3,H24,3008,onchain_governance_recorded,24,1.0
3,H24,3009,rolling_false_safe,0,0.0
3,H24,3009,rolling_false_safe,50,0.0
3,H24,3009,rolling_false_safe,100,0.0
3,H24,3009,rolling_false_safe,150,0.0
3,H24,3009,rolling_false_safe,200,0.005
3,H24,3009,rolling_false_safe,250,0.005
3,H24,3009,rolling_false_safe,300,0.01
3,H24,3009,rolling_false_safe,350,0.01
3,H24,3009,rolling_false_safe,400,0.005
3,H24,3009,rolling_false_safe,450,0.005
3,H24,3009,rolling_false_safe,500,0.0
3,H24,3009,rolling_false_safe,550,0.0
3,H24,3009,rolling_false_safe,600,0.0
3,H24,3009,rolling_false_safe,650,0.005
3,H24,3009,rolling_false_safe,700,0.005
3,H24,3009,rolling_false_safe,750,0.005
3,H24,3009,rolling_false_safe,800,0.01
3,H24,3009,rolling_false_safe,850,0.005
3,H24,3009,rolling_false_safe,900,0.01
3,H24,3009,rolling_false_safe,950,0.01
3,H24,3009,rolling_false_safe,1000,0.005
3,H24,3009,rolling_false_safe,1050,0.005
3,H24,3009,rolling_false_safe,1100,0.0
3,H24,3009,rolling_false_safe,1150,0.0
3,H24,3009,rolling_false_safe,1200,0.0
3,H24,3009,rolling_false_safe,1250,0.0
3,H24,3009,rolling_false_safe,1300,0.0
3,H24,3009,rolling_false_safe,1350,0.0
3,H24,3009,rolling_false_safe,1400,0.0
3,H24,3009,rolling_false_safe,1450,0.0
3,H24,3009,rolling_false_safe,1500,0.0
3,H24,3009,rolling_false_safe,1550,0.0
3,H24,3009,rolling_false_safe,1600,0.005
3,H24,3009,rolling_false_safe,1650,0.005
3,H24,3009,rolling_false_safe,1700,0.005
3,H24,3009,rolling_false_safe,1750,0.01
3,H24,3009,rolling_false_safe,1800,0.01
3,H24,3009,rolling_false_safe,1850,0.01
3,H24,3009,rolling_false_safe,1900,0.01
3,H24,3009,rolling_false_safe,1950,0.005
3,H24,3009,rolling_false_safe,2000,0.0
3,H24,3009,rolling_false_safe,2050,0.0
3,H24,3009,rolling_false_safe,2100,0.0
3,H24,3009,rolling_false_safe,2150,0.01
3,H24,3009,rolling_false_safe,2200,0.01
3,H24,3009,rolling_false_safe,2250,0.01
3,H24,3009,rolling_false_safe,2300,0.01
3,H24,3009,rolling_false_safe,2350,0.0
3,H24,3009,rolling_false_safe,2400,0.0
3,H24,3009,rolling_false_safe,2450,0.0
3,H24,3009,rolling_false_safe,2500,0.0
3,H24,3009,rolling_false_safe,2550,0.0
3,H24,3009,rolling_false_safe,2600,0.0
3,H24,3009,rolling_false_safe,2650,0.005
3,H24,3009,rolling_false_safe,2700,0.005
3,H24,3009,rolling_false_safe,2750,0.005
3,H24,3009,rolling_false_safe,2800,0.005
3,H24,3009,rolling_false_safe,2850,0.0
3,H24,3009,rolling_false_safe,2900,0.0
3,H24,3009,rolling_false_safe,2950,0.0
3,H24,3009,rolling_false_safe,3000,0.0
3,H24,3009,rolling_false_safe,3050,0.0
3,H24,3009,rolling_false_safe,3100,0.0
3,H24,3009,rolling_false_safe,3150,0.0
3,H24,3009,rolling_false_safe,3200,0.0
3,H24,3009,rolling_false_safe,3250,0.0
3,H24,3009,rolling_false_safe,3300,0.0
3,H24,3009,rolling_false_safe,3350,0.0
3,H24,3009,rolling_false_safe,3400,0.0
3,H24,3009,rolling_false_safe,3450,0.005
3,H24,3009,rolling_false_safe,3500,0.005
3,H24,3009,rolling_false_safe,3550,0.01
3,H24,3009,rolling_false_safe,3600,0.01
3,H24,3009,rolling_false_safe,3650,0.005
3,H24,3009,rolling_false_safe,3700,0.005
3,H24,3009,rolling_false_safe,3750,0.0
3,H24,3009,rolling_false_safe,3800,0.0
3,H24,3009,rolling_false_safe,3850,0.0
3,H24,3009,rolling_false_safe,3900,0.0
3,H24,3009,rolling_false_safe,3950,0.005
3,H24,3009,rolling_false_safe,4000,0.005
3,H24,3009,rolling_false_safe,4050,0.005
3,H24,3009,rolling_false_safe,4100,0.005
3,H24,3009,rolling_false_safe,4150,0.005
3,H24,3009,rolling_false_safe,4200,0.01
3,H24,3009,rolling_false_safe,4250,0.01
3,H24,3009,rolling_false_safe,4300,0.01
3,H24,3009,rolling_false_safe,4350,0.005
3,H24,3009,rolling_false_safe,4400,0.0
3,H24,3009,rolling_false_safe,4450,0.0
3,H24,3009,rolling_false_safe,4500,0.0
3,H24,3009,rolling_false_safe,4550,0.0
3,H24,3009,rolling_false_safe,4600,0.0
3,H24,3009,rolling_false_safe,4650,0.0
3,H24,3009,rolling_false_safe,4700,0.0
3,H24,3009,rolling_false_safe,4750,0.0
3,H24,3009,rolling_false_safe,4800,0.0
3,H24,3009,rolling_false_safe,4850,0.0
3,H24,3009,rolling_false_safe,4900,0.0
3,H24,3009,rolling_false_safe,4950,0.0
3,H24,3009,onchain_governance_recorded,28,1.0
3,H24,3010,rolling_false_safe,0,0.0
3,H24,3010,rolling_false_safe,50,0.0
3,H24,3010,rolling_false_safe,100,0.0
3,H24,3010,rolling_false_safe,150,0.0
3,H24,3010,rolling_false_safe,200,0.0
3,H24,3010,rolling_false_safe,250,0.0
3,H24,3010,rolling_false_safe,300,0.0
3,H24,3010,rolling_false_safe,350,0.0
3,H24,3010,rolling_false_safe,400,0.0
3,H24,3010,rolling_false_safe,450,0.0
3,H24,3010,rolling_false_safe,500,0.0
3,H24,3010,rolling_false_safe,550,0.0
3,H24,3010,rolling_false_safe,600,0.0
3,H24,3010,rolling_false_safe,650,0.0
3,H24,3010,rolling_false_safe,700,0.0
3,H24,3010,rolling_false_safe,750,0.0
3,H24,3010,rolling_false_safe,800,0.0
3,H24,3010,rolling_false_safe,850,0.0
3,H24,3010,rolling_false_safe,900,0.0
3,H24,3010,rolling_false_safe,950,0.0
3,H24,3010,rolling_false_safe,1000,0.0
3,H24,3010,rolling_false_safe,1050,0.0
3,H24,3010,rolling_false_safe,1100,0.0
3,H24,3010,rolling_false_safe,1150,0.0
3,H24,3010,rolling_false_safe,1200,0.0
3,H24,3010,rolling_false_safe,1250,0.0
3,H24,3010,rolling_false_safe,1300,0.005
3,H24,3010,rolling_false_safe,1350,0.005
3,H24,3010,rolling_false_safe,1400,0.005
3,H24,3010,rolling_false_safe,1450,0.005
3,H24,3010,rolling_false_safe,1500,0.0
3,H24,3010,rolling_false_safe,1550,0.0
3,H24,3010,rolling_false_safe,1600,0.0
3,H24,3010,rolling_false_safe,1650,0.0
3,H24,3010,rolling_false_safe,1700,0.0
3,H24,3010,rolling_false_safe,1750,0.005
3,H24,3010,rolling_false_safe,1800,0.005
3,H24,3010,rolling_false_safe,1850,0.005
3,H24,3010,rolling_false_safe,1900,0.005
3,H24,3010,rolling_false_safe,1950,0.0
3,H24,3010,rolling_false_safe,2000,0.0
3,H24,3010,rolling_false_safe,2050,0.0
3,H24,3010,rolling_false_safe,2100,0.0
3,H24,3010,rolling_false_safe,2150,0.0
3,H24,3010,rolling_false_safe,2200,0.0
3,H24,3010,rolling_false_safe,2250,0.0
3,H24,3010,rolling_false_safe,2300,0.0
3,H24,3010,rolling_false_safe,2350,0.0
3,H24,3010,rolling_false_safe,2400,0.0
3,H24,3010,rolling_false_safe,2450,0.005
3,H24,3010,rolling_false_safe,2500,0.005
3,H24,3010,rolling_false_safe,2550,0.01
3,H24,3010,rolling_false_safe,2600,0.015
3,H24,3010,rolling_false_safe,2650,0.01
3,H24,3010,rolling_false_safe,2700,0.01
3,H24,3010,rolling_false_safe,2750,0.005
3,H24,3010,rolling_false_safe,2800,0.005
3,H24,3010,rolling_false_safe,2850,0.005
3,H24,3010,rolling_false_safe,2900,0.005
3,H24,3010,rolling_false_safe,2950,0.005
3,H24,3010,rolling_false_safe,3000,0.0
3,H24,3010,rolling_false_safe,3050,0.005
3,H24,3010,rolling_false_safe,3100,0.005
3,H24,3010,rolling_false_safe,3150,0.005
3,H24,3010,rolling_false_safe,3200,0.005
3,H24,3010,rolling_false_safe,3250,0.0
3,H24,3010,rolling_false_safe,3300,0.0
3,H24,3010,rolling_false_safe,3350,0.0
3,H24,3010,rolling_false_safe,3400,0.0
3,H24,3010,rolling_false_safe,3450,0.0
3,H24,3010,rolling_false_safe,3500,0.005
3,H24,3010,rolling_false_safe,3550,0.005
3,H24,3010,rolling_false_safe,3600,0.005
3,H24,3010,rolling_false_safe,3650,0.005
3,H24,3010,rolling_false_safe,3700,0.0
3,H24,3010,rolling_false_safe,3750,0.0
3,H24,3010,rolling_false_safe,3800,0.0
3,H24,3010,rolling_false_safe,3850,0.005
3,H24,3010,rolling_false_safe,3900,0.01
3,H24,3010,rolling_false_safe,3950,0.01
3,H24,3010,rolling_false_safe,4000,0.015
3,H24,3010,rolling_false_safe,4050,0.01
3,H24,3010,rolling_false_safe,4100,0.005
3,H24,3010,rolling_false_safe,4150,0.005
3,H24,3010,rolling_false_safe,4200,0.0
3,H24,3010,rolling_false_safe,4250,0.0
3,H24,3010,rolling_false_safe,4300,0.0
3,H24,3010,rolling_false_safe,4350,0.0
3,H24,3010,rolling_false_safe,4400,0.0
3,H24,3010,rolling_false_safe,4450,0.005
3,H24,3010,rolling_false_safe,4500,0.005
3,H24,3010,rolling_false_safe,4550,0.005
3,H24,3010,rolling_false_safe,4600,0.005
3,H24,3010,rolling_false_safe,4650,0.0
3,H24,3010,rolling_false_safe,4700,0.0
3,H24,3010,rolling_false_safe,4750,0.0
3,H24,3010,rolling_false_safe,4800,0.0
3,H24,3010,rolling_false_safe,4850,0.0
3,H24,3010,rolling_false_safe,4900,0.0
3,H24,3010,rolling_false_safe,4950,0.0
3,H24,3010,onchain_governance_recorded,26,1.0
3,H24,3011,rolling_false_safe,0,0.0
3,H24,3011,rolling_false_safe,50,0.0
3,H24,3011,rolling_false_safe,100,0.0
3,H24,3011,rolling_false_safe,150,0.0066225165562913
3,H24,3011,rolling_false_safe,200,0.005
3,H24,3011,rolling_false_safe,250,0.005
3,H24,3011,rolling_false_safe,300,0.005
3,H24,3011,rolling_false_safe,350,0.0
3,H24,3011,rolling_false_safe,400,0.0
3,H24,3011,rolling_false_safe,450,0.0
3,H24,3011,rolling_false_safe,500,0.005
3,H24,3011,rolling_false_safe,550,0.005
3,H24,3011,rolling_false_safe,600,0.01
3,H24,3011,rolling_false_safe,650,0.01
3,H24,3011,rolling_false_safe,700,0.005
3,H24,3011,rolling_false_safe,750,0.01
3,H24,3011,rolling_false_safe,800,0.005
3,H24,3011,rolling_false_safe,850,0.005
3,H24,3011,rolling_false_safe,900,0.005
3,H24,3011,rolling_false_safe,950,0.0
3,H24,3011,rolling_false_safe,1000,0.0
3,H24,3011,rolling_false_safe,1050,0.0
3,H24,3011,rolling_false_safe,1100,0.0
3,H24,3011,rolling_false_safe,1150,0.0
3,H24,3011,rolling_false_safe,1200,0.0
3,H24,3011,rolling_false_safe,1250,0.0
3,H24,3011,rolling_false_safe,1300,0.0
3,H24,3011,rolling_false_safe,1350,0.0
3,H24,3011,rolling_false_safe,1400,0.005
3,H24,3011,rolling_false_safe,1450,0.005
3,H24,3011,rolling_false_safe,1500,0.01
3,H24,3011,rolling_false_safe,1550,0.01
3,H24,3011,rolling_false_safe,1600,0.005
3,H24,3011,rolling_false_safe,1650,0.005
3,H24,3011,rolling_false_safe,1700,0.0
3,H24,3011,rolling_false_safe,1750,0.0
3,H24,3011,rolling_false_safe,1800,0.0
3,H24,3011,rolling_false_safe,1850,0.0
3,H24,3011,rolling_false_safe,1900,0.0
3,H24,3011,rolling_false_safe,1950,0.0
3,H24,3011,rolling_false_safe,2000,0.0
3,H24,3011,rolling_false_safe,2050,0.0
3,H24,3011,rolling_false_safe,2100,0.0
3,H24,3011,rolling_false_safe,2150,0.0
3,H24,3011,rolling_false_safe,2200,0.0
3,H24,3011,rolling_false_safe,2250,0.005
3,H24,3011,rolling_false_safe,2300,0.005
3,H24,3011,rolling_false_safe,2350,0.005
3,H24,3011,rolling_false_safe,2400,0.005
3,H24,3011,rolling_false_safe,2450,0.0
3,H24,3011,rolling_false_safe,2500,0.0
3,H24,3011,rolling_false_safe,2550,0.005
3,H24,3011,rolling_false_safe,2600,0.005
3,H24,3011,rolling_false_safe,2650,0.005
3,H24,3011,rolling_false_safe,2700,0.005
3,H24,3011,rolling_false_safe,2750,0.0
3,H24,3011,rolling_false_safe,2800,0.0
3,H24,3011,rolling_false_safe,2850,0.0
3,H24,3011,rolling_false_safe,2900,0.0
3,H24,3011,rolling_false_safe,2950,0.0
3,H24,3011,rolling_false_safe,3000,0.0
3,H24,3011,rolling_false_safe,3050,0.0
3,H24,3011,rolling_false_safe,3100,0.0
3,H24,3011,rolling_false_safe,3150,0.0
3,H24,3011,rolling_false_safe,3200,0.0
3,H24,3011,rolling_false_safe,3250,0.005
3,H24,3011,rolling_false_safe,3300,0.005
3,H24,3011,rolling_false_safe,3350,0.005
3,H24,3011,rolling_false_safe,3400,0.005
3,H24,3011,rolling_false_safe,3450,0.0
3,H24,3011,rolling_false_safe,3500,0.0
3,H24,3011,rolling_false_safe,3550,0.0
3,H24,3011,rolling_false_safe,3600,0.0
3,H24,3011,rolling_false_safe,3650,0.0
3,H24,3011,rolling_false_safe,3700,0.0
3,H24,3011,rolling_false_safe,3750,0.005
3,H24,3011,rolling_false_safe,3800,0.005
3,H24,3011,rolling_false_safe,3850,0.01
3,H24,3011,rolling_false_safe,3900,0.01
3,H24,3011,rolling_false_safe,3950,0.005
3,H24,3011,rolling_false_safe,4000,0.005
3,H24,3011,rolling_false_safe,4050,0.0
3,H24,3011,rolling_false_safe,4100,0.0
3,H24,3011,rolling_false_safe,4150,0.0
3,H24,3011,rolling_false_safe,4200,0.0
3,H24,3011,rolling_false_safe,4250,0.0
3,H24,3011,rolling_false_safe,4300,0.005
3,H24,3011,rolling_false_safe,4350,0.005
3,H24,3011,rolling_false_safe,4400,0.01
3,H24,3011,rolling_false_safe,4450,0.01
3,H24,3011,rolling_false_safe,4500,0.005
3,H24,3011,rolling_false_safe,4550,0.005
3,H24,3011,rolling_false_safe,4600,0.0
3,H24,3011,rolling_false_safe,4650,0.0
3,H24,3011,rolling_false_safe,4700,0.005
3,H24,3011,rolling_false_safe,4750,0.005
3,H24,3011,rolling_false_safe,4800,0.005
3,H24,3011,rolling_false_safe,4850,0.005
3,H24,3011,rolling_false_safe,4900,0.0
3,H24,3011,rolling_false_safe,4950,0.0
3,H24,3011,onchain_governance_recorded,24,1.0
3,H24,3012,rolling_false_safe,0,0.0
3,H24,3012,rolling_false_safe,50,0.0196078431372549
3,H24,3012,rolling_false_safe,100,0.0099009900990099
3,H24,3012,rolling_false_safe,150,0.0066225165562913
3,H24,3012,rolling_false_safe,200,0.005
3,H24,3012,rolling_false_safe,250,0.01
3,H24,3012,rolling_false_safe,300,0.01
3,H24,3012,rolling_false_safe,350,0.01
3,H24,3012,rolling_false_safe,400,0.01
3,H24,3012,rolling_false_safe,450,0.005
3,H24,3012,rolling_false_safe,500,0.005
3,H24,3012,rolling_false_safe,550,0.005
3,H24,3012,rolling_false_safe,600,0.005
3,H24,3012,rolling_false_safe,650,0.005
3,H24,3012,rolling_false_safe,700,0.005
3,H24,3012,rolling_false_safe,750,0.005
3,H24,3012,rolling_false_safe,800,0.005
3,H24,3012,rolling_false_safe,850,0.0
3,H24,3012,rolling_false_safe,900,0.0
3,H24,3012,rolling_false_safe,950,0.0
3,H24,3012,rolling_false_safe,1000,0.0
3,H24,3012,rolling_false_safe,1050,0.0
3,H24,3012,rolling_false_safe,1100,0.0
3,H24,3012,rolling_false_safe,1150,0.0
3,H24,3012,rolling_false_safe,1200,0.0
3,H24,3012,rolling_false_safe,1250,0.005
3,H24,3012,rolling_false_safe,1300,0.005
3,H24,3012,rolling_false_safe,1350,0.005
3,H24,3012,rolling_false_safe,1400,0.005
3,H24,3012,rolling_false_safe,1450,0.0
3,H24,3012,rolling_false_safe,1500,0.0
3,H24,3012,rolling_false_safe,1550,0.0
3,H24,3012,rolling_false_safe,1600,0.005
3,H24,3012,rolling_false_safe,1650,0.005
3,H24,3012,rolling_false_safe,1700,0.005
3,H24,3012,rolling_false_safe,1750,0.005
3,H24,3012,rolling_false_safe,1800,0.005
3,H24,3012,rolling_false_safe,1850,0.005
3,H24,3012,rolling_false_safe,1900,0.005
3,H24,3012,rolling_false_safe,1950,0.005
3,H24,3012,rolling_false_safe,2000,0.005
3,H24,3012,rolling_false_safe,2050,0.005
3,H24,3012,rolling_false_safe,2100,0.01
3,H24,3012,rolling_false_safe,2150,0.01
3,H24,3012,rolling_false_safe,2200,0.005
3,H24,3012,rolling_false_safe,2250,0.005
3,H24,3012,rolling_false_safe,2300,0.005
3,H24,3012,rolling_false_safe,2350,0.005
3,H24,3012,rolling_false_safe,2400,0.005
3,H24,3012,rolling_false_safe,2450,0.005
3,H24,3012,rolling_false_safe,2500,0.0
3,H24,3012,rolling_false_safe,2550,0.005
3,H24,3012,rolling_false_safe,2600,0.005
3,H24,3012,rolling_false_safe,2650,0.01
3,H24,3012,rolling_false_safe,2700,0.01
3,H24,3012,rolling_false_safe,2750,0.005
3,H24,3012,rolling_false_safe,2800,0.005
3,H24,3012,rolling_false_safe,2850,0.0
3,H24,3012,rolling_false_safe,2900,0.0
3,H24,3012,rolling_false_safe,2950,0.0
3,H24,3012,rolling_false_safe,3000,0.005
3,H24,3012,rolling_false_safe,3050,0.005
3,H24,3012,rolling_false_safe,3100,0.005
3,H24,3012,rolling_false_safe,3150,0.005
3,H24,3012,rolling_false_safe,3200,0.0
3,H24,3012,rolling_false_safe,3250,0.0
3,H24,3012,rolling_false_safe,3300,0.0
3,H24,3012,rolling_false_safe,3350,0.005
3,H24,3012,rolling_false_safe,3400,0.005
3,H24,3012,rolling_false_safe,3450,0.005
3,H24,3012,rolling_false_safe,3500,0.005
3,H24,3012,rolling_false_safe,3550,0.0
3,H24,3012,rolling_false_safe,3600,0.0
3,H24,3012,rolling_false_safe,3650,0.0
3,H24,3012,rolling_false_safe,3700,0.0
3,H24,3012,rolling_false_safe,3750,0.0
3,H24,3012,rolling_false_safe,3800,0.0
3,H24,3012,rolling_false_safe,3850,0.0
3,H24,3012,rolling_false_safe,3900,0.0
3,H24,3012,rolling_false_safe,3950,0.0
3,H24,3012,rolling_false_safe,4000,0.005
3,H24,3012,rolling_false_safe,4050,0.005
3,H24,3012,rolling_false_safe,4100,0.005
3,H24,3012,rolling_false_safe,4150,0.005
3,H24,3012,rolling_false_safe,4200,0.0
3,H24,3012,rolling_false_safe,4250,0.0
3,H24,3012,rolling_false_safe,4300,0.0
3,H24,3012,rolling_false_safe,4350,0.0
3,H24,3012,rolling_false_safe,4400,0.0
3,H24,3012,rolling_false_safe,4450,0.005
3,H24,3012,rolling_false_safe,4500,0.005
3,H24,3012,rolling_false_safe,4550,0.005
3,H24,3012,rolling_false_safe,4600,0.005
3,H24,3012,rolling_false_safe,4650,0.0
3,H24,3012,rolling_false_safe,4700,0.0
3,H24,3012,rolling_false_safe,4750,0.0
3,H24,3012,rolling_false_safe,4800,0.0
3,H24,3012,rolling_false_safe,4850,0.0
3,H24,3012,rolling_false_safe,4900,0.0
3,H24,3012,rolling_false_safe,4950,0.0
3,H24,3012,onchain_governance_recorded,25,1.0
3,H24,3013,rolling_false_safe,0,0.0
3,H24,3013,rolling_false_safe,50,0.0196078431372549
3,H24,3013,rolling_false_safe,100,0.0099009900990099
3,H24,3013,rolling_false_safe,150,0.0066225165562913
3,H24,3013,rolling_false_safe,200,0.005
3,H24,3013,rolling_false_safe,250,0.0
3,H24,3013,rolling_false_safe,300,0.0
3,H24,3013,rolling_false_safe,350,0.005
3,H24,3013,rolling_false_safe,400,0.01
3,H24,3013,rolling_false_safe,450,0.01
3,H24,3013,rolling_false_safe,500,0.01
3,H24,3013,rolling_false_safe,550,0.005
3,H24,3013,rolling_false_safe,600,0.0
3,H24,3013,rolling_false_safe,650,0.0
3,H24,3013,rolling_false_safe,700,0.005
3,H24,3013,rolling_false_safe,750,0.005
3,H24,3013,rolling_false_safe,800,0.005
3,H24,3013,rolling_false_safe,850,0.005
3,H24,3013,rolling_false_safe,900,0.0
3,H24,3013,rolling_false_safe,950,0.0
3,H24,3013,rolling_false_safe,1000,0.0
3,H24,3013,rolling_false_safe,1050,0.0
3,H24,3013,rolling_false_safe,1100,0.005
3,H24,3013,rolling_false_safe,1150,0.005
3,H24,3013,rolling_false_safe,1200,0.005
3,H24,3013,rolling_false_safe,1250,0.005
3,H24,3013,rolling_false_safe,1300,0.0
3,H24,3013,rolling_false_safe,1350,0.0
3,H24,3013,rolling_false_safe,1400,0.0
3,H24,3013,rolling_false_safe,1450,0.0
3,H24,3013,rolling_false_safe,1500,0.0
3,H24,3013,rolling_false_safe,1550,0.0
3,H24,3013,rolling_false_safe,1600,0.0
3,H24,3013,rolling_false_safe,1650,0.0
3,H24,3013,rolling_false_safe,1700,0.005
3,H24,3013,rolling_false_safe,1750,0.005
3,H24,3013,rolling_false_safe,1800,0.005
3,H24,3013,rolling_false_safe,1850,0.005
3,H24,3013,rolling_false_safe,1900,0.0
3,H24,3013,rolling_false_safe,1950,0.005
3,H24,3013,rolling_false_safe,2000,0.01
3,H24,3013,rolling_false_safe,2050,0.01
3,H24,3013,rolling_false_safe,2100,0.01
3,H24,3013,rolling_false_safe,2150,0.005
3,H24,3013,rolling_false_safe,2200,0.0
3,H24,3013,rolling_false_safe,2250,0.0
3,H24,3013,rolling_false_safe,2300,0.0
3,H24,3013,rolling_false_safe,2350,0.0
3,H24,3013,rolling_false_safe,2400,0.0
3,H24,3013,rolling_false_safe,2450,0.0
3,H24,3013,rolling_false_safe,2500,0.0
3,H24,3013,rolling_false_safe,2550,0.0
3,H24,3013,rolling_false_safe,2600,0.0
3,H24,3013,rolling_false_safe,2650,0.0
3,H24,3013,rolling_false_safe,2700,0.0
3,H24,3013,rolling_false_safe,2750,0.0
3,H24,3013,rolling_false_safe,2800,0.0
3,H24,3013,rolling_false_safe,2850,0.0
3,H24,3013,rolling_false_safe,2900,0.0
3,H24,3013,rolling_false_safe,2950,0.005
3,H24,3013,rolling_false_safe,3000,0.005
3,H24,3013,rolling_false_safe,3050,0.01
3,H24,3013,rolling_false_safe,3100,0.015
3,H24,3013,rolling_false_safe,3150,0.01
3,H24,3013,rolling_false_safe,3200,0.01
3,H24,3013,rolling_false_safe,3250,0.005
3,H24,3013,rolling_false_safe,3300,0.0
3,H24,3013,rolling_false_safe,3350,0.005
3,H24,3013,rolling_false_safe,3400,0.005
3,H24,3013,rolling_false_safe,3450,0.005
3,H24,3013,rolling_false_safe,3500,0.01
3,H24,3013,rolling_false_safe,3550,0.005
3,H24,3013,rolling_false_safe,3600,0.005
3,H24,3013,rolling_false_safe,3650,0.005
3,H24,3013,rolling_false_safe,3700,0.005
3,H24,3013,rolling_false_safe,3750,0.005
3,H24,3013,rolling_false_safe,3800,0.005
3,H24,3013,rolling_false_safe,3850,0.005
3,H24,3013,rolling_false_safe,3900,0.0
3,H24,3013,rolling_false_safe,3950,0.0
3,H24,3013,rolling_false_safe,4000,0.0
3,H24,3013,rolling_false_safe,4050,0.0
3,H24,3013,rolling_false_safe,4100,0.0
3,H24,3013,rolling_false_safe,4150,0.0
3,H24,3013,rolling_false_safe,4200,0.0
3,H24,3013,rolling_false_safe,4250,0.0
3,H24,3013,rolling_false_safe,4300,0.0
3,H24,3013,rolling_false_safe,4350,0.0
3,H24,3013,rolling_false_safe,4400,0.0
3,H24,3013,rolling_false_safe,4450,0.0
3,H24,3013,rolling_false_safe,4500,0.005
3,H24,3013,rolling_false_safe,4550,0.005
3,H24,3013,rolling_false_safe,4600,0.005
3,H24,3013,rolling_false_safe,4650,0.005
3,H24,3013,rolling_false_safe,4700,0.0
3,H24,3013,rolling_false_safe,4750,0.005
3,H24,3013,rolling_false_safe,4800,0.005
3,H24,3013,rolling_false_safe,4850,0.005
3,H24,3013,rolling_false_safe,4900,0.005
3,H24,3013,rolling_false_safe,4950,0.0
3,H24,3013,onchain_governance_recorded,21,1.0
3,H24,3014,rolling_false_safe,0,0.0
3,H24,3014,rolling_false_safe,50,0.0392156862745098
3,H24,3014,rolling_false_safe,100,0.0198019801980198
3,H24,3014,rolling_false_safe,150,0.0132450331125827
3,H24,3014,rolling_false_safe,200,0.01
3,H24,3014,rolling_false_safe,250,0.0
3,H24,3014,rolling_false_safe,300,0.0
3,H24,3014,rolling_false_safe,350,0.005
3,H24,3014,rolling_false_safe,400,0.005
3,H24,3014,rolling_false_safe,450,0.005
3,H24,3014,rolling_false_safe,500,0.005
3,H24,3014,rolling_false_safe,550,0.0
3,H24,3014,rolling_false_safe,600,0.0
3,H24,3014,rolling_false_safe,650,0.005
3,H24,3014,rolling_false_safe,700,0.005
3,H24,3014,rolling_false_safe,750,0.005
3,H24,3014,rolling_false_safe,800,0.005
3,H24,3014,rolling_false_safe,850,0.0
3,H24,3014,rolling_false_safe,900,0.0
3,H24,3014,rolling_false_safe,950,0.0
3,H24,3014,rolling_false_safe,1000,0.0
3,H24,3014,rolling_false_safe,1050,0.0
3,H24,3014,rolling_false_safe,1100,0.0
3,H24,3014,rolling_false_safe,1150,0.0
3,H24,3014,rolling_false_safe,1200,0.0
3,H24,3014,rolling_false_safe,1250,0.0
3,H24,3014,rolling_false_safe,1300,0.0
3,H24,3014,rolling_false_safe,1350,0.0
3,H24,3014,rolling_false_safe,1400,0.0
3,H24,3014,rolling_false_safe,1450,0.0
3,H24,3014,rolling_false_safe,1500,0.0
3,H24,3014,rolling_false_safe,1550,0.0
3,H24,3014,rolling_false_safe,1600,0.005
3,H24,3014,rolling_false_safe,1650,0.005
3,H24,3014,rolling_false_safe,1700,0.01
3,H24,3014,rolling_false_safe,1750,0.01
3,H24,3014,rolling_false_safe,1800,0.005
3,H24,3014,rolling_false_safe,1850,0.005
3,H24,3014,rolling_false_safe,1900,0.0
3,H24,3014,rolling_false_safe,1950,0.0
3,H24,3014,rolling_false_safe,2000,0.0
3,H24,3014,rolling_false_safe,2050,0.0
3,H24,3014,rolling_false_safe,2100,0.0
3,H24,3014,rolling_false_safe,2150,0.0
3,H24,3014,rolling_false_safe,2200,0.0
3,H24,3014,rolling_false_safe,2250,0.0
3,H24,3014,rolling_false_safe,2300,0.0
3,H24,3014,rolling_false_safe,2350,0.0
3,H24,3014,rolling_false_safe,2400,0.0
3,H24,3014,rolling_false_safe,2450,0.0
3,H24,3014,rolling_false_safe,2500,0.0
3,H24,3014,rolling_false_safe,2550,0.0
3,H24,3014,rolling_false_safe,2600,0.0
3,H24,3014,rolling_false_safe,2650,0.0
3,H24,3014,rolling_false_safe,2700,0.0
3,H24,3014,rolling_false_safe,2750,0.0
3,H24,3014,rolling_false_safe,2800,0.0
3,H24,3014,rolling_false_safe,2850,0.0
3,H24,3014,rolling_false_safe,2900,0.0
3,H24,3014,rolling_false_safe,2950,0.0
3,H24,3014,rolling_false_safe,3000,0.0
3,H24,3014,rolling_false_safe,3050,0.005
3,H24,3014,rolling_false_safe,3100,0.005
3,H24,3014,rolling_false_safe,3150,0.005
3,H24,3014,rolling_false_safe,3200,0.005
3,H24,3014,rolling_false_safe,3250,0.0
3,H24,3014,rolling_false_safe,3300,0.0
3,H24,3014,rolling_false_safe,3350,0.0
3,H24,3014,rolling_false_safe,3400,0.0
3,H24,3014,rolling_false_safe,3450,0.0
3,H24,3014,rolling_false_safe,3500,0.0
3,H24,3014,rolling_false_safe,3550,0.0
3,H24,3014,rolling_false_safe,3600,0.0
3,H24,3014,rolling_false_safe,3650,0.0
3,H24,3014,rolling_false_safe,3700,0.0
3,H24,3014,rolling_false_safe,3750,0.0
3,H24,3014,rolling_false_safe,3800,0.0
3,H24,3014,rolling_false_safe,3850,0.0
3,H24,3014,rolling_false_safe,3900,0.0
3,H24,3014,rolling_false_safe,3950,0.0
3,H24,3014,rolling_false_safe,4000,0.0
3,H24,3014,rolling_false_safe,4050,0.0
3,H24,3014,rolling_false_safe,4100,0.005
3,H24,3014,rolling_false_safe,4150,0.01
3,H24,3014,rolling_false_safe,4200,0.015
3,H24,3014,rolling_false_safe,4250,0.015
3,H24,3014,rolling_false_safe,4300,0.01
3,H24,3014,rolling_false_safe,4350,0.005
3,H24,3014,rolling_false_safe,4400,0.0
3,H24,3014,rolling_false_safe,4450,0.0
3,H24,3014,rolling_false_safe,4500,0.005
3,H24,3014,rolling_false_safe,4550,0.005
3,H24,3014,rolling_false_safe,4600,0.005
3,H24,3014,rolling_false_safe,4650,0.005
3,H24,3014,rolling_false_safe,4700,0.0
3,H24,3014,rolling_false_safe,4750,0.0
3,H24,3014,rolling_false_safe,4800,0.005
3,H24,3014,rolling_false_safe,4850,0.005
3,H24,3014,rolling_false_safe,4900,0.005
3,H24,3014,rolling_false_safe,4950,0.005
3,H24,3014,onchain_governance_recorded,23,1.0
3,H24,3015,rolling_false_safe,0,0.0
3,H24,3015,rolling_false_safe,50,0.0
3,H24,3015,rolling_false_safe,100,0.0099009900990099
3,H24,3015,rolling_false_safe,150,0.0066225165562913
3,H24,3015,rolling_false_safe,200,0.005
3,H24,3015,rolling_false_safe,250,0.005
3,H24,3015,rolling_false_safe,300,0.0
3,H24,3015,rolling_false_safe,350,0.0
3,H24,3015,rolling_false_safe,400,0.005
3,H24,3015,rolling_false_safe,450,0.005
3,H24,3015,rolling_false_safe,500,0.005
3,H24,3015,rolling_false_safe,550,0.005
3,H24,3015,rolling_false_safe,600,0.0
3,H24,3015,rolling_false_safe,650,0.0
3,H24,3015,rolling_false_safe,700,0.0
3,H24,3015,rolling_false_safe,750,0.0
3,H24,3015,rolling_false_safe,800,0.0
3,H24,3015,rolling_false_safe,850,0.0
3,H24,3015,rolling_false_safe,900,0.0
3,H24,3015,rolling_false_safe,950,0.0
3,H24,3015,rolling_false_safe,1000,0.0
3,H24,3015,rolling_false_safe,1050,0.0
3,H24,3015,rolling_false_safe,1100,0.0
3,H24,3015,rolling_false_safe,1150,0.0
3,H24,3015,rolling_false_safe,1200,0.0
3,H24,3015,rolling_false_safe,1250,0.0
3,H24,3015,rolling_false_safe,1300,0.005
3,H24,3015,rolling_false_safe,1350,0.005
3,H24,3015,rolling_false_safe,1400,0.005
3,H24,3015,rolling_false_safe,1450,0.005
3,H24,3015,rolling_false_safe,1500,0.0
3,H24,3015,rolling_false_safe,1550,0.0
3,H24,3015,rolling_false_safe,1600,0.0
3,H24,3015,rolling_false_safe,1650,0.0
3,H24,3015,rolling_false_safe,1700,0.0
3,H24,3015,rolling_false_safe,1750,0.0
3,H24,3015,rolling_false_safe,1800,0.005
3,H24,3015,rolling_false_safe,1850,0.005
3,H24,3015,rolling_false_safe,1900,0.005
3,H24,3015,rolling_false_safe,1950,0.005
3,H24,3015,rolling_false_safe,2000,0.0
3,H24,3015,rolling_false_safe,2050,0.005
3,H24,3015,rolling_false_safe,2100,0.005
3,H24,3015,rolling_false_safe,2150,0.005
3,H24,3015,rolling_false_safe,2200,0.005
3,H24,3015,rolling_false_safe,2250,0.0
3,H24,3015,rolling_false_safe,2300,0.0
3,H24,3015,rolling_false_safe,2350,0.0
3,H24,3015,rolling_false_safe,2400,0.0
3,H24,3015,rolling_false_safe,2450,0.005
3,H24,3015,rolling_false_safe,2500,0.005
3,H24,3015,rolling_false_safe,2550,0.01
3,H24,3015,rolling_false_safe,2600,0.01
3,H24,3015,rolling_false_safe,2650,0.005
3,H24,3015,rolling_false_safe,2700,0.005
3,H24,3015,rolling_false_safe,2750,0.0
3,H24,3015,rolling_false_safe,2800,0.0
3,H24,3015,rolling_false_safe,2850,0.0
3,H24,3015,rolling_false_safe,2900,0.0
3,H24,3015,rolling_false_safe,2950,0.0
3,H24,3015,rolling_false_safe,3000,0.0
3,H24,3015,rolling_false_safe,3050,0.005
3,H24,3015,rolling_false_safe,3100,0.01
3,H24,3015,rolling_false_safe,3150,0.01
3,H24,3015,rolling_false_safe,3200,0.01
3,H24,3015,rolling_false_safe,3250,0.005
3,H24,3015,rolling_false_safe,3300,0.0
3,H24,3015,rolling_false_safe,3350,0.0
3,H24,3015,rolling_false_safe,3400,0.0
3,H24,3015,rolling_false_safe,3450,0.0
3,H24,3015,rolling_false_safe,3500,0.005
3,H24,3015,rolling_false_safe,3550,0.005
3,H24,3015,rolling_false_safe,3600,0.005
3,H24,3015,rolling_false_safe,3650,0.005
3,H24,3015,rolling_false_safe,3700,0.0
3,H24,3015,rolling_false_safe,3750,0.0
3,H24,3015,rolling_false_safe,3800,0.0
3,H24,3015,rolling_false_safe,3850,0.0
3,H24,3015,rolling_false_safe,3900,0.0
3,H24,3015,rolling_false_safe,3950,0.0
3,H24,3015,rolling_false_safe,4000,0.005
3,H24,3015,rolling_false_safe,4050,0.01
3,H24,3015,rolling_false_safe,4100,0.01
3,H24,3015,rolling_false_safe,4150,0.01
3,H24,3015,rolling_false_safe,4200,0.005
3,H24,3015,rolling_false_safe,4250,0.0
3,H24,3015,rolling_false_safe,4300,0.0
3,H24,3015,rolling_false_safe,4350,0.0
3,H24,3015,rolling_false_safe,4400,0.005
3,H24,3015,rolling_false_safe,4450,0.005
3,H24,3015,rolling_false_safe,4500,0.005
3,H24,3015,rolling_false_safe,4550,0.01
3,H24,3015,rolling_false_safe,4600,0.005
3,H24,3015,rolling_false_safe,4650,0.01
3,H24,3015,rolling_false_safe,4700,0.01
3,H24,3015,rolling_false_safe,4750,0.005
3,H24,3015,rolling_false_safe,4800,0.005
3,H24,3015,rolling_false_safe,4850,0.0
3,H24,3015,rolling_false_safe,4900,0.005
3,H24,3015,rolling_false_safe,4950,0.005
3,H24,3015,onchain_governance_recorded,24,1.0
3,H24,3016,rolling_false_safe,0,0.0
3,H24,3016,rolling_false_safe,50,0.0
3,H24,3016,rolling_false_safe,100,0.0
3,H24,3016,rolling_false_safe,150,0.0
3,H24,3016,rolling_false_safe,200,0.0
3,H24,3016,rolling_false_safe,250,0.0
3,H24,3016,rolling_false_safe,300,0.0
3,H24,3016,rolling_false_safe,350,0.0
3,H24,3016,rolling_false_safe,400,0.0
3,H24,3016,rolling_false_safe,450,0.0
3,H24,3016,rolling_false_safe,500,0.0
3,H24,3016,rolling_false_safe,550,0.0
3,H24,3016,rolling_false_safe,600,0.0
3,H24,3016,rolling_false_safe,650,0.005
3,H24,3016,rolling_false_safe,700,0.01
3,H24,3016,rolling_false_safe,750,0.01
3,H24,3016,rolling_false_safe,800,0.015
3,H24,3016,rolling_false_safe,850,0.01
3,H24,3016,rolling_false_safe,900,0.005
3,H24,3016,rolling_false_safe,950,0.01
3,H24,3016,rolling_false_safe,1000,0.01
3,H24,3016,rolling_false_safe,1050,0.01
3,H24,3016,rolling_false_safe,1100,0.015
3,H24,3016,rolling_false_safe,1150,0.01
3,H24,3016,rolling_false_safe,1200,0.005
3,H24,3016,rolling_false_safe,1250,0.005
3,H24,3016,rolling_false_safe,1300,0.0
3,H24,3016,rolling_false_safe,1350,0.005
3,H24,3016,rolling_false_safe,1400,0.01
3,H24,3016,rolling_false_safe,1450,0.01
3,H24,3016,rolling_false_safe,1500,0.01
3,H24,3016,rolling_false_safe,1550,0.005
3,H24,3016,rolling_false_safe,1600,0.0
3,H24,3016,rolling_false_safe,1650,0.0
3,H24,3016,rolling_false_safe,1700,0.0
3,H24,3016,rolling_false_safe,1750,0.0
3,H24,3016,rolling_false_safe,1800,0.0
3,H24,3016,rolling_false_safe,1850,0.0
3,H24,3016,rolling_false_safe,1900,0.0
3,H24,3016,rolling_false_safe,1950,0.005
3,H24,3016,rolling_false_safe,2000,0.005
3,H24,3016,rolling_false_safe,2050,0.01
3,H24,3016,rolling_false_safe,2100,0.01
3,H24,3016,rolling_false_safe,2150,0.005
3,H24,3016,rolling_false_safe,2200,0.01
3,H24,3016,rolling_false_safe,2250,0.005
3,H24,3016,rolling_false_safe,2300,0.005
3,H24,3016,rolling_false_safe,2350,0.005
3,H24,3016,rolling_false_safe,2400,0.0
3,H24,3016,rolling_false_safe,2450,0.0
3,H24,3016,rolling_false_safe,2500,0.0
3,H24,3016,rolling_false_safe,2550,0.0
3,H24,3016,rolling_false_safe,2600,0.0
3,H24,3016,rolling_false_safe,2650,0.0
3,H24,3016,rolling_false_safe,2700,0.0
3,H24,3016,rolling_false_safe,2750,0.0
3,H24,3016,rolling_false_safe,2800,0.0
3,H24,3016,rolling_false_safe,2850,0.005
3,H24,3016,rolling_false_safe,2900,0.005
3,H24,3016,rolling_false_safe,2950,0.005
3,H24,3016,rolling_false_safe,3000,0.005
3,H24,3016,rolling_false_safe,3050,0.0
3,H24,3016,rolling_false_safe,3100,0.005
3,H24,3016,rolling_false_safe,3150,0.005
3,H24,3016,rolling_false_safe,3200,0.005
3,H24,3016,rolling_false_safe,3250,0.005
3,H24,3016,rolling_false_safe,3300,0.0
3,H24,3016,rolling_false_safe,3350,0.0
3,H24,3016,rolling_false_safe,3400,0.005
3,H24,3016,rolling_false_safe,3450,0.005
3,H24,3016,rolling_false_safe,3500,0.01
3,H24,3016,rolling_false_safe,3550,0.01
3,H24,3016,rolling_false_safe,3600,0.005
3,H24,3016,rolling_false_safe,3650,0.005
3,H24,3016,rolling_false_safe,3700,0.0
3,H24,3016,rolling_false_safe,3750,0.0
3,H24,3016,rolling_false_safe,3800,0.0
3,H24,3016,rolling_false_safe,3850,0.0
3,H24,3016,rolling_false_safe,3900,0.0
3,H24,3016,rolling_false_safe,3950,0.0
3,H24,3016,rolling_false_safe,4000,0.0
3,H24,3016,rolling_false_safe,4050,0.0
3,H24,3016,rolling_false_safe,4100,0.0
3,H24,3016,rolling_false_safe,4150,0.0
3,H24,3016,rolling_false_safe,4200,0.0
3,H24,3016,rolling_false_safe,4250,0.0
3,H24,3016,rolling_false_safe,4300,0.0
3,H24,3016,rolling_false_safe,4350,0.0
3,H24,3016,rolling_false_safe,4400,0.0
3,H24,3016,rolling_false_safe,4450,0.0
3,H24,3016,rolling_false_safe,4500,0.0
3,H24,3016,rolling_false_safe,4550,0.0
3,H24,3016,rolling_false_safe,4600,0.0
3,H24,3016,rolling_false_safe,4650,0.0
3,H24,3016,rolling_false_safe,4700,0.0
3,H24,3016,rolling_false_safe,4750,0.0
3,H24,3016,rolling_false_safe,4800,0.0
3,H24,3016,rolling_false_safe,4850,0.005
3,H24,3016,rolling_false_safe,4900,0.005
3,H24,3016,rolling_false_safe,4950,0.005
3,H24,3016,onchain_governance_recorded,27,1.0
3,H24,3017,rolling_false_safe,0,0.0
3,H24,3017,rolling_false_safe,50,0.0392156862745098
3,H24,3017,rolling_false_safe,100,0.0198019801980198
3,H24,3017,rolling_false_safe,150,0.0132450331125827
3,H24,3017,rolling_false_safe,200,0.01
3,H24,3017,rolling_false_safe,250,0.0
3,H24,3017,rolling_false_safe,300,0.01
3,H24,3017,rolling_false_safe,350,0.01
3,H24,3017,rolling_false_safe,400,0.015
3,H24,3017,rolling_false_safe,450,0.015
3,H24,3017,rolling_false_safe,500,0.01
3,H24,3017,rolling_false_safe,550,0.01
3,H24,3017,rolling_false_safe,600,0.01
3,H24,3017,rolling_false_safe,650,0.015
3,H24,3017,rolling_false_safe,700,0.01
3,H24,3017,rolling_false_safe,750,0.01
3,H24,3017,rolling_false_safe,800,0.015
3,H24,3017,rolling_false_safe,850,0.01
3,H24,3017,rolling_false_safe,900,0.01
3,H24,3017,rolling_false_safe,950,0.01
3,H24,3017,rolling_false_safe,1000,0.005
3,H24,3017,rolling_false_safe,1050,0.005
3,H24,3017,rolling_false_safe,1100,0.005
3,H24,3017,rolling_false_safe,1150,0.005
3,H24,3017,rolling_false_safe,1200,0.0
3,H24,3017,rolling_false_safe,1250,0.0
3,H24,3017,rolling_false_safe,1300,0.0
3,H24,3017,rolling_false_safe,1350,0.0
3,H24,3017,rolling_false_safe,1400,0.0
3,H24,3017,rolling_false_safe,1450,0.0
3,H24,3017,rolling_false_safe,1500,0.0
3,H24,3017,rolling_false_safe,1550,0.0
3,H24,3017,rolling_false_safe,1600,0.0
3,H24,3017,rolling_false_safe,1650,0.0
3,H24,3017,rolling_false_safe,1700,0.0
3,H24,3017,rolling_false_safe,1750,0.0
3,H24,3017,rolling_false_safe,1800,0.0
3,H24,3017,rolling_false_safe,1850,0.0
3,H24,3017,rolling_false_safe,1900,0.0
3,H24,3017,rolling_false_safe,1950,0.005
3,H24,3017,rolling_false_safe,2000,0.005
3,H24,3017,rolling_false_safe,2050,0.005
3,H24,3017,rolling_false_safe,2100,0.005
3,H24,3017,rolling_false_safe,2150,0.0
3,H24,3017,rolling_false_safe,2200,0.0
3,H24,3017,rolling_false_safe,2250,0.0
3,H24,3017,rolling_false_safe,2300,0.0
3,H24,3017,rolling_false_safe,2350,0.0
3,H24,3017,rolling_false_safe,2400,0.0
3,H24,3017,rolling_false_safe,2450,0.0
3,H24,3017,rolling_false_safe,2500,0.0
3,H24,3017,rolling_false_safe,2550,0.0
3,H24,3017,rolling_false_safe,2600,0.0
3,H24,3017,rolling_false_safe,2650,0.0
3,H24,3017,rolling_false_safe,2700,0.0
3,H24,3017,rolling_false_safe,2750,0.0
3,H24,3017,rolling_false_safe,2800,0.005
3,H24,3017,rolling_false_safe,2850,0.005
3,H24,3017,rolling_false_safe,2900,0.005
3,H24,3017,rolling_false_safe,2950,0.005
3,H24,3017,rolling_false_safe,3000,0.0
3,H24,3017,rolling_false_safe,3050,0.0
3,H24,3017,rolling_false_safe,3100,0.0
3,H24,3017,rolling_false_safe,3150,0.0
3,H24,3017,rolling_false_safe,3200,0.0
3,H24,3017,rolling_false_safe,3250,0.0
3,H24,3017,rolling_false_safe,3300,0.0
3,H24,3017,rolling_false_safe,3350,0.0
3,H24,3017,rolling_false_safe,3400,0.01
3,H24,3017,rolling_false_safe,3450,0.01
3,H24,3017,rolling_false_safe,3500,0.01
3,H24,3017,rolling_false_safe,3550,0.01
3,H24,3017,rolling_false_safe,3600,0.0
3,H24,3017,rolling_false_safe,3650,0.0
3,H24,3017,rolling_false_safe,3700,0.0
3,H24,3017,rolling_false_safe,3750,0.0
3,H24,3017,rolling_false_safe,3800,0.0
3,H24,3017,rolling_false_safe,3850,0.0
3,H24,3017,rolling_false_safe,3900,0.0
3,H24,3017,rolling_false_safe,3950,0.0
3,H24,3017,rolling_false_safe,4000,0.0
3,H24,3017,rolling_false_safe,4050,0.0
3,H24,3017,rolling_false_safe,4100,0.0
3,H24,3017,rolling_false_safe,4150,0.0
3,H24,3017,rolling_false_safe,4200,0.005
3,H24,3017,rolling_false_safe,4250,0.005
3,H24,3017,rolling_false_safe,4300,0.005
3,H24,3017,rolling_false_safe,4350,0.005
3,H24,3017,rolling_false_safe,4400,0.01
3,H24,3017,rolling_false_safe,4450,0.015
3,H24,3017,rolling_false_safe,4500,0.015
3,H24,3017,rolling_false_safe,4550,0.015
3,H24,3017,rolling_false_safe,4600,0.005
3,H24,3017,rolling_false_safe,4650,0.0
3,H24,3017,rolling_false_safe,4700,0.0
3,H24,3017,rolling_false_safe,4750,0.005
3,H24,3017,rolling_false_safe,4800,0.005
3,H24,3017,rolling_false_safe,4850,0.01
3,H24,3017,rolling_false_safe,4900,0.01
3,H24,3017,rolling_false_safe,4950,0.005
3,H24,3017,onchain_governance_recorded,24,1.0
3,H24,3018,rolling_false_safe,0,0.0
3,H24,3018,rolling_false_safe,50,0.0
3,H24,3018,rolling_false_safe,100,0.0
3,H24,3018,rolling_false_safe,150,0.0
3,H24,3018,rolling_false_safe,200,0.0
3,H24,3018,rolling_false_safe,250,0.0
3,H24,3018,rolling_false_safe,300,0.005
3,H24,3018,rolling_false_safe,350,0.005
3,H24,3018,rolling_false_safe,400,0.005
3,H24,3018,rolling_false_safe,450,0.005
3,H24,3018,rolling_false_safe,500,0.0
3,H24,3018,rolling_false_safe,550,0.0
3,H24,3018,rolling_false_safe,600,0.0
3,H24,3018,rolling_false_safe,650,0.0
3,H24,3018,rolling_false_safe,700,0.0
3,H24,3018,rolling_false_safe,750,0.0
3,H24,3018,rolling_false_safe,800,0.0
3,H24,3018,rolling_false_safe,850,0.0
3,H24,3018,rolling_false_safe,900,0.0
3,H24,3018,rolling_false_safe,950,0.0
3,H24,3018,rolling_false_safe,1000,0.0
3,H24,3018,rolling_false_safe,1050,0.0
3,H24,3018,rolling_false_safe,1100,0.0
3,H24,3018,rolling_false_safe,1150,0.0
3,H24,3018,rolling_false_safe,1200,0.0
3,H24,3018,rolling_false_safe,1250,0.01
3,H24,3018,rolling_false_safe,1300,0.01
3,H24,3018,rolling_false_safe,1350,0.01
3,H24,3018,rolling_false_safe,1400,0.01
3,H24,3018,rolling_false_safe,1450,0.0
3,H24,3018,rolling_false_safe,1500,0.0
3,H24,3018,rolling_false_safe,1550,0.0
3,H24,3018,rolling_false_safe,1600,0.0
3,H24,3018,rolling_false_safe,1650,0.005
3,H24,3018,rolling_false_safe,1700,0.005
3,H24,3018,rolling_false_safe,1750,0.005
3,H24,3018,rolling_false_safe,1800,0.005
3,H24,3018,rolling_false_safe,1850,0.0
3,H24,3018,rolling_false_safe,1900,0.0
3,H24,3018,rolling_false_safe,1950,0.0
3,H24,3018,rolling_false_safe,2000,0.0
3,H24,3018,rolling_false_safe,2050,0.0
3,H24,3018,rolling_false_safe,2100,0.0
3,H24,3018,rolling_false_safe,2150,0.0
3,H24,3018,rolling_false_safe,2200,0.0
3,H24,3018,rolling_false_safe,2250,0.0
3,H24,3018,rolling_false_safe,2300,0.0
3,H24,3018,rolling_false_safe,2350,0.0
3,H24,3018,rolling_false_safe,2400,0.0
3,H24,3018,rolling_false_safe,2450,0.0
3,H24,3018,rolling_false_safe,2500,0.0
3,H24,3018,rolling_false_safe,2550,0.0
3,H24,3018,rolling_false_safe,2600,0.0
3,H24,3018,rolling_false_safe,2650,0.0
3,H24,3018,rolling_false_safe,2700,0.0
3,H24,3018,rolling_false_safe,2750,0.0
3,H24,3018,rolling_false_safe,2800,0.0
3,H24,3018,rolling_false_safe,2850,0.0
3,H24,3018,rolling_false_safe,2900,0.0
3,H24,3018,rolling_false_safe,2950,0.0
3,H24,3018,rolling_false_safe,3000,0.005
3,H24,3018,rolling_false_safe,3050,0.005
3,H24,3018,rolling_false_safe,3100,0.005
3,H24,3018,rolling_false_safe,3150,0.005
3,H24,3018,rolling_false_safe,3200,0.0
3,H24,3018,rolling_false_safe,3250,0.005
3,H24,3018,rolling_false_safe,3300,0.005
3,H24,3018,rolling_false_safe,3350,0.01
3,H24,3018,rolling_false_safe,3400,0.01
3,H24,3018,rolling_false_safe,3450,0.005
3,H24,3018,rolling_false_safe,3500,0.005
3,H24,3018,rolling_false_safe,3550,0.0
3,H24,3018,rolling_false_safe,3600,0.0
3,H24,3018,rolling_false_safe,3650,0.0
3,H24,3018,rolling_false_safe,3700,0.0
3,H24,3018,rolling_false_safe,3750,0.0
3,H24,3018,rolling_false_safe,3800,0.0
3,H24,3018,rolling_false_safe,3850,0.0
3,H24,3018,rolling_false_safe,3900,0.0
3,H24,3018,rolling_false_safe,3950,0.0
3,H24,3018,rolling_false_safe,4000,0.0
3,H24,3018,rolling_false_safe,4050,0.0
3,H24,3018,rolling_false_safe,4100,0.0
3,H24,3018,rolling_false_safe,4150,0.0
3,H24,3018,rolling_false_safe,4200,0.0
3,H24,3018,rolling_false_safe,4250,0.0
3,H24,3018,rolling_false_safe,4300,0.0
3,H24,3018,rolling_false_safe,4350,0.0
3,H24,3018,rolling_false_safe,4400,0.0
3,H24,3018,rolling_false_safe,4450,0.0
3,H24,3018,rolling_false_safe,4500,0.0
3,H24,3018,rolling_false_safe,4550,0.005
3,H24,3018,rolling_false_safe,4600,0.01
3,H24,3018,rolling_false_safe,4650,0.015
3,H24,3018,rolling_false_safe,4700,0.015
3,H24,3018,rolling_false_safe,4750,0.01
3,H24,3018,rolling_false_safe,4800,0.005
3,H24,3018,rolling_false_safe,4850,0.0
3,H24,3018,rolling_false_safe,4900,0.0
3,H24,3018,rolling_false_safe,4950,0.0
3,H24,3018,onchain_governance_recorded,25,1.0
3,H24,3019,rolling_false_safe,0,0.0
3,H24,3019,rolling_false_safe,50,0.0
3,H24,3019,rolling_false_safe,100,0.0
3,H24,3019,rolling_false_safe,150,0.0
3,H24,3019,rolling_false_safe,200,0.005
3,H24,3019,rolling_false_safe,250,0.005
3,H24,3019,rolling_false_safe,300,0.005
3,H24,3019,rolling_false_safe,350,0.005
3,H24,3019,rolling_false_safe,400,0.0
3,H24,3019,rolling_false_safe,450,0.0
3,H24,3019,rolling_false_safe,500,0.005
3,H24,3019,rolling_false_safe,550,0.005
3,H24,3019,rolling_false_safe,600,0.005
3,H24,3019,rolling_false_safe,650,0.005
3,H24,3019,rolling_false_safe,700,0.0
3,H24,3019,rolling_false_safe,750,0.0
3,H24,3019,rolling_false_safe,800,0.0
3,H24,3019,rolling_false_safe,850,0.0
3,H24,3019,rolling_false_safe,900,0.0
3,H24,3019,rolling_false_safe,950,0.005
3,H24,3019,rolling_false_safe,1000,0.005
3,H24,3019,rolling_false_safe,1050,0.005
3,H24,3019,rolling_false_safe,1100,0.005
3,H24,3019,rolling_false_safe,1150,0.0
3,H24,3019,rolling_false_safe,1200,0.005
3,H24,3019,rolling_false_safe,1250,0.005
3,H24,3019,rolling_false_safe,1300,0.005
3,H24,3019,rolling_false_safe,1350,0.005
3,H24,3019,rolling_false_safe,1400,0.005
3,H24,3019,rolling_false_safe,1450,0.005
3,H24,3019,rolling_false_safe,1500,0.01
3,H24,3019,rolling_false_safe,1550,0.01
3,H24,3019,rolling_false_safe,1600,0.005
3,H24,3019,rolling_false_safe,1650,0.005
3,H24,3019,rolling_false_safe,1700,0.0
3,H24,3019,rolling_false_safe,1750,0.0
3,H24,3019,rolling_false_safe,1800,0.0
3,H24,3019,rolling_false_safe,1850,0.0
3,H24,3019,rolling_false_safe,1900,0.0
3,H24,3019,rolling_false_safe,1950,0.0
3,H24,3019,rolling_false_safe,2000,0.0
3,H24,3019,rolling_false_safe,2050,0.0
3,H24,3019,rolling_false_safe,2100,0.0
3,H24,3019,rolling_false_safe,2150,0.0
3,H24,3019,rolling_false_safe,2200,0.005
3,H24,3019,rolling_false_safe,2250,0.005
3,H24,3019,rolling_false_safe,2300,0.005
3,H24,3019,rolling_false_safe,2350,0.005
3,H24,3019,rolling_false_safe,2400,0.005
3,H24,3019,rolling_false_safe,2450,0.01
3,H24,3019,rolling_false_safe,2500,0.01
3,H24,3019,rolling_false_safe,2550,0.01
3,H24,3019,rolling_false_safe,2600,0.005
3,H24,3019,rolling_false_safe,2650,0.0
3,H24,3019,rolling_false_safe,2700,0.005
3,H24,3019,rolling_false_safe,2750,0.005
3,H24,3019,rolling_false_safe,2800,0.005
3,H24,3019,rolling_false_safe,2850,0.005
3,H24,3019,rolling_false_safe,2900,0.0
3,H24,3019,rolling_false_safe,2950,0.0
3,H24,3019,rolling_false_safe,3000,0.0
3,H24,3019,rolling_false_safe,3050,0.0
3,H24,3019,rolling_false_safe,3100,0.005
3,H24,3019,rolling_false_safe,3150,0.005
3,H24,3019,rolling_false_safe,3200,0.005
3,H24,3019,rolling_false_safe,3250,0.01
3,H24,3019,rolling_false_safe,3300,0.005
3,H24,3019,rolling_false_safe,3350,0.01
3,H24,3019,rolling_false_safe,3400,0.01
3,H24,3019,rolling_false_safe,3450,0.005
3,H24,3019,rolling_false_safe,3500,0.005
3,H24,3019,rolling_false_safe,3550,0.0
3,H24,3019,rolling_false_safe,3600,0.005
3,H24,3019,rolling_false_safe,3650,0.005
3,H24,3019,rolling_false_safe,3700,0.01
3,H24,3019,rolling_false_safe,3750,0.01
3,H24,3019,rolling_false_safe,3800,0.005
3,H24,3019,rolling_false_safe,3850,0.005
3,H24,3019,rolling_false_safe,3900,0.0
3,H24,3019,rolling_false_safe,3950,0.0
3,H24,3019,rolling_false_safe,4000,0.005
3,H24,3019,rolling_false_safe,4050,0.005
3,H24,3019,rolling_false_safe,4100,0.005
3,H24,3019,rolling_false_safe,4150,0.005
3,H24,3019,rolling_false_safe,4200,0.005
3,H24,3019,rolling_false_safe,4250,0.01
3,H24,3019,rolling_false_safe,4300,0.01
3,H24,3019,rolling_false_safe,4350,0.01
3,H24,3019,rolling_false_safe,4400,0.005
3,H24,3019,rolling_false_safe,4450,0.0
3,H24,3019,rolling_false_safe,4500,0.0
3,H24,3019,rolling_false_safe,4550,0.0
3,H24,3019,rolling_false_safe,4600,0.0
3,H24,3019,rolling_false_safe,4650,0.0
3,H24,3019,rolling_false_safe,4700,0.0
3,H24,3019,rolling_false_safe,4750,0.005
3,H24,3019,rolling_false_safe,4800,0.005
3,H24,3019,rolling_false_safe,4850,0.005
3,H24,3019,rolling_false_safe,4900,0.005
3,H24,3019,rolling_false_safe,4950,0.0
3,H24,3019,onchain_governance_recorded,21,1.0
3,H24,3020,rolling_false_safe,0,0.0
3,H24,3020,rolling_false_safe,50,0.0
3,H24,3020,rolling_false_safe,100,0.0
3,H24,3020,rolling_false_safe,150,0.0
3,H24,3020,rolling_false_safe,200,0.0
3,H24,3020,rolling_false_safe,250,0.0
3,H24,3020,rolling_false_safe,300,0.0
3,H24,3020,rolling_false_safe,350,0.0
3,H24,3020,rolling_false_safe,400,0.0
3,H24,3020,rolling_false_safe,450,0.0
3,H24,3020,rolling_false_safe,500,0.0
3,H24,3020,rolling_false_safe,550,0.0
3,H24,3020,rolling_false_safe,600,0.0
3,H24,3020,rolling_false_safe,650,0.005
3,H24,3020,rolling_false_safe,700,0.005
3,H24,3020,rolling_false_safe,750,0.005
3,H24,3020,rolling_false_safe,800,0.005
3,H24,3020,rolling_false_safe,850,0.0
3,H24,3020,rolling_false_safe,900,0.0
3,H24,3020,rolling_false_safe,950,0.0
3,H24,3020,rolling_false_safe,1000,0.0
3,H24,3020,rolling_false_safe,1050,0.0
3,H24,3020,rolling_false_safe,1100,0.0
3,H24,3020,rolling_false_safe,1150,0.0
3,H24,3020,rolling_false_safe,1200,0.0
3,H24,3020,rolling_false_safe,1250,0.0
3,H24,3020,rolling_false_safe,1300,0.0
3,H24,3020,rolling_false_safe,1350,0.0
3,H24,3020,rolling_false_safe,1400,0.0
3,H24,3020,rolling_false_safe,1450,0.0
3,H24,3020,rolling_false_safe,1500,0.0
3,H24,3020,rolling_false_safe,1550,0.0
3,H24,3020,rolling_false_safe,1600,0.0
3,H24,3020,rolling_false_safe,1650,0.005
3,H24,3020,rolling_false_safe,1700,0.005
3,H24,3020,rolling_false_safe,1750,0.005
3,H24,3020,rolling_false_safe,1800,0.005
3,H24,3020,rolling_false_safe,1850,0.0
3,H24,3020,rolling_false_safe,1900,0.0
3,H24,3020,rolling_false_safe,1950,0.0
3,H24,3020,rolling_false_safe,2000,0.0
3,H24,3020,rolling_false_safe,2050,0.0
3,H24,3020,rolling_false_safe,2100,0.0
3,H24,3020,rolling_false_safe,2150,0.0
3,H24,3020,rolling_false_safe,2200,0.0
3,H24,3020,rolling_false_safe,2250,0.0
3,H24,3020,rolling_false_safe,2300,0.0
3,H24,3020,rolling_false_safe,2350,0.0
3,H24,3020,rolling_false_safe,2400,0.0
3,H24,3020,rolling_false_safe,2450,0.0
3,H24,3020,rolling_false_safe,2500,0.005
3,H24,3020,rolling_false_safe,2550,0.005
3,H24,3020,rolling_false_safe,2600,0.005
3,H24,3020,rolling_false_safe,2650,0.005
3,H24,3020,rolling_false_safe,2700,0.0
3,H24,3020,rolling_false_safe,2750,0.005
3,H24,3020,rolling_false_safe,2800,0.005
3,H24,3020,rolling_false_safe,2850,0.005
3,H24,3020,rolling_false_safe,2900,0.005
3,H24,3020,rolling_false_safe,2950,0.0
3,H24,3020,rolling_false_safe,3000,0.0
3,H24,3020,rolling_false_safe,3050,0.0
3,H24,3020,rolling_false_safe,3100,0.0
3,H24,3020,rolling_false_safe,3150,0.0
3,H24,3020,rolling_false_safe,3200,0.0
3,H24,3020,rolling_false_safe,3250,0.0
3,H24,3020,rolling_false_safe,3300,0.0
3,H24,3020,rolling_false_safe,3350,0.0
3,H24,3020,rolling_false_safe,3400,0.0
3,H24,3020,rolling_false_safe,3450,0.0
3,H24,3020,rolling_false_safe,3500,0.0
3,H24,3020,rolling_false_safe,3550,0.005
3,H24,3020,rolling_false_safe,3600,0.005
3,H24,3020,rolling_false_safe,3650,0.01
3,H24,3020,rolling_false_safe,3700,0.01
3,H24,3020,rolling_false_safe,3750,0.01
3,H24,3020,rolling_false_safe,3800,0.01
3,H24,3020,rolling_false_safe,3850,0.005
3,H24,3020,rolling_false_safe,3900,0.01
3,H24,3020,rolling_false_safe,3950,0.005
3,H24,3020,rolling_false_safe,4000,0.005
3,H24,3020,rolling_false_safe,4050,0.005
3,H24,3020,rolling_false_safe,4100,0.0
3,H24,3020,rolling_false_safe,4150,0.0
3,H24,3020,rolling_false_safe,4200,0.0
3,H24,3020,rolling_false_safe,4250,0.0
3,H24,3020,rolling_false_safe,4300,0.0
3,H24,3020,rolling_false_safe,4350,0.0
3,H24,3020,rolling_false_safe,4400,0.0
3,H24,3020,rolling_false_safe,4450,0.0
3,H24,3020,rolling_false_safe,4500,0.0
3,H24,3020,rolling_false_safe,4550,0.0
3,H24,3020,rolling_false_safe,4600,0.005
3,H24,3020,rolling_false_safe,4650,0.005
3,H24,3020,rolling_false_safe,4700,0.005
3,H24,3020,rolling_false_safe,4750,0.005
3,H24,3020,rolling_false_safe,4800,0.0
3,H24,3020,rolling_false_safe,4850,0.005
3,H24,3020,rolling_false_safe,4900,0.005
3,H24,3020,rolling_false_safe,4950,0.005
3,H24,3020,onchain_governance_recorded,26,1.0
3,H24,3021,rolling_false_safe,0,0.0
3,H24,3021,rolling_false_safe,50,0.0
3,H24,3021,rolling_false_safe,100,0.0
3,H24,3021,rolling_false_safe,150,0.0
3,H24,3021,rolling_false_safe,200,0.0
3,H24,3021,rolling_false_safe,250,0.0
3,H24,3021,rolling_false_safe,300,0.0
3,H24,3021,rolling_false_safe,350,0.0
3,H24,3021,rolling_false_safe,400,0.0
3,H24,3021,rolling_false_safe,450,0.0
3,H24,3021,rolling_false_safe,500,0.005
3,H24,3021,rolling_false_safe,550,0.005
3,H24,3021,rolling_false_safe,600,0.005
3,H24,3021,rolling_false_safe,650,0.005
3,H24,3021,rolling_false_safe,700,0.0
3,H24,3021,rolling_false_safe,750,0.0
3,H24,3021,rolling_false_safe,800,0.0
3,H24,3021,rolling_false_safe,850,0.005
3,H24,3021,rolling_false_safe,900,0.005
3,H24,3021,rolling_false_safe,950,0.005
3,H24,3021,rolling_false_safe,1000,0.005
3,H24,3021,rolling_false_safe,1050,0.0
3,H24,3021,rolling_false_safe,1100,0.0
3,H24,3021,rolling_false_safe,1150,0.0
3,H24,3021,rolling_false_safe,1200,0.0
3,H24,3021,rolling_false_safe,1250,0.0
3,H24,3021,rolling_false_safe,1300,0.0
3,H24,3021,rolling_false_safe,1350,0.0
3,H24,3021,rolling_false_safe,1400,0.0
3,H24,3021,rolling_false_safe,1450,0.0
3,H24,3021,rolling_false_safe,1500,0.0
3,H24,3021,rolling_false_safe,1550,0.0
3,H24,3021,rolling_false_safe,1600,0.0
3,H24,3021,rolling_false_safe,1650,0.0
3,H24,3021,rolling_false_safe,1700,0.0
3,H24,3021,rolling_false_safe,1750,0.0
3,H24,3021,rolling_false_safe,1800,0.0
3,H24,3021,rolling_false_safe,1850,0.005
3,H24,3021,rolling_false_safe,1900,0.005
3,H24,3021,rolling_false_safe,1950,0.01
3,H24,3021,rolling_false_safe,2000,0.01
3,H24,3021,rolling_false_safe,2050,0.005
3,H24,3021,rolling_false_safe,2100,0.01
3,H24,3021,rolling_false_safe,2150,0.005
3,H24,3021,rolling_false_safe,2200,0.005
3,H24,3021,rolling_false_safe,2250,0.005
3,H24,3021,rolling_false_safe,2300,0.0
3,H24,3021,rolling_false_safe,2350,0.0
3,H24,3021,rolling_false_safe,2400,0.0
3,H24,3021,rolling_false_safe,2450,0.0
3,H24,3021,rolling_false_safe,2500,0.0
3,H24,3021,rolling_false_safe,2550,0.0
3,H24,3021,rolling_false_safe,2600,0.0
3,H24,3021,rolling_false_safe,2650,0.0
3,H24,3021,rolling_false_safe,2700,0.0
3,H24,3021,rolling_false_safe,2750,0.0
3,H24,3021,rolling_false_safe,2800,0.005
3,H24,3021,rolling_false_safe,2850,0.005
3,H24,3021,rolling_false_safe,2900,0.01
3,H24,3021,rolling_false_safe,2950,0.01
3,H24,3021,rolling_false_safe,3000,0.005
3,H24,3021,rolling_false_safe,3050,0.005
3,H24,3021,rolling_false_safe,3100,0.0
3,H24,3021,rolling_false_safe,3150,0.0
3,H24,3021,rolling_false_safe,3200,0.0
3,H24,3021,rolling_false_safe,3250,0.0
3,H24,3021,rolling_false_safe,3300,0.0
3,H24,3021,rolling_false_safe,3350,0.0
3,H24,3021,rolling_false_safe,3400,0.005
3,H24,3021,rolling_false_safe,3450,0.005
3,H24,3021,rolling_false_safe,3500,0.005
3,H24,3021,rolling_false_safe,3550,0.005
3,H24,3021,rolling_false_safe,3600,0.0
3,H24,3021,rolling_false_safe,3650,0.0
3,H24,3021,rolling_false_safe,3700,0.005
3,H24,3021,rolling_false_safe,3750,0.005
3,H24,3021,rolling_false_safe,3800,0.01
3,H24,3021,rolling_false_safe,3850,0.01
3,H24,3021,rolling_false_safe,3900,0.005
3,H24,3021,rolling_false_safe,3950,0.01
3,H24,3021,rolling_false_safe,4000,0.005
3,H24,3021,rolling_false_safe,4050,0.005
3,H24,3021,rolling_false_safe,4100,0.005
3,H24,3021,rolling_false_safe,4150,0.0
3,H24,3021,rolling_false_safe,4200,0.0
3,H24,3021,rolling_false_safe,4250,0.0
3,H24,3021,rolling_false_safe,4300,0.0
3,H24,3021,rolling_false_safe,4350,0.005
3,H24,3021,rolling_false_safe,4400,0.005
3,H24,3021,rolling_false_safe,4450,0.005
3,H24,3021,rolling_false_safe,4500,0.005
3,H24,3021,rolling_false_safe,4550,0.0
3,H24,3021,rolling_false_safe,4600,0.0
3,H24,3021,rolling_false_safe,4650,0.005
3,H24,3021,rolling_false_safe,4700,0.005
3,H24,3021,rolling_false_safe,4750,0.005
3,H24,3021,rolling_false_safe,4800,0.01
3,H24,3021,rolling_false_safe,4850,0.005
3,H24,3021,rolling_false_safe,4900,0.01
3,H24,3021,rolling_false_safe,4950,0.01
3,H24,3021,onchain_governance_recorded,26,1.0
3,H24,3022,rolling_false_safe,0,0.0
3,H24,3022,rolling_false_safe,50,0.0
3,H24,3022,rolling_false_safe,100,0.0
3,H24,3022,rolling_false_safe,150,0.0
3,H24,3022,rolling_false_safe,200,0.0
3,H24,3022,rolling_false_safe,250,0.0
3,H24,3022,rolling_false_safe,300,0.0
3,H24,3022,rolling_false_safe,350,0.0
3,H24,3022,rolling_false_safe,400,0.005
3,H24,3022,rolling_false_safe,450,0.005
3,H24,3022,rolling_false_safe,500,0.005
3,H24,3022,rolling_false_safe,550,0.005
3,H24,3022,rolling_false_safe,600,0.005
3,H24,3022,rolling_false_safe,650,0.005
3,H24,3022,rolling_false_safe,700,0.005
3,H24,3022,rolling_false_safe,750,0.005
3,H24,3022,rolling_false_safe,800,0.0
3,H24,3022,rolling_false_safe,850,0.0
3,H24,3022,rolling_false_safe,900,0.005
3,H24,3022,rolling_false_safe,950,0.005
3,H24,3022,rolling_false_safe,1000,0.005
3,H24,3022,rolling_false_safe,1050,0.005
3,H24,3022,rolling_false_safe,1100,0.0
3,H24,3022,rolling_false_safe,1150,0.0
3,H24,3022,rolling_false_safe,1200,0.0
3,H24,3022,rolling_false_safe,1250,0.0
3,H24,3022,rolling_false_safe,1300,0.0
3,H24,3022,rolling_false_safe,1350,0.005
3,H24,3022,rolling_false_safe,1400,0.005
3,H24,3022,rolling_false_safe,1450,0.005
3,H24,3022,rolling_false_safe,1500,0.005
3,H24,3022,rolling_false_safe,1550,0.0
3,H24,3022,rolling_false_safe,1600,0.0
3,H24,3022,rolling_false_safe,1650,0.0
3,H24,3022,rolling_false_safe,1700,0.0
3,H24,3022,rolling_false_safe,1750,0.0
3,H24,3022,rolling_false_safe,1800,0.005
3,H24,3022,rolling_false_safe,1850,0.005
3,H24,3022,rolling_false_safe,1900,0.005
3,H24,3022,rolling_false_safe,1950,0.005
3,H24,3022,rolling_false_safe,2000,0.0
3,H24,3022,rolling_false_safe,2050,0.0
3,H24,3022,rolling_false_safe,2100,0.0
3,H24,3022,rolling_false_safe,2150,0.0
3,H24,3022,rolling_false_safe,2200,0.0
3,H24,3022,rolling_false_safe,2250,0.0
3,H24,3022,rolling_false_safe,2300,0.0
3,H24,3022,rolling_false_safe,2350,0.0
3,H24,3022,rolling_false_safe,2400,0.0
3,H24,3022,rolling_false_safe,2450,0.005
3,H24,3022,rolling_false_safe,2500,0.005
3,H24,3022,rolling_false_safe,2550,0.005
3,H24,3022,rolling_false_safe,2600,0.005
3,H24,3022,rolling_false_safe,2650,0.0
3,H24,3022,rolling_false_safe,2700,0.0
3,H24,3022,rolling_false_safe,2750,0.005
3,H24,3022,rolling_false_safe,2800,0.005
3,H24,3022,rolling_false_safe,2850,0.01
3,H24,3022,rolling_false_safe,2900,0.01
3,H24,3022,rolling_false_safe,2950,0.005
3,H24,3022,rolling_false_safe,3000,0.005
3,H24,3022,rolling_false_safe,3050,0.0
3,H24,3022,rolling_false_safe,3100,0.0
3,H24,3022,rolling_false_safe,3150,0.0
3,H24,3022,rolling_false_safe,3200,0.0
3,H24,3022,rolling_false_safe,3250,0.005
3,H24,3022,rolling_false_safe,3300,0.005
3,H24,3022,rolling_false_safe,3350,0.005
3,H24,3022,rolling_false_safe,3400,0.005
3,H24,3022,rolling_false_safe,3450,0.005
3,H24,3022,rolling_false_safe,3500,0.01
3,H24,3022,rolling_false_safe,3550,0.01
3,H24,3022,rolling_false_safe,3600,0.01
3,H24,3022,rolling_false_safe,3650,0.005
3,H24,3022,rolling_false_safe,3700,0.0
3,H24,3022,rolling_false_safe,3750,0.0
3,H24,3022,rolling_false_safe,3800,0.0
3,H24,3022,rolling_false_safe,3850,0.0
3,H24,3022,rolling_false_safe,3900,0.0
3,H24,3022,rolling_false_safe,3950,0.0
3,H24,3022,rolling_false_safe,4000,0.0
3,H24,3022,rolling_false_safe,4050,0.005
3,H24,3022,rolling_false_safe,4100,0.005
3,H24,3022,rolling_false_safe,4150,0.005
3,H24,3022,rolling_false_safe,4200,0.005
3,H24,3022,rolling_false_safe,4250,0.0
3,H24,3022,rolling_false_safe,4300,0.0
3,H24,3022,rolling_false_safe,4350,0.0
3,H24,3022,rolling_false_safe,4400,0.0
3,H24,3022,rolling_false_safe,4450,0.0
3,H24,3022,rolling_false_safe,4500,0.005
3,H24,3022,rolling_false_safe,4550,0.005
3,H24,3022,rolling_false_safe,4600,0.005
3,H24,3022,rolling_false_safe,4650,0.005
3,H24,3022,rolling_false_safe,4700,0.005
3,H24,3022,rolling_false_safe,4750,0.005
3,H24,3022,rolling_false_safe,4800,0.005
3,H24,3022,rolling_false_safe,4850,0.005
3,H24,3022,rolling_false_safe,4900,0.0
3,H24,3022,rolling_false_safe,4950,0.0
3,H24,3022,onchain_governance_recorded,25,1.0
3,H24,3023,rolling_false_safe,0,0.0
3,H24,3023,rolling_false_safe,50,0.0
3,H24,3023,rolling_false_safe,100,0.0
3,H24,3023,rolling_false_safe,150,0.0
3,H24,3023,rolling_false_safe,200,0.0
3,H24,3023,rolling_false_safe,250,0.0
3,H24,3023,rolling_false_safe,300,0.005
3,H24,3023,rolling_false_safe,350,0.01
3,H24,3023,rolling_false_safe,400,0.01
3,H24,3023,rolling_false_safe,450,0.01
3,H24,3023,rolling_false_safe,500,0.005
3,H24,3023,rolling_false_safe,550,0.0
3,H24,3023,rolling_false_safe,600,0.0
3,H24,3023,rolling_false_safe,650,0.0
3,H24,3023,rolling_false_safe,700,0.0
3,H24,3023,rolling_false_safe,750,0.0
3,H24,3023,rolling_false_safe,800,0.005
3,H24,3023,rolling_false_safe,850,0.01
3,H24,3023,rolling_false_safe,900,0.01
3,H24,3023,rolling_false_safe,950,0.01
3,H24,3023,rolling_false_safe,1000,0.005
3,H24,3023,rolling_false_safe,1050,0.005
3,H24,3023,rolling_false_safe,1100,0.005
3,H24,3023,rolling_false_safe,1150,0.005
3,H24,3023,rolling_false_safe,1200,0.005
3,H24,3023,rolling_false_safe,1250,0.0
3,H24,3023,rolling_false_safe,1300,0.0
3,H24,3023,rolling_false_safe,1350,0.005
3,H24,3023,rolling_false_safe,1400,0.005
3,H24,3023,rolling_false_safe,1450,0.005
3,H24,3023,rolling_false_safe,1500,0.01
3,H24,3023,rolling_false_safe,1550,0.005
3,H24,3023,rolling_false_safe,1600,0.005
3,H24,3023,rolling_false_safe,1650,0.005
3,H24,3023,rolling_false_safe,1700,0.0
3,H24,3023,rolling_false_safe,1750,0.005
3,H24,3023,rolling_false_safe,1800,0.005
3,H24,3023,rolling_false_safe,1850,0.005
3,H24,3023,rolling_false_safe,1900,0.005
3,H24,3023,rolling_false_safe,1950,0.0
3,H24,3023,rolling_false_safe,2000,0.0
3,H24,3023,rolling_false_safe,2050,0.0
3,H24,3023,rolling_false_safe,2100,0.0
3,H24,3023,rolling_false_safe,2150,0.0
3,H24,3023,rolling_false_safe,2200,0.0
3,H24,3023,rolling_false_safe,2250,0.0
3,H24,3023,rolling_false_safe,2300,0.0
3,H24,3023,rolling_false_safe,2350,0.005
3,H24,3023,rolling_false_safe,2400,0.005
3,H24,3023,rolling_false_safe,2450,0.005
3,H24,3023,rolling_false_safe,2500,0.005
3,H24,3023,rolling_false_safe,2550,0.0
3,H24,3023,rolling_false_safe,2600,0.0
3,H24,3023,rolling_false_safe,2650,0.0
3,H24,3023,rolling_false_safe,2700,0.005
3,H24,3023,rolling_false_safe,2750,0.005
3,H24,3023,rolling_false_safe,2800,0.005
3,H24,3023,rolling_false_safe,2850,0.005
3,H24,3023,rolling_false_safe,2900,0.0
3,H24,3023,rolling_false_safe,2950,0.005
3,H24,3023,rolling_false_safe,3000,0.005
3,H24,3023,rolling_false_safe,3050,0.005
3,H24,3023,rolling_false_safe,3100,0.005
3,H24,3023,rolling_false_safe,3150,0.0
3,H24,3023,rolling_false_safe,3200,0.0
3,H24,3023,rolling_false_safe,3250,0.0
3,H24,3023,rolling_false_safe,3300,0.0
3,H24,3023,rolling_false_safe,3350,0.0
3,H24,3023,rolling_false_safe,3400,0.0
3,H24,3023,rolling_false_safe,3450,0.005
3,H24,3023,rolling_false_safe,3500,0.01
3,H24,3023,rolling_false_safe,3550,0.01
3,H24,3023,rolling_false_safe,3600,0.01
3,H24,3023,rolling_false_safe,3650,0.01
3,H24,3023,rolling_false_safe,3700,0.005
3,H24,3023,rolling_false_safe,3750,0.005
3,H24,3023,rolling_false_safe,3800,0.005
3,H24,3023,rolling_false_safe,3850,0.0
3,H24,3023,rolling_false_safe,3900,0.0
3,H24,3023,rolling_false_safe,3950,0.005
3,H24,3023,rolling_false_safe,4000,0.005
3,H24,3023,rolling_false_safe,4050,0.005
3,H24,3023,rolling_false_safe,4100,0.01
3,H24,3023,rolling_false_safe,4150,0.005
3,H24,3023,rolling_false_safe,4200,0.01
3,H24,3023,rolling_false_safe,4250,0.01
3,H24,3023,rolling_false_safe,4300,0.005
3,H24,3023,rolling_false_safe,4350,0.005
3,H24,3023,rolling_false_safe,4400,0.005
3,H24,3023,rolling_false_safe,4450,0.005
3,H24,3023,rolling_false_safe,4500,0.005
3,H24,3023,rolling_false_safe,4550,0.005
3,H24,3023,rolling_false_safe,4600,0.0
3,H24,3023,rolling_false_safe,4650,0.005
3,H24,3023,rolling_false_safe,4700,0.005
3,H24,3023,rolling_false_safe,4750,0.005
3,H24,3023,rolling_false_safe,4800,0.005
3,H24,3023,rolling_false_safe,4850,0.0
3,H24,3023,rolling_false_safe,4900,0.005
3,H24,3023,rolling_false_safe,4950,0.005
3,H24,3023,onchain_governance_recorded,27,1.0
3,H24,3024,rolling_false_safe,0,0.0
3,H24,3024,rolling_false_safe,50,0.0
3,H24,3024,rolling_false_safe,100,0.0
3,H24,3024,rolling_false_safe,150,0.0
3,H24,3024,rolling_false_safe,200,0.0
3,H24,3024,rolling_false_safe,250,0.0
3,H24,3024,rolling_false_safe,300,0.005
3,H24,3024,rolling_false_safe,350,0.01
3,H24,3024,rolling_false_safe,400,0.015
3,H24,3024,rolling_false_safe,450,0.015
3,H24,3024,rolling_false_safe,500,0.01
3,H24,3024,rolling_false_safe,550,0.01
3,H24,3024,rolling_false_safe,600,0.005
3,H24,3024,rolling_false_safe,650,0.005
3,H24,3024,rolling_false_safe,700,0.005
3,H24,3024,rolling_false_safe,750,0.0
3,H24,3024,rolling_false_safe,800,0.0
3,H24,3024,rolling_false_safe,850,0.0
3,H24,3024,rolling_false_safe,900,0.0
3,H24,3024,rolling_false_safe,950,0.0
3,H24,3024,rolling_false_safe,1000,0.0
3,H24,3024,rolling_false_safe,1050,0.0
3,H24,3024,rolling_false_safe,1100,0.0
3,H24,3024,rolling_false_safe,1150,0.0
3,H24,3024,rolling_false_safe,1200,0.0
3,H24,3024,rolling_false_safe,1250,0.0
3,H24,3024,rolling_false_safe,1300,0.0
3,H24,3024,rolling_false_safe,1350,0.005
3,H24,3024,rolling_false_safe,1400,0.005
3,H24,3024,rolling_false_safe,1450,0.005
3,H24,3024,rolling_false_safe,1500,0.005
3,H24,3024,rolling_false_safe,1550,0.0
3,H24,3024,rolling_false_safe,1600,0.0
3,H24,3024,rolling_false_safe,1650,0.0
3,H24,3024,rolling_false_safe,1700,0.005
3,H24,3024,rolling_false_safe,1750,0.005
3,H24,3024,rolling_false_safe,1800,0.005
3,H24,3024,rolling_false_safe,1850,0.005
3,H24,3024,rolling_false_safe,1900,0.0
3,H24,3024,rolling_false_safe,1950,0.0
3,H24,3024,rolling_false_safe,2000,0.0
3,H24,3024,rolling_false_safe,2050,0.005
3,H24,3024,rolling_false_safe,2100,0.005
3,H24,3024,rolling_false_safe,2150,0.005
3,H24,3024,rolling_false_safe,2200,0.005
3,H24,3024,rolling_false_safe,2250,0.0
3,H24,3024,rolling_false_safe,2300,0.0
3,H24,3024,rolling_false_safe,2350,0.0
3,H24,3024,rolling_false_safe,2400,0.0
3,H24,3024,rolling_false_safe,2450,0.0
3,H24,3024,rolling_false_safe,2500,0.0
3,H24,3024,rolling_false_safe,2550,0.005
3,H24,3024,rolling_false_safe,2600,0.005
3,H24,3024,rolling_false_safe,2650,0.015
3,H24,3024,rolling_false_safe,2700,0.015
3,H24,3024,rolling_false_safe,2750,0.01
3,H24,3024,rolling_false_safe,2800,0.015
3,H24,3024,rolling_false_safe,2850,0.01
3,H24,3024,rolling_false_safe,2900,0.01
3,H24,3024,rolling_false_safe,2950,0.01
3,H24,3024,rolling_false_safe,3000,0.005
3,H24,3024,rolling_false_safe,3050,0.0
3,H24,3024,rolling_false_safe,3100,0.0
3,H24,3024,rolling_false_safe,3150,0.005
3,H24,3024,rolling_false_safe,3200,0.005
3,H24,3024,rolling_false_safe,3250,0.005
3,H24,3024,rolling_false_safe,3300,0.005
3,H24,3024,rolling_false_safe,3350,0.0
3,H24,3024,rolling_false_safe,3400,0.0
3,H24,3024,rolling_false_safe,3450,0.0
3,H24,3024,rolling_false_safe,3500,0.0
3,H24,3024,rolling_false_safe,3550,0.0
3,H24,3024,rolling_false_safe,3600,0.0
3,H24,3024,rolling_false_safe,3650,0.0
3,H24,3024,rolling_false_safe,3700,0.0
3,H24,3024,rolling_false_safe,3750,0.0
3,H24,3024,rolling_false_safe,3800,0.0
3,H24,3024,rolling_false_safe,3850,0.0
3,H24,3024,rolling_false_safe,3900,0.0
3,H24,3024,rolling_false_safe,3950,0.0
3,H24,3024,rolling_false_safe,4000,0.0
3,H24,3024,rolling_false_safe,4050,0.005
3,H24,3024,rolling_false_safe,4100,0.005
3,H24,3024,rolling_false_safe,4150,0.005
3,H24,3024,rolling_false_safe,4200,0.005
3,H24,3024,rolling_false_safe,4250,0.0
3,H24,3024,rolling_false_safe,4300,0.0
3,H24,3024,rolling_false_safe,4350,0.0
3,H24,3024,rolling_false_safe,4400,0.0
3,H24,3024,rolling_false_safe,4450,0.0
3,H24,3024,rolling_false_safe,4500,0.0
3,H24,3024,rolling_false_safe,4550,0.0
3,H24,3024,rolling_false_safe,4600,0.0
3,H24,3024,rolling_false_safe,4650,0.0
3,H24,3024,rolling_false_safe,4700,0.0
3,H24,3024,rolling_false_safe,4750,0.005
3,H24,3024,rolling_false_safe,4800,0.005
3,H24,3024,rolling_false_safe,4850,0.005
3,H24,3024,rolling_false_safe,4900,0.005
3,H24,3024,rolling_false_safe,4950,0.0
3,H24,3024,onchain_governance_recorded,25,1.0
3,H24,3025,rolling_false_safe,0,0.0
3,H24,3025,rolling_false_safe,50,0.0
3,H24,3025,rolling_false_safe,100,0.0
3,H24,3025,rolling_false_safe,150,0.0
3,H24,3025,rolling_false_safe,200,0.0
3,H24,3025,rolling_false_safe,250,0.005
3,H24,3025,rolling_false_safe,300,0.005
3,H24,3025,rolling_false_safe,350,0.005
3,H24,3025,rolling_false_safe,400,0.01
3,H24,3025,rolling_false_safe,450,0.005
3,H24,3025,rolling_false_safe,500,0.005
3,H24,3025,rolling_false_safe,550,0.005
3,H24,3025,rolling_false_safe,600,0.0
3,H24,3025,rolling_false_safe,650,0.0
3,H24,3025,rolling_false_safe,700,0.0
3,H24,3025,rolling_false_safe,750,0.0
3,H24,3025,rolling_false_safe,800,0.005
3,H24,3025,rolling_false_safe,850,0.005
3,H24,3025,rolling_false_safe,900,0.005
3,H24,3025,rolling_false_safe,950,0.005
3,H24,3025,rolling_false_safe,1000,0.0
3,H24,3025,rolling_false_safe,1050,0.0
3,H24,3025,rolling_false_safe,1100,0.0
3,H24,3025,rolling_false_safe,1150,0.0
3,H24,3025,rolling_false_safe,1200,0.0
3,H24,3025,rolling_false_safe,1250,0.0
3,H24,3025,rolling_false_safe,1300,0.0
3,H24,3025,rolling_false_safe,1350,0.0
3,H24,3025,rolling_false_safe,1400,0.0
3,H24,3025,rolling_false_safe,1450,0.0
3,H24,3025,rolling_false_safe,1500,0.0
3,H24,3025,rolling_false_safe,1550,0.0
3,H24,3025,rolling_false_safe,1600,0.0
3,H24,3025,rolling_false_safe,1650,0.0
3,H24,3025,rolling_false_safe,1700,0.0
3,H24,3025,rolling_false_safe,1750,0.0
3,H24,3025,rolling_false_safe,1800,0.0
3,H24,3025,rolling_false_safe,1850,0.005
3,H24,3025,rolling_false_safe,1900,0.005
3,H24,3025,rolling_false_safe,1950,0.005
3,H24,3025,rolling_false_safe,2000,0.005
3,H24,3025,rolling_false_safe,2050,0.0
3,H24,3025,rolling_false_safe,2100,0.0
3,H24,3025,rolling_false_safe,2150,0.0
3,H24,3025,rolling_false_safe,2200,0.0
3,H24,3025,rolling_false_safe,2250,0.0
3,H24,3025,rolling_false_safe,2300,0.0
3,H24,3025,rolling_false_safe,2350,0.0
3,H24,3025,rolling_false_safe,2400,0.0
3,H24,3025,rolling_false_safe,2450,0.0
3,H24,3025,rolling_false_safe,2500,0.0
3,H24,3025,rolling_false_safe,2550,0.0
3,H24,3025,rolling_false_safe,2600,0.0
3,H24,3025,rolling_false_safe,2650,0.0
3,H24,3025,rolling_false_safe,2700,0.0
3,H24,3025,rolling_false_safe,2750,0.0
3,H24,3025,rolling_false_safe,2800,0.0
3,H24,3025,rolling_false_safe,2850,0.0
3,H24,3025,rolling_false_safe,2900,0.0
3,H24,3025,rolling_false_safe,2950,0.0
3,H24,3025,rolling_false_safe,3000,0.0
3,H24,3025,rolling_false_safe,3050,0.005
3,H24,3025,rolling_false_safe,3100,0.005
3,H24,3025,rolling_false_safe,3150,0.005
3,H24,3025,rolling_false_safe,3200,0.005
3,H24,3025,rolling_false_safe,3250,0.0
3,H24,3025,rolling_false_safe,3300,0.0
3,H24,3025,rolling_false_safe,3350,0.0
3,H24,3025,rolling_false_safe,3400,0.0
3,H24,3025,rolling_false_safe,3450,0.0
3,H24,3025,rolling_false_safe,3500,0.0
3,H24,3025,rolling_false_safe,3550,0.005
3,H24,3025,rolling_false_safe,3600,0.005
3,H24,3025,rolling_false_safe,3650,0.005
3,H24,3025,rolling_false_safe,3700,0.005
3,H24,3025,rolling_false_safe,3750,0.005
3,H24,3025,rolling_false_safe,3800,0.005
3,H24,3025,rolling_false_safe,3850,0.005
3,H24,3025,rolling_false_safe,3900,0.005
3,H24,3025,rolling_false_safe,3950,0.0
3,H24,3025,rolling_false_safe,4000,0.0
3,H24,3025,rolling_false_safe,4050,0.0
3,H24,3025,rolling_false_safe,4100,0.0
3,H24,3025,rolling_false_safe,4150,0.0
3,H24,3025,rolling_false_safe,4200,0.0
3,H24,3025,rolling_false_safe,4250,0.0
3,H24,3025,rolling_false_safe,4300,0.005
3,H24,3025,rolling_false_safe,4350,0.005
3,H24,3025,rolling_false_safe,4400,0.01
3,H24,3025,rolling_false_safe,4450,0.01
3,H24,3025,rolling_false_safe,4500,0.005
3,H24,3025,rolling_false_safe,4550,0.005
3,H24,3025,rolling_false_safe,4600,0.0
3,H24,3025,rolling_false_safe,4650,0.0
3,H24,3025,rolling_false_safe,4700,0.005
3,H24,3025,rolling_false_safe,4750,0.01
3,H24,3025,rolling_false_safe,4800,0.01
3,H24,3025,rolling_false_safe,4850,0.01
3,H24,3025,rolling_false_safe,4900,0.005
3,H24,3025,rolling_false_safe,4950,0.0
3,H24,3025,onchain_governance_recorded,28,1.0
3,H24,3026,rolling_false_safe,0,0.0
3,H24,3026,rolling_false_safe,50,0.0
3,H24,3026,rolling_false_safe,100,0.0
3,H24,3026,rolling_false_safe,150,0.0
3,H24,3026,rolling_false_safe,200,0.0
3,H24,3026,rolling_false_safe,250,0.01
3,H24,3026,rolling_false_safe,300,0.01
3,H24,3026,rolling_false_safe,350,0.015
3,H24,3026,rolling_false_safe,400,0.02
3,H24,3026,rolling_false_safe,450,0.01
3,H24,3026,rolling_false_safe,500,0.015
3,H24,3026,rolling_false_safe,550,0.01
3,H24,3026,rolling_false_safe,600,0.005
3,H24,3026,rolling_false_safe,650,0.005
3,H24,3026,rolling_false_safe,700,0.005
3,H24,3026,rolling_false_safe,750,0.005
3,H24,3026,rolling_false_safe,800,0.005
3,H24,3026,rolling_false_safe,850,0.005
3,H24,3026,rolling_false_safe,900,0.0
3,H24,3026,rolling_false_safe,950,0.0
3,H24,3026,rolling_false_safe,1000,0.0
3,H24,3026,rolling_false_safe,1050,0.005
3,H24,3026,rolling_false_safe,1100,0.005
3,H24,3026,rolling_false_safe,1150,0.01
3,H24,3026,rolling_false_safe,1200,0.01
3,H24,3026,rolling_false_safe,1250,0.005
3,H24,3026,rolling_false_safe,1300,0.005
3,H24,3026,rolling_false_safe,1350,0.0
3,H24,3026,rolling_false_safe,1400,0.0
3,H24,3026,rolling_false_safe,1450,0.005
3,H24,3026,rolling_false_safe,1500,0.005
3,H24,3026,rolling_false_safe,1550,0.005
3,H24,3026,rolling_false_safe,1600,0.005
3,H24,3026,rolling_false_safe,1650,0.0
3,H24,3026,rolling_false_safe,1700,0.0
3,H24,3026,rolling_false_safe,1750,0.0
3,H24,3026,rolling_false_safe,1800,0.0
3,H24,3026,rolling_false_safe,1850,0.0
3,H24,3026,rolling_false_safe,1900,0.0
3,H24,3026,rolling_false_safe,1950,0.005
3,H24,3026,rolling_false_safe,2000,0.005
3,H24,3026,rolling_false_safe,2050,0.005
3,H24,3026,rolling_false_safe,2100,0.005
3,H24,3026,rolling_false_safe,2150,0.0
3,H24,3026,rolling_false_safe,2200,0.0
3,H24,3026,rolling_false_safe,2250,0.0
3,H24,3026,rolling_false_safe,2300,0.0
3,H24,3026,rolling_false_safe,2350,0.0
3,H24,3026,rolling_false_safe,2400,0.0
3,H24,3026,rolling_false_safe,2450,0.0
3,H24,3026,rolling_false_safe,2500,0.0
3,H24,3026,rolling_false_safe,2550,0.0
3,H24,3026,rolling_false_safe,2600,0.0
3,H24,3026,rolling_false_safe,2650,0.0
3,H24,3026,rolling_false_safe,2700,0.0
3,H24,3026,rolling_false_safe,2750,0.0
3,H24,3026,rolling_false_safe,2800,0.005
3,H24,3026,rolling_false_safe,2850,0.005
3,H24,3026,rolling_false_safe,2900,0.005
3,H24,3026,rolling_false_safe,2950,0.005
3,H24,3026,rolling_false_safe,3000,0.005
3,H24,3026,rolling_false_safe,3050,0.005
3,H24,3026,rolling_false_safe,3100,0.005
3,H24,3026,rolling_false_safe,3150,0.005
3,H24,3026,rolling_false_safe,3200,0.0
3,H24,3026,rolling_false_safe,3250,0.0
3,H24,3026,rolling_false_safe,3300,0.0
3,H24,3026,rolling_false_safe,3350,0.0
3,H24,3026,rolling_false_safe,3400,0.0
3,H24,3026,rolling_false_safe,3450,0.0
3,H24,3026,rolling_false_safe,3500,0.0
3,H24,3026,rolling_false_safe,3550,0.0
3,H24,3026,rolling_false_safe,3600,0.005
3,H24,3026,rolling_false_safe,3650,0.005
3,H24,3026,rolling_false_safe,3700,0.01
3,H24,3026,rolling_false_safe,3750,0.01
3,H24,3026,rolling_false_safe,3800,0.005
3,H24,3026,rolling_false_safe,3850,0.005
3,H24,3026,rolling_false_safe,3900,0.0
3,H24,3026,rolling_false_safe,3950,0.0
3,H24,3026,rolling_false_safe,4000,0.0
3,H24,3026,rolling_false_safe,4050,0.0
3,H24,3026,rolling_false_safe,4100,0.0
3,H24,3026,rolling_false_safe,4150,0.0
3,H24,3026,rolling_false_safe,4200,0.0
3,H24,3026,rolling_false_safe,4250,0.0
3,H24,3026,rolling_false_safe,4300,0.0
3,H24,3026,rolling_false_safe,4350,0.0
3,H24,3026,rolling_false_safe,4400,0.0
3,H24,3026,rolling_false_safe,4450,0.0
3,H24,3026,rolling_false_safe,4500,0.0
3,H24,3026,rolling_false_safe,4550,0.0
3,H24,3026,rolling_false_safe,4600,0.0
3,H24,3026,rolling_false_safe,4650,0.0
3,H24,3026,rolling_false_safe,4700,0.0
3,H24,3026,rolling_false_safe,4750,0.005
3,H24,3026,rolling_false_safe,4800,0.005
3,H24,3026,rolling_false_safe,4850,0.005
3,H24,3026,rolling_false_safe,4900,0.005
3,H24,3026,rolling_false_safe,4950,0.005
3,H24,3026,onchain_governance_recorded,28,1.0
3,H24,3027,rolling_false_safe,0,0.0
3,H24,3027,rolling_false_safe,50,0.0
3,H24,3027,rolling_false_safe,100,0.0
3,H24,3027,rolling_false_safe,150,0.0
3,H24,3027,rolling_false_safe,200,0.0
3,H24,3027,rolling_false_safe,250,0.0
3,H24,3027,rolling_false_safe,300,0.0
3,H24,3027,rolling_false_safe,350,0.0
3,H24,3027,rolling_false_safe,400,0.0
3,H24,3027,rolling_false_safe,450,0.0
3,H24,3027,rolling_false_safe,500,0.0
3,H24,3027,rolling_false_safe,550,0.0
3,H24,3027,rolling_false_safe,600,0.0
3,H24,3027,rolling_false_safe,650,0.0
3,H24,3027,rolling_false_safe,700,0.0
3,H24,3027,rolling_false_safe,750,0.0
3,H24,3027,rolling_false_safe,800,0.0
3,H24,3027,rolling_false_safe,850,0.0
3,H24,3027,rolling_false_safe,900,0.0
3,H24,3027,rolling_false_safe,950,0.0
3,H24,3027,rolling_false_safe,1000,0.0
3,H24,3027,rolling_false_safe,1050,0.0
3,H24,3027,rolling_false_safe,1100,0.0
3,H24,3027,rolling_false_safe,1150,0.0
3,H24,3027,rolling_false_safe,1200,0.0
3,H24,3027,rolling_false_safe,1250,0.005
3,H24,3027,rolling_false_safe,1300,0.005
3,H24,3027,rolling_false_safe,1350,0.005
3,H24,3027,rolling_false_safe,1400,0.005
3,H24,3027,rolling_false_safe,1450,0.005
3,H24,3027,rolling_false_safe,1500,0.01
3,H24,3027,rolling_false_safe,1550,0.01
3,H24,3027,rolling_false_safe,1600,0.01
3,H24,3027,rolling_false_safe,1650,0.005
3,H24,3027,rolling_false_safe,1700,0.0
3,H24,3027,rolling_false_safe,1750,0.0
3,H24,3027,rolling_false_safe,1800,0.005
3,H24,3027,rolling_false_safe,1850,0.005
3,H24,3027,rolling_false_safe,1900,0.005
3,H24,3027,rolling_false_safe,1950,0.01
3,H24,3027,rolling_false_safe,2000,0.005
3,H24,3027,rolling_false_safe,2050,0.005
3,H24,3027,rolling_false_safe,2100,0.005
3,H24,3027,rolling_false_safe,2150,0.0
3,H24,3027,rolling_false_safe,2200,0.0
3,H24,3027,rolling_false_safe,2250,0.0
3,H24,3027,rolling_false_safe,2300,0.005
3,H24,3027,rolling_false_safe,2350,0.005
3,H24,3027,rolling_false_safe,2400,0.005
3,H24,3027,rolling_false_safe,2450,0.005
3,H24,3027,rolling_false_safe,2500,0.0
3,H24,3027,rolling_false_safe,2550,0.005
3,H24,3027,rolling_false_safe,2600,0.005
3,H24,3027,rolling_false_safe,2650,0.005
3,H24,3027,rolling_false_safe,2700,0.005
3,H24,3027,rolling_false_safe,2750,0.0
3,H24,3027,rolling_false_safe,2800,0.0
3,H24,3027,rolling_false_safe,2850,0.0
3,H24,3027,rolling_false_safe,2900,0.0
3,H24,3027,rolling_false_safe,2950,0.0
3,H24,3027,rolling_false_safe,3000,0.0
3,H24,3027,rolling_false_safe,3050,0.0
3,H24,3027,rolling_false_safe,3100,0.0
3,H24,3027,rolling_false_safe,3150,0.0
3,H24,3027,rolling_false_safe,3200,0.0
3,H24,3027,rolling_false_safe,3250,0.005
3,H24,3027,rolling_false_safe,3300,0.005
3,H24,3027,rolling_false_safe,3350,0.005
3,H24,3027,rolling_false_safe,3400,0.005
3,H24,3027,rolling_false_safe,3450,0.0
3,H24,3027,rolling_false_safe,3500,0.0
3,H24,3027,rolling_false_safe,3550,0.0
3,H24,3027,rolling_false_safe,3600,0.0
3,H24,3027,rolling_false_safe,3650,0.0
3,H24,3027,rolling_false_safe,3700,0.0
3,H24,3027,rolling_false_safe,3750,0.0
3,H24,3027,rolling_false_safe,3800,0.0
3,H24,3027,rolling_false_safe,3850,0.0
3,H24,3027,rolling_false_safe,3900,0.0
3,H24,3027,rolling_false_safe,3950,0.0
3,H24,3027,rolling_false_safe,4000,0.0
3,H24,3027,rolling_false_safe,4050,0.0
3,H24,3027,rolling_false_safe,4100,0.0
3,H24,3027,rolling_false_safe,4150,0.0
3,H24,3027,rolling_false_safe,4200,0.0
3,H24,3027,rolling_false_safe,4250,0.0
3,H24,3027,rolling_false_safe,4300,0.0
3,H24,3027,rolling_false_safe,4350,0.0
3,H24,3027,rolling_false_safe,4400,0.0
3,H24,3027,rolling_false_safe,4450,0.0
3,H24,3027,rolling_false_safe,4500,0.0
3,H24,3027,rolling_false_safe,4550,0.0
3,H24,3027,rolling_false_safe,4600,0.0
3,H24,3027,rolling_false_safe,4650,0.0
3,H24,3027,rolling_false_safe,4700,0.0
3,H24,3027,rolling_false_safe,4750,0.0
3,H24,3027,rolling_false_safe,4800,0.01
3,H24,3027,rolling_false_safe,4850,0.01
3,H24,3027,rolling_false_safe,4900,0.01
3,H24,3027,rolling_false_safe,4950,0.015
3,H24,3027,onchain_governance_recorded,27,1.0
3,H24,3028,rolling_false_safe,0,0.0
3,H24,3028,rolling_false_safe,50,0.0196078431372549
3,H24,3028,rolling_false_safe,100,0.0099009900990099
3,H24,3028,rolling_false_safe,150,0.0066225165562913
3,H24,3028,rolling_false_safe,200,0.01
3,H24,3028,rolling_false_safe,250,0.01
3,H24,3028,rolling_false_safe,300,0.01
3,H24,3028,rolling_false_safe,350,0.01
3,H24,3028,rolling_false_safe,400,0.005
3,H24,3028,rolling_false_safe,450,0.0
3,H24,3028,rolling_false_safe,500,0.0
3,H24,3028,rolling_false_safe,550,0.0
3,H24,3028,rolling_false_safe,600,0.0
3,H24,3028,rolling_false_safe,650,0.0
3,H24,3028,rolling_false_safe,700,0.0
3,H24,3028,rolling_false_safe,750,0.0
3,H24,3028,rolling_false_safe,800,0.0
3,H24,3028,rolling_false_safe,850,0.0
3,H24,3028,rolling_false_safe,900,0.0
3,H24,3028,rolling_false_safe,950,0.005
3,H24,3028,rolling_false_safe,1000,0.005
3,H24,3028,rolling_false_safe,1050,0.005
3,H24,3028,rolling_false_safe,1100,0.01
3,H24,3028,rolling_false_safe,1150,0.005
3,H24,3028,rolling_false_safe,1200,0.005
3,H24,3028,rolling_false_safe,1250,0.005
3,H24,3028,rolling_false_safe,1300,0.0
3,H24,3028,rolling_false_safe,1350,0.0
3,H24,3028,rolling_false_safe,1400,0.0
3,H24,3028,rolling_false_safe,1450,0.0
3,H24,3028,rolling_false_safe,1500,0.0
3,H24,3028,rolling_false_safe,1550,0.005
3,H24,3028,rolling_false_safe,1600,0.005
3,H24,3028,rolling_false_safe,1650,0.005
3,H24,3028,rolling_false_safe,1700,0.005
3,H24,3028,rolling_false_safe,1750,0.0
3,H24,3028,rolling_false_safe,1800,0.0
3,H24,3028,rolling_false_safe,1850,0.0
3,H24,3028,rolling_false_safe,1900,0.0
3,H24,3028,rolling_false_safe,1950,0.0
3,H24,3028,rolling_false_safe,2000,0.0
3,H24,3028,rolling_false_safe,2050,0.0
3,H24,3028,rolling_false_safe,2100,0.0
3,H24,3028,rolling_false_safe,2150,0.0
3,H24,3028,rolling_false_safe,2200,0.0
3,H24,3028,rolling_false_safe,2250,0.0
3,H24,3028,rolling_false_safe,2300,0.0
3,H24,3028,rolling_false_safe,2350,0.0
3,H24,3028,rolling_false_safe,2400,0.0
3,H24,3028,rolling_false_safe,2450,0.0
3,H24,3028,rolling_false_safe,2500,0.0
3,H24,3028,rolling_false_safe,2550,0.0
3,H24,3028,rolling_false_safe,2600,0.0
3,H24,3028,rolling_false_safe,2650,0.005
3,H24,3028,rolling_false_safe,2700,0.005
3,H24,3028,rolling_false_safe,2750,0.005
3,H24,3028,rolling_false_safe,2800,0.005
3,H24,3028,rolling_false_safe,2850,0.005
3,H24,3028,rolling_false_safe,2900,0.005
3,H24,3028,rolling_false_safe,2950,0.005
3,H24,3028,rolling_false_safe,3000,0.005
3,H24,3028,rolling_false_safe,3050,0.005
3,H24,3028,rolling_false_safe,3100,0.005
3,H24,3028,rolling_false_safe,3150,0.005
3,H24,3028,rolling_false_safe,3200,0.01
3,H24,3028,rolling_false_safe,3250,0.005
3,H24,3028,rolling_false_safe,3300,0.005
3,H24,3028,rolling_false_safe,3350,0.005
3,H24,3028,rolling_false_safe,3400,0.0
3,H24,3028,rolling_false_safe,3450,0.0
3,H24,3028,rolling_false_safe,3500,0.0
3,H24,3028,rolling_false_safe,3550,0.0
3,H24,3028,rolling_false_safe,3600,0.0
3,H24,3028,rolling_false_safe,3650,0.0
3,H24,3028,rolling_false_safe,3700,0.0
3,H24,3028,rolling_false_safe,3750,0.0
3,H24,3028,rolling_false_safe,3800,0.0
3,H24,3028,rolling_false_safe,3850,0.0
3,H24,3028,rolling_false_safe,3900,0.0
3,H24,3028,rolling_false_safe,3950,0.0
3,H24,3028,rolling_false_safe,4000,0.0
3,H24,3028,rolling_false_safe,4050,0.0
3,H24,3028,rolling_false_safe,4100,0.0
3,H24,3028,rolling_false_safe,4150,0.0
3,H24,3028,rolling_false_safe,4200,0.0
3,H24,3028,rolling_false_safe,4250,0.0
3,H24,3028,rolling_false_safe,4300,0.005
3,H24,3028,rolling_false_safe,4350,0.005
3,H24,3028,rolling_false_safe,4400,0.005
3,H24,3028,rolling_false_safe,4450,0.005
3,H24,3028,rolling_false_safe,4500,0.0
3,H24,3028,rolling_false_safe,4550,0.0
3,H24,3028,rolling_false_safe,4600,0.0
3,H24,3028,rolling_false_safe,4650,0.005
3,H24,3028,rolling_false_safe,4700,0.005
3,H24,3028,rolling_false_safe,4750,0.005
3,H24,3028,rolling_false_safe,4800,0.005
3,H24,3028,rolling_false_safe,4850,0.0
3,H24,3028,rolling_false_safe,4900,0.0
3,H24,3028,rolling_false_safe,4950,0.005
3,H24,3028,onchain_governance_recorded,23,1.0
3,H24,3029,rolling_false_safe,0,0.0
3,H24,3029,rolling_false_safe,50,0.0
3,H24,3029,rolling_false_safe,100,0.0
3,H24,3029,rolling_false_safe,150,0.0
3,H24,3029,rolling_false_safe,200,0.0
3,H24,3029,rolling_false_safe,250,0.005
3,H24,3029,rolling_false_safe,300,0.005
3,H24,3029,rolling_false_safe,350,0.005
3,H24,3029,rolling_false_safe,400,0.005
3,H24,3029,rolling_false_safe,450,0.0
3,H24,3029,rolling_false_safe,500,0.0
3,H24,3029,rolling_false_safe,550,0.0
3,H24,3029,rolling_false_safe,600,0.005
3,H24,3029,rolling_false_safe,650,0.005
3,H24,3029,rolling_false_safe,700,0.01
3,H24,3029,rolling_false_safe,750,0.01
3,H24,3029,rolling_false_safe,800,0.01
3,H24,3029,rolling_false_safe,850,0.01
3,H24,3029,rolling_false_safe,900,0.005
3,H24,3029,rolling_false_safe,950,0.005
3,H24,3029,rolling_false_safe,1000,0.0
3,H24,3029,rolling_false_safe,1050,0.0
3,H24,3029,rolling_false_safe,1100,0.0
3,H24,3029,rolling_false_safe,1150,0.0
3,H24,3029,rolling_false_safe,1200,0.0
3,H24,3029,rolling_false_safe,1250,0.0
3,H24,3029,rolling_false_safe,1300,0.0
3,H24,3029,rolling_false_safe,1350,0.0
3,H24,3029,rolling_false_safe,1400,0.0
3,H24,3029,rolling_false_safe,1450,0.005
3,H24,3029,rolling_false_safe,1500,0.005
3,H24,3029,rolling_false_safe,1550,0.01
3,H24,3029,rolling_false_safe,1600,0.01
3,H24,3029,rolling_false_safe,1650,0.005
3,H24,3029,rolling_false_safe,1700,0.005
3,H24,3029,rolling_false_safe,1750,0.0
3,H24,3029,rolling_false_safe,1800,0.0
3,H24,3029,rolling_false_safe,1850,0.01
3,H24,3029,rolling_false_safe,1900,0.01
3,H24,3029,rolling_false_safe,1950,0.01
3,H24,3029,rolling_false_safe,2000,0.01
3,H24,3029,rolling_false_safe,2050,0.0
3,H24,3029,rolling_false_safe,2100,0.0
3,H24,3029,rolling_false_safe,2150,0.0
3,H24,3029,rolling_false_safe,2200,0.005
3,H24,3029,rolling_false_safe,2250,0.005
3,H24,3029,rolling_false_safe,2300,0.005
3,H24,3029,rolling_false_safe,2350,0.005
3,H24,3029,rolling_false_safe,2400,0.0
3,H24,3029,rolling_false_safe,2450,0.0
3,H24,3029,rolling_false_safe,2500,0.0
3,H24,3029,rolling_false_safe,2550,0.0
3,H24,3029,rolling_false_safe,2600,0.0
3,H24,3029,rolling_false_safe,2650,0.0
3,H24,3029,rolling_false_safe,2700,0.0
3,H24,3029,rolling_false_safe,2750,0.0
3,H24,3029,rolling_false_safe,2800,0.0
3,H24,3029,rolling_false_safe,2850,0.0
3,H24,3029,rolling_false_safe,2900,0.0
3,H24,3029,rolling_false_safe,2950,0.0
3,H24,3029,rolling_false_safe,3000,0.005
3,H24,3029,rolling_false_safe,3050,0.005
3,H24,3029,rolling_false_safe,3100,0.005
3,H24,3029,rolling_false_safe,3150,0.005
3,H24,3029,rolling_false_safe,3200,0.0
3,H24,3029,rolling_false_safe,3250,0.0
3,H24,3029,rolling_false_safe,3300,0.0
3,H24,3029,rolling_false_safe,3350,0.0
3,H24,3029,rolling_false_safe,3400,0.0
3,H24,3029,rolling_false_safe,3450,0.0
3,H24,3029,rolling_false_safe,3500,0.0
3,H24,3029,rolling_false_safe,3550,0.0
3,H24,3029,rolling_false_safe,3600,0.0
3,H24,3029,rolling_false_safe,3650,0.005
3,H24,3029,rolling_false_safe,3700,0.005
3,H24,3029,rolling_false_safe,3750,0.005
3,H24,3029,rolling_false_safe,3800,0.005
3,H24,3029,rolling_false_safe,3850,0.0
3,H24,3029,rolling_false_safe,3900,0.0
3,H24,3029,rolling_false_safe,3950,0.0
3,H24,3029,rolling_false_safe,4000,0.0
3,H24,3029,rolling_false_safe,4050,0.0
3,H24,3029,rolling_false_safe,4100,0.0
3,H24,3029,rolling_false_safe,4150,0.0
3,H24,3029,rolling_false_safe,4200,0.0
3,H24,3029,rolling_false_safe,4250,0.005
3,H24,3029,rolling_false_safe,4300,0.01
3,H24,3029,rolling_false_safe,4350,0.01
3,H24,3029,rolling_false_safe,4400,0.01
3,H24,3029,rolling_false_safe,4450,0.005
3,H24,3029,rolling_false_safe,4500,0.0
3,H24,3029,rolling_false_safe,4550,0.005
3,H24,3029,rolling_false_safe,4600,0.005
3,H24,3029,rolling_false_safe,4650,0.005
3,H24,3029,rolling_false_safe,4700,0.005
3,H24,3029,rolling_false_safe,4750,0.0
3,H24,3029,rolling_false_safe,4800,0.0
3,H24,3029,rolling_false_safe,4850,0.0
3,H24,3029,rolling_false_safe,4900,0.0
3,H24,3029,rolling_false_safe,4950,0.005
3,H24,3029,onchain_governance_recorded,20,1.0
3,H24,3030,rolling_false_safe,0,0.0
3,H24,3030,rolling_false_safe,50,0.0
3,H24,3030,rolling_false_safe,100,0.0
3,H24,3030,rolling_false_safe,150,0.0
3,H24,3030,rolling_false_safe,200,0.0
3,H24,3030,rolling_false_safe,250,0.0
3,H24,3030,rolling_false_safe,300,0.005
3,H24,3030,rolling_false_safe,350,0.005
3,H24,3030,rolling_false_safe,400,0.005
3,H24,3030,rolling_false_safe,450,0.005
3,H24,3030,rolling_false_safe,500,0.0
3,H24,3030,rolling_false_safe,550,0.0
3,H24,3030,rolling_false_safe,600,0.0
3,H24,3030,rolling_false_safe,650,0.0
3,H24,3030,rolling_false_safe,700,0.0
3,H24,3030,rolling_false_safe,750,0.0
3,H24,3030,rolling_false_safe,800,0.0
3,H24,3030,rolling_false_safe,850,0.0
3,H24,3030,rolling_false_safe,900,0.0
3,H24,3030,rolling_false_safe,950,0.0
3,H24,3030,rolling_false_safe,1000,0.0
3,H24,3030,rolling_false_safe,1050,0.0
3,H24,3030,rolling_false_safe,1100,0.0
3,H24,3030,rolling_false_safe,1150,0.005
3,H24,3030,rolling_false_safe,1200,0.005
3,H24,3030,rolling_false_safe,1250,0.005
3,H24,3030,rolling_false_safe,1300,0.005
3,H24,3030,rolling_false_safe,1350,0.0
3,H24,3030,rolling_false_safe,1400,0.005
3,H24,3030,rolling_false_safe,1450,0.005
3,H24,3030,rolling_false_safe,1500,0.005
3,H24,3030,rolling_false_safe,1550,0.01
3,H24,3030,rolling_false_safe,1600,0.005
3,H24,3030,rolling_false_safe,1650,0.005
3,H24,3030,rolling_false_safe,1700,0.005
3,H24,3030,rolling_false_safe,1750,0.0
3,H24,3030,rolling_false_safe,1800,0.005
3,H24,3030,rolling_false_safe,1850,0.005
3,H24,3030,rolling_false_safe,1900,0.005
3,H24,3030,rolling_false_safe,1950,0.01
3,H24,3030,rolling_false_safe,2000,0.01
3,H24,3030,rolling_false_safe,2050,0.01
3,H24,3030,rolling_false_safe,2100,0.01
3,H24,3030,rolling_false_safe,2150,0.005
3,H24,3030,rolling_false_safe,2200,0.0
3,H24,3030,rolling_false_safe,2250,0.0
3,H24,3030,rolling_false_safe,2300,0.0
3,H24,3030,rolling_false_safe,2350,0.0
3,H24,3030,rolling_false_safe,2400,0.0
3,H24,3030,rolling_false_safe,2450,0.0
3,H24,3030,rolling_false_safe,2500,0.0
3,H24,3030,rolling_false_safe,2550,0.0
3,H24,3030,rolling_false_safe,2600,0.0
3,H24,3030,rolling_false_safe,2650,0.0
3,H24,3030,rolling_false_safe,2700,0.0
3,H24,3030,rolling_false_safe,2750,0.0
3,H24,3030,rolling_false_safe,2800,0.0
3,H24,3030,rolling_false_safe,2850,0.0
3,H24,3030,rolling_false_safe,2900,0.0
3,H24,3030,rolling_false_safe,2950,0.0
3,H24,3030,rolling_false_safe,3000,0.0
3,H24,3030,rolling_false_safe,3050,0.0
3,H24,3030,rolling_false_safe,3100,0.005
3,H24,3030,rolling_false_safe,3150,0.005
3,H24,3030,rolling_false_safe,3200,0.005
3,H24,3030,rolling_false_safe,3250,0.005
3,H24,3030,rolling_false_safe,3300,0.0
3,H24,3030,rolling_false_safe,3350,0.0
3,H24,3030,rolling_false_safe,3400,0.005
3,H24,3030,rolling_false_safe,3450,0.005
3,H24,3030,rolling_false_safe,3500,0.005
3,H24,3030,rolling_false_safe,3550,0.005
3,H24,3030,rolling_false_safe,3600,0.0
3,H24,3030,rolling_false_safe,3650,0.0
3,H24,3030,rolling_false_safe,3700,0.0
3,H24,3030,rolling_false_safe,3750,0.0
3,H24,3030,rolling_false_safe,3800,0.0
3,H24,3030,rolling_false_safe,3850,0.0
3,H24,3030,rolling_false_safe,3900,0.0
3,H24,3030,rolling_false_safe,3950,0.0
3,H24,3030,rolling_false_safe,4000,0.0
3,H24,3030,rolling_false_safe,4050,0.0
3,H24,3030,rolling_false_safe,4100,0.0
3,H24,3030,rolling_false_safe,4150,0.005
3,H24,3030,rolling_false_safe,4200,0.005
3,H24,3030,rolling_false_safe,4250,0.005
3,H24,3030,rolling_false_safe,4300,0.005
3,H24,3030,rolling_false_safe,4350,0.0
3,H24,3030,rolling_false_safe,4400,0.0
3,H24,3030,rolling_false_safe,4450,0.0
3,H24,3030,rolling_false_safe,4500,0.0
3,H24,3030,rolling_false_safe,4550,0.0
3,H24,3030,rolling_false_safe,4600,0.005
3,H24,3030,rolling_false_safe,4650,0.005
3,H24,3030,rolling_false_safe,4700,0.01
3,H24,3030,rolling_false_safe,4750,0.01
3,H24,3030,rolling_false_safe,4800,0.015
3,H24,3030,rolling_false_safe,4850,0.015
3,H24,3030,rolling_false_safe,4900,0.01
3,H24,3030,rolling_false_safe,4950,0.01
3,H24,3030,onchain_governance_recorded,24,1.0
3,H24,3031,rolling_false_safe,0,0.0
3,H24,3031,rolling_false_safe,50,0.0
3,H24,3031,rolling_false_safe,100,0.0
3,H24,3031,rolling_false_safe,150,0.0132450331125827
3,H24,3031,rolling_false_safe,200,0.01
3,H24,3031,rolling_false_safe,250,0.01
3,H24,3031,rolling_false_safe,300,0.015
3,H24,3031,rolling_false_safe,350,0.005
3,H24,3031,rolling_false_safe,400,0.005
3,H24,3031,rolling_false_safe,450,0.005
3,H24,3031,rolling_false_safe,500,0.0
3,H24,3031,rolling_false_safe,550,0.0
3,H24,3031,rolling_false_safe,600,0.0
3,H24,3031,rolling_false_safe,650,0.0
3,H24,3031,rolling_false_safe,700,0.0
3,H24,3031,rolling_false_safe,750,0.0
3,H24,3031,rolling_false_safe,800,0.0
3,H24,3031,rolling_false_safe,850,0.0
3,H24,3031,rolling_false_safe,900,0.0
3,H24,3031,rolling_false_safe,950,0.0
3,H24,3031,rolling_false_safe,1000,0.0
3,H24,3031,rolling_false_safe,1050,0.0
3,H24,3031,rolling_false_safe,1100,0.0
3,H24,3031,rolling_false_safe,1150,0.0
3,H24,3031,rolling_false_safe,1200,0.0
3,H24,3031,rolling_false_safe,1250,0.0
3,H24,3031,rolling_false_safe,1300,0.0
3,H24,3031,rolling_false_safe,1350,0.0
3,H24,3031,rolling_false_safe,1400,0.0
3,H24,3031,rolling_false_safe,1450,0.0
3,H24,3031,rolling_false_safe,1500,0.0
3,H24,3031,rolling_false_safe,1550,0.005
3,H24,3031,rolling_false_safe,1600,0.005
3,H24,3031,rolling_false_safe,1650,0.005
3,H24,3031,rolling_false_safe,1700,0.005
3,H24,3031,rolling_false_safe,1750,0.0
3,H24,3031,rolling_false_safe,1800,0.0
3,H24,3031,rolling_false_safe,1850,0.0
3,H24,3031,rolling_false_safe,1900,0.0
3,H24,3031,rolling_false_safe,1950,0.0
3,H24,3031,rolling_false_safe,2000,0.0
3,H24,3031,rolling_false_safe,2050,0.0
3,H24,3031,rolling_false_safe,2100,0.0
3,H24,3031,rolling_false_safe,2150,0.0
3,H24,3031,rolling_false_safe,2200,0.0
3,H24,3031,rolling_false_safe,2250,0.0
3,H24,3031,rolling_false_safe,2300,0.0
3,H24,3031,rolling_false_safe,2350,0.0
3,H24,3031,rolling_false_safe,2400,0.0
3,H24,3031,rolling_false_safe,2450,0.0
3,H24,3031,rolling_false_safe,2500,0.0
3,H24,3031,rolling_false_safe,2550,0.0
3,H24,3031,rolling_false_safe,2600,0.0
3,H24,3031,rolling_false_safe,2650,0.0
3,H24,3031,rolling_false_safe,2700,0.0
3,H24,3031,rolling_false_safe,2750,0.0
3,H24,3031,rolling_false_safe,2800,0.0
3,H24,3031,rolling_false_safe,2850,0.0
3,H24,3031,rolling_false_safe,2900,0.0
3,H24,3031,rolling_false_safe,2950,0.0
3,H24,3031,rolling_false_safe,3000,0.0
3,H24,3031,rolling_false_safe,3050,0.0
3,H24,3031,rolling_false_safe,3100,0.0
3,H24,3031,rolling_false_safe,3150,0.0
3,H24,3031,rolling_false_safe,3200,0.0
3,H24,3031,rolling_false_safe,3250,0.0
3,H24,3031,rolling_false_safe,3300,0.005
3,H24,3031,rolling_false_safe,3350,0.005
3,H24,3031,rolling_false_safe,3400,0.005
3,H24,3031,rolling_false_safe,3450,0.005
3,H24,3031,rolling_false_safe,3500,0.0
3,H24,3031,rolling_false_safe,3550,0.0
3,H24,3031,rolling_false_safe,3600,0.0
3,H24,3031,rolling_false_safe,3650,0.0
3,H24,3031,rolling_false_safe,3700,0.0
3,H24,3031,rolling_false_safe,3750,0.005
3,H24,3031,rolling_false_safe,3800,0.005
3,H24,3031,rolling_false_safe,3850,0.005
3,H24,3031,rolling_false_safe,3900,0.005
3,H24,3031,rolling_false_safe,3950,0.0
3,H24,3031,rolling_false_safe,4000,0.01
3,H24,3031,rolling_false_safe,4050,0.01
3,H24,3031,rolling_false_safe,4100,0.01
3,H24,3031,rolling_false_safe,4150,0.01
3,H24,3031,rolling_false_safe,4200,0.0
3,H24,3031,rolling_false_safe,4250,0.0
3,H24,3031,rolling_false_safe,4300,0.0
3,H24,3031,rolling_false_safe,4350,0.0
3,H24,3031,rolling_false_safe,4400,0.005
3,H24,3031,rolling_false_safe,4450,0.005
3,H24,3031,rolling_false_safe,4500,0.005
3,H24,3031,rolling_false_safe,4550,0.005
3,H24,3031,rolling_false_safe,4600,0.0
3,H24,3031,rolling_false_safe,4650,0.005
3,H24,3031,rolling_false_safe,4700,0.005
3,H24,3031,rolling_false_safe,4750,0.005
3,H24,3031,rolling_false_safe,4800,0.005
3,H24,3031,rolling_false_safe,4850,0.0
3,H24,3031,rolling_false_safe,4900,0.0
3,H24,3031,rolling_false_safe,4950,0.0
3,H24,3031,onchain_governance_recorded,25,1.0
3,H24,3032,rolling_false_safe,0,0.0
3,H24,3032,rolling_false_safe,50,0.0
3,H24,3032,rolling_false_safe,100,0.0
3,H24,3032,rolling_false_safe,150,0.0
3,H24,3032,rolling_false_safe,200,0.0
3,H24,3032,rolling_false_safe,250,0.0
3,H24,3032,rolling_false_safe,300,0.0
3,H24,3032,rolling_false_safe,350,0.0
3,H24,3032,rolling_false_safe,400,0.005
3,H24,3032,rolling_false_safe,450,0.005
3,H24,3032,rolling_false_safe,500,0.01
3,H24,3032,rolling_false_safe,550,0.01
3,H24,3032,rolling_false_safe,600,0.005
3,H24,3032,rolling_false_safe,650,0.005
3,H24,3032,rolling_false_safe,700,0.0
3,H24,3032,rolling_false_safe,750,0.0
3,H24,3032,rolling_false_safe,800,0.0
3,H24,3032,rolling_false_safe,850,0.0
3,H24,3032,rolling_false_safe,900,0.005
3,H24,3032,rolling_false_safe,950,0.005
3,H24,3032,rolling_false_safe,1000,0.005
3,H24,3032,rolling_false_safe,1050,0.01
3,H24,3032,rolling_false_safe,1100,0.005
3,H24,3032,rolling_false_safe,1150,0.005
3,H24,3032,rolling_false_safe,1200,0.01
3,H24,3032,rolling_false_safe,1250,0.005
3,H24,3032,rolling_false_safe,1300,0.005
3,H24,3032,rolling_false_safe,1350,0.005
3,H24,3032,rolling_false_safe,1400,0.005
3,H24,3032,rolling_false_safe,1450,0.005
3,H24,3032,rolling_false_safe,1500,0.005
3,H24,3032,rolling_false_safe,1550,0.005
3,H24,3032,rolling_false_safe,1600,0.0
3,H24,3032,rolling_false_safe,1650,0.0
3,H24,3032,rolling_false_safe,1700,0.0
3,H24,3032,rolling_false_safe,1750,0.0
3,H24,3032,rolling_false_safe,1800,0.0
3,H24,3032,rolling_false_safe,1850,0.0
3,H24,3032,rolling_false_safe,1900,0.005
3,H24,3032,rolling_false_safe,1950,0.005
3,H24,3032,rolling_false_safe,2000,0.005
3,H24,3032,rolling_false_safe,2050,0.005
3,H24,3032,rolling_false_safe,2100,0.0
3,H24,3032,rolling_false_safe,2150,0.0
3,H24,3032,rolling_false_safe,2200,0.0
3,H24,3032,rolling_false_safe,2250,0.0
3,H24,3032,rolling_false_safe,2300,0.0
3,H24,3032,rolling_false_safe,2350,0.01
3,H24,3032,rolling_false_safe,2400,0.01
3,H24,3032,rolling_false_safe,2450,0.01
3,H24,3032,rolling_false_safe,2500,0.01
3,H24,3032,rolling_false_safe,2550,0.0
3,H24,3032,rolling_false_safe,2600,0.0
3,H24,3032,rolling_false_safe,2650,0.0
3,H24,3032,rolling_false_safe,2700,0.0
3,H24,3032,rolling_false_safe,2750,0.005
3,H24,3032,rolling_false_safe,2800,0.005
3,H24,3032,rolling_false_safe,2850,0.005
3,H24,3032,rolling_false_safe,2900,0.005
3,H24,3032,rolling_false_safe,2950,0.0
3,H24,3032,rolling_false_safe,3000,0.0
3,H24,3032,rolling_false_safe,3050,0.0
3,H24,3032,rolling_false_safe,3100,0.0
3,H24,3032,rolling_false_safe,3150,0.0
3,H24,3032,rolling_false_safe,3200,0.0
3,H24,3032,rolling_false_safe,3250,0.0
3,H24,3032,rolling_false_safe,3300,0.0
3,H24,3032,rolling_false_safe,3350,0.0
3,H24,3032,rolling_false_safe,3400,0.0
3,H24,3032,rolling_false_safe,3450,0.0
3,H24,3032,rolling_false_safe,3500,0.0
3,H24,3032,rolling_false_safe,3550,0.0
3,H24,3032,rolling_false_safe,3600,0.0
3,H24,3032,rolling_false_safe,3650,0.0
3,H24,3032,rolling_false_safe,3700,0.0
3,H24,3032,rolling_false_safe,3750,0.0
3,H24,3032,rolling_false_safe,3800,0.0
3,H24,3032,rolling_false_safe,3850,0.0
3,H24,3032,rolling_false_safe,3900,0.0
3,H24,3032,rolling_false_safe,3950,0.005
3,H24,3032,rolling_false_safe,4000,0.005
3,H24,3032,rolling_false_safe,4050,0.005
3,H24,3032,rolling_false_safe,4100,0.005
3,H24,3032,rolling_false_safe,4150,0.0
3,H24,3032,rolling_false_safe,4200,0.0
3,H24,3032,rolling_false_safe,4250,0.0
3,H24,3032,rolling_false_safe,4300,0.0
3,H24,3032,rolling_false_safe,4350,0.0
3,H24,3032,rolling_false_safe,4400,0.0
3,H24,3032,rolling_false_safe,4450,0.0
3,H24,3032,rolling_false_safe,4500,0.005
3,H24,3032,rolling_false_safe,4550,0.01
3,H24,3032,rolling_false_safe,4600,0.01
3,H24,3032,rolling_false_safe,4650,0.01
3,H24,3032,rolling_false_safe,4700,0.005
3,H24,3032,rolling_false_safe,4750,0.0
3,H24,3032,rolling_false_safe,4800,0.0
3,H24,3032,rolling_false_safe,4850,0.0
3,H24,3032,rolling_false_safe,4900,0.0
3,H24,3032,rolling_false_safe,4950,0.0
3,H24,3032,onchain_governance_recorded,23,1.0
3,H24,3033,rolling_false_safe,0,0.0
3,H24,3033,rolling_false_safe,50,0.0
3,H24,3033,rolling_false_safe,100,0.0
3,H24,3033,rolling_false_safe,150,0.0
3,H24,3033,rolling_false_safe,200,0.0
3,H24,3033,rolling_false_safe,250,0.0
3,H24,3033,rolling_false_safe,300,0.0
3,H24,3033,rolling_false_safe,350,0.0
3,H24,3033,rolling_false_safe,400,0.0
3,H24,3033,rolling_false_safe,450,0.0
3,H24,3033,rolling_false_safe,500,0.0
3,H24,3033,rolling_false_safe,550,0.0
3,H24,3033,rolling_false_safe,600,0.0
3,H24,3033,rolling_false_safe,650,0.005
3,H24,3033,rolling_false_safe,700,0.005
3,H24,3033,rolling_false_safe,750,0.005
3,H24,3033,rolling_false_safe,800,0.005
3,H24,3033,rolling_false_safe,850,0.0
3,H24,3033,rolling_false_safe,900,0.0
3,H24,3033,rolling_false_safe,950,0.0
3,H24,3033,rolling_false_safe,1000,0.0
3,H24,3033,rolling_false_safe,1050,0.0
3,H24,3033,rolling_false_safe,1100,0.0
3,H24,3033,rolling_false_safe,1150,0.0
3,H24,3033,rolling_false_safe,1200,0.0
3,H24,3033,rolling_false_safe,1250,0.0
3,H24,3033,rolling_false_safe,1300,0.0
3,H24,3033,rolling_false_safe,1350,0.0
3,H24,3033,rolling_false_safe,1400,0.0
3,H24,3033,rolling_false_safe,1450,0.005
3,H24,3033,rolling_false_safe,1500,0.005
3,H24,3033,rolling_false_safe,1550,0.005
3,H24,3033,rolling_false_safe,1600,0.005
3,H24,3033,rolling_false_safe,1650,0.0
3,H24,3033,rolling_false_safe,1700,0.0
3,H24,3033,rolling_false_safe,1750,0.0
3,H24,3033,rolling_false_safe,1800,0.0
3,H24,3033,rolling_false_safe,1850,0.005
3,H24,3033,rolling_false_safe,1900,0.005
3,H24,3033,rolling_false_safe,1950,0.005
3,H24,3033,rolling_false_safe,2000,0.005
3,H24,3033,rolling_false_safe,2050,0.0
3,H24,3033,rolling_false_safe,2100,0.0
3,H24,3033,rolling_false_safe,2150,0.0
3,H24,3033,rolling_false_safe,2200,0.0
3,H24,3033,rolling_false_safe,2250,0.0
3,H24,3033,rolling_false_safe,2300,0.0
3,H24,3033,rolling_false_safe,2350,0.0
3,H24,3033,rolling_false_safe,2400,0.0
3,H24,3033,rolling_false_safe,2450,0.0
3,H24,3033,rolling_false_safe,2500,0.0
3,H24,3033,rolling_false_safe,2550,0.0
3,H24,3033,rolling_false_safe,2600,0.005
3,H24,3033,rolling_false_safe,2650,0.005
3,H24,3033,rolling_false_safe,2700,0.005
3,H24,3033,rolling_false_safe,2750,0.005
3,H24,3033,rolling_false_safe,2800,0.0
3,H24,3033,rolling_false_safe,2850,0.0
3,H24,3033,rolling_false_safe,2900,0.0
3,H24,3033,rolling_false_safe,2950,0.0
3,H24,3033,rolling_false_safe,3000,0.0
3,H24,3033,rolling_false_safe,3050,0.005
3,H24,3033,rolling_false_safe,3100,0.005
3,H24,3033,rolling_false_safe,3150,0.005
3,H24,3033,rolling_false_safe,3200,0.005
3,H24,3033,rolling_false_safe,3250,0.0
3,H24,3033,rolling_false_safe,3300,0.005
3,H24,3033,rolling_false_safe,3350,0.01
3,H24,3033,rolling_false_safe,3400,0.01
3,H24,3033,rolling_false_safe,3450,0.01
3,H24,3033,rolling_false_safe,3500,0.005
3,H24,3033,rolling_false_safe,3550,0.0
3,H24,3033,rolling_false_safe,3600,0.0
3,H24,3033,rolling_false_safe,3650,0.0
3,H24,3033,rolling_false_safe,3700,0.0
3,H24,3033,rolling_false_safe,3750,0.0
3,H24,3033,rolling_false_safe,3800,0.0
3,H24,3033,rolling_false_safe,3850,0.0
3,H24,3033,rolling_false_safe,3900,0.0
3,H24,3033,rolling_false_safe,3950,0.0
3,H24,3033,rolling_false_safe,4000,0.0
3,H24,3033,rolling_false_safe,4050,0.0
3,H24,3033,rolling_false_safe,4100,0.0
3,H24,3033,rolling_false_safe,4150,0.0
3,H24,3033,rolling_false_safe,4200,0.0
3,H24,3033,rolling_false_safe,4250,0.0
3,H24,3033,rolling_false_safe,4300,0.005
3,H24,3033,rolling_false_safe,4350,0.01
3,H24,3033,rolling_false_safe,4400,0.015
3,H24,3033,rolling_false_safe,4450,0.015
3,H24,3033,rolling_false_safe,4500,0.01
3,H24,3033,rolling_false_safe,4550,0.005
3,H24,3033,rolling_false_safe,4600,0.0
3,H24,3033,rolling_false_safe,4650,0.005
3,H24,3033,rolling_false_safe,4700,0.005
3,H24,3033,rolling_false_safe,4750,0.005
3,H24,3033,rolling_false_safe,4800,0.005
3,H24,3033,rolling_false_safe,4850,0.005
3,H24,3033,rolling_false_safe,4900,0.005
3,H24,3033,rolling_false_safe,4950,0.005
3,H24,3033,onchain_governance_recorded,25,1.0
3,H24,3034,rolling_false_safe,0,0.0
3,H24,3034,rolling_false_safe,50,0.0
3,H24,3034,rolling_false_safe,100,0.0
3,H24,3034,rolling_false_safe,150,0.0
3,H24,3034,rolling_false_safe,200,0.0
3,H24,3034,rolling_false_safe,250,0.0
3,H24,3034,rolling_false_safe,300,0.0
3,H24,3034,rolling_false_safe,350,0.0
3,H24,3034,rolling_false_safe,400,0.0
3,H24,3034,rolling_false_safe,450,0.005
3,H24,3034,rolling_false_safe,500,0.005
3,H24,3034,rolling_false_safe,550,0.005
3,H24,3034,rolling_false_safe,600,0.005
3,H24,3034,rolling_false_safe,650,0.0
3,H24,3034,rolling_false_safe,700,0.0
3,H24,3034,rolling_false_safe,750,0.0
3,H24,3034,rolling_false_safe,800,0.005
3,H24,3034,rolling_false_safe,850,0.005
3,H24,3034,rolling_false_safe,900,0.005
3,H24,3034,rolling_false_safe,950,0.005
3,H24,3034,rolling_false_safe,1000,0.0
3,H24,3034,rolling_false_safe,1050,0.0
3,H24,3034,rolling_false_safe,1100,0.0
3,H24,3034,rolling_false_safe,1150,0.0
3,H24,3034,rolling_false_safe,1200,0.0
3,H24,3034,rolling_false_safe,1250,0.005
3,H24,3034,rolling_false_safe,1300,0.005
3,H24,3034,rolling_false_safe,1350,0.015
3,H24,3034,rolling_false_safe,1400,0.015
3,H24,3034,rolling_false_safe,1450,0.01
3,H24,3034,rolling_false_safe,1500,0.01
3,H24,3034,rolling_false_safe,1550,0.0
3,H24,3034,rolling_false_safe,1600,0.0
3,H24,3034,rolling_false_safe,1650,0.0
3,H24,3034,rolling_false_safe,1700,0.0
3,H24,3034,rolling_false_safe,1750,0.0
3,H24,3034,rolling_false_safe,1800,0.0
3,H24,3034,rolling_false_safe,1850,0.0
3,H24,3034,rolling_false_safe,1900,0.005
3,H24,3034,rolling_false_safe,1950,0.01
3,H24,3034,rolling_false_safe,2000,0.01
3,H24,3034,rolling_false_safe,2050,0.01
3,H24,3034,rolling_false_safe,2100,0.005
3,H24,3034,rolling_false_safe,2150,0.0
3,H24,3034,rolling_false_safe,2200,0.0
3,H24,3034,rolling_false_safe,2250,0.0
3,H24,3034,rolling_false_safe,2300,0.0
3,H24,3034,rolling_false_safe,2350,0.0
3,H24,3034,rolling_false_safe,2400,0.005
3,H24,3034,rolling_false_safe,2450,0.005
3,H24,3034,rolling_false_safe,2500,0.005
3,H24,3034,rolling_false_safe,2550,0.005
3,H24,3034,rolling_false_safe,2600,0.0
3,H24,3034,rolling_false_safe,2650,0.0
3,H24,3034,rolling_false_safe,2700,0.0
3,H24,3034,rolling_false_safe,2750,0.0
3,H24,3034,rolling_false_safe,2800,0.0
3,H24,3034,rolling_false_safe,2850,0.0
3,H24,3034,rolling_false_safe,2900,0.005
3,H24,3034,rolling_false_safe,2950,0.015
3,H24,3034,rolling_false_safe,3000,0.015
3,H24,3034,rolling_false_safe,3050,0.015
3,H24,3034,rolling_false_safe,3100,0.015
3,H24,3034,rolling_false_safe,3150,0.005
3,H24,3034,rolling_false_safe,3200,0.005
3,H24,3034,rolling_false_safe,3250,0.005
3,H24,3034,rolling_false_safe,3300,0.0
3,H24,3034,rolling_false_safe,3350,0.0
3,H24,3034,rolling_false_safe,3400,0.0
3,H24,3034,rolling_false_safe,3450,0.0
3,H24,3034,rolling_false_safe,3500,0.0
3,H24,3034,rolling_false_safe,3550,0.0
3,H24,3034,rolling_false_safe,3600,0.0
3,H24,3034,rolling_false_safe,3650,0.0
3,H24,3034,rolling_false_safe,3700,0.0
3,H24,3034,rolling_false_safe,3750,0.0
3,H24,3034,rolling_false_safe,3800,0.005
3,H24,3034,rolling_false_safe,3850,0.005
3,H24,3034,rolling_false_safe,3900,0.005
3,H24,3034,rolling_false_safe,3950,0.005
3,H24,3034,rolling_false_safe,4000,0.0
3,H24,3034,rolling_false_safe,4050,0.0
3,H24,3034,rolling_false_safe,4100,0.0
3,H24,3034,rolling_false_safe,4150,0.0
3,H24,3034,rolling_false_safe,4200,0.005
3,H24,3034,rolling_false_safe,4250,0.005
3,H24,3034,rolling_false_safe,4300,0.005
3,H24,3034,rolling_false_safe,4350,0.005
3,H24,3034,rolling_false_safe,4400,0.0
3,H24,3034,rolling_false_safe,4450,0.0
3,H24,3034,rolling_false_safe,4500,0.0
3,H24,3034,rolling_false_safe,4550,0.005
3,H24,3034,rolling_false_safe,4600,0.005
3,H24,3034,rolling_false_safe,4650,0.005
3,H24,3034,rolling_false_safe,4700,0.005
3,H24,3034,rolling_false_safe,4750,0.0
3,H24,3034,rolling_false_safe,4800,0.0
3,H24,3034,rolling_false_safe,4850,0.0
3,H24,3034,rolling_false_safe,4900,0.0
3,H24,3034,rolling_false_safe,4950,0.0
3,H24,3034,onchain_governance_recorded,24,1.0
3,H24,3035,rolling_false_safe,0,0.0
3,H24,3035,rolling_false_safe,50,0.0
3,H24,3035,rolling_false_safe,100,0.0
3,H24,3035,rolling_false_safe,150,0.0
3,H24,3035,rolling_false_safe,200,0.005
3,H24,3035,rolling_false_safe,250,0.005
3,H24,3035,rolling_false_safe,300,0.005
3,H24,3035,rolling_false_safe,350,0.005
3,H24,3035,rolling_false_safe,400,0.0
3,H24,3035,rolling_false_safe,450,0.0
3,H24,3035,rolling_false_safe,500,0.0
3,H24,3035,rolling_false_safe,550,0.005
3,H24,3035,rolling_false_safe,600,0.005
3,H24,3035,rolling_false_safe,650,0.005
3,H24,3035,rolling_false_safe,700,0.005
3,H24,3035,rolling_false_safe,750,0.0
3,H24,3035,rolling_false_safe,800,0.0
3,H24,3035,rolling_false_safe,850,0.0
3,H24,3035,rolling_false_safe,900,0.0
3,H24,3035,rolling_false_safe,950,0.005
3,H24,3035,rolling_false_safe,1000,0.005
3,H24,3035,rolling_false_safe,1050,0.005
3,H24,3035,rolling_false_safe,1100,0.005
3,H24,3035,rolling_false_safe,1150,0.0
3,H24,3035,rolling_false_safe,1200,0.0
3,H24,3035,rolling_false_safe,1250,0.0
3,H24,3035,rolling_false_safe,1300,0.0
3,H24,3035,rolling_false_safe,1350,0.0
3,H24,3035,rolling_false_safe,1400,0.0
3,H24,3035,rolling_false_safe,1450,0.0
3,H24,3035,rolling_false_safe,1500,0.005
3,H24,3035,rolling_false_safe,1550,0.005
3,H24,3035,rolling_false_safe,1600,0.005
3,H24,3035,rolling_false_safe,1650,0.005
3,H24,3035,rolling_false_safe,1700,0.005
3,H24,3035,rolling_false_safe,1750,0.005
3,H24,3035,rolling_false_safe,1800,0.005
3,H24,3035,rolling_false_safe,1850,0.005
3,H24,3035,rolling_false_safe,1900,0.0
3,H24,3035,rolling_false_safe,1950,0.0
3,H24,3035,rolling_false_safe,2000,0.0
3,H24,3035,rolling_false_safe,2050,0.0
3,H24,3035,rolling_false_safe,2100,0.0
3,H24,3035,rolling_false_safe,2150,0.0
3,H24,3035,rolling_false_safe,2200,0.0
3,H24,3035,rolling_false_safe,2250,0.005
3,H24,3035,rolling_false_safe,2300,0.005
3,H24,3035,rolling_false_safe,2350,0.005
3,H24,3035,rolling_false_safe,2400,0.005
3,H24,3035,rolling_false_safe,2450,0.0
3,H24,3035,rolling_false_safe,2500,0.0
3,H24,3035,rolling_false_safe,2550,0.0
3,H24,3035,rolling_false_safe,2600,0.0
3,H24,3035,rolling_false_safe,2650,0.0
3,H24,3035,rolling_false_safe,2700,0.0
3,H24,3035,rolling_false_safe,2750,0.0
3,H24,3035,rolling_false_safe,2800,0.0
3,H24,3035,rolling_false_safe,2850,0.0
3,H24,3035,rolling_false_safe,2900,0.0
3,H24,3035,rolling_false_safe,2950,0.0
3,H24,3035,rolling_false_safe,3000,0.0
3,H24,3035,rolling_false_safe,3050,0.0
3,H24,3035,rolling_false_safe,3100,0.005
3,H24,3035,rolling_false_safe,3150,0.005
3,H24,3035,rolling_false_safe,3200,0.005
3,H24,3035,rolling_false_safe,3250,0.005
3,H24,3035,rolling_false_safe,3300,0.0
3,H24,3035,rolling_false_safe,3350,0.0
3,H24,3035,rolling_false_safe,3400,0.0
3,H24,3035,rolling_false_safe,3450,0.0
3,H24,3035,rolling_false_safe,3500,0.0
3,H24,3035,rolling_false_safe,3550,0.0
3,H24,3035,rolling_false_safe,3600,0.0
3,H24,3035,rolling_false_safe,3650,0.0
3,H24,3035,rolling_false_safe,3700,0.0
3,H24,3035,rolling_false_safe,3750,0.005
3,H24,3035,rolling_false_safe,3800,0.01
3,H24,3035,rolling_false_safe,3850,0.01
3,H24,3035,rolling_false_safe,3900,0.01
3,H24,3035,rolling_false_safe,3950,0.01
3,H24,3035,rolling_false_safe,4000,0.005
3,H24,3035,rolling_false_safe,4050,0.005
3,H24,3035,rolling_false_safe,4100,0.005
3,H24,3035,rolling_false_safe,4150,0.0
3,H24,3035,rolling_false_safe,4200,0.0
3,H24,3035,rolling_false_safe,4250,0.0
3,H24,3035,rolling_false_safe,4300,0.0
3,H24,3035,rolling_false_safe,4350,0.0
3,H24,3035,rolling_false_safe,4400,0.005
3,H24,3035,rolling_false_safe,4450,0.005
3,H24,3035,rolling_false_safe,4500,0.005
3,H24,3035,rolling_false_safe,4550,0.005
3,H24,3035,rolling_false_safe,4600,0.0
3,H24,3035,rolling_false_safe,4650,0.0
3,H24,3035,rolling_false_safe,4700,0.0
3,H24,3035,rolling_false_safe,4750,0.0
3,H24,3035,rolling_false_safe,4800,0.0
3,H24,3035,rolling_false_safe,4850,0.005
3,H24,3035,rolling_false_safe,4900,0.005
3,H24,3035,rolling_false_safe,4950,0.005
3,H24,3035,onchain_governance_recorded,29,1.0
3,H24,3036,rolling_false_safe,0,0.0
3,H24,3036,rolling_false_safe,50,0.0
3,H24,3036,rolling_false_safe,100,0.0
3,H24,3036,rolling_false_safe,150,0.0
3,H24,3036,rolling_false_safe,200,0.005
3,H24,3036,rolling_false_safe,250,0.005
3,H24,3036,rolling_false_safe,300,0.005
3,H24,3036,rolling_false_safe,350,0.005
3,H24,3036,rolling_false_safe,400,0.0
3,H24,3036,rolling_false_safe,450,0.0
3,H24,3036,rolling_false_safe,500,0.0
3,H24,3036,rolling_false_safe,550,0.0
3,H24,3036,rolling_false_safe,600,0.0
3,H24,3036,rolling_false_safe,650,0.0
3,H24,3036,rolling_false_safe,700,0.0
3,H24,3036,rolling_false_safe,750,0.0
3,H24,3036,rolling_false_safe,800,0.0
3,H24,3036,rolling_false_safe,850,0.0
3,H24,3036,rolling_false_safe,900,0.0
3,H24,3036,rolling_false_safe,950,0.0
3,H24,3036,rolling_false_safe,1000,0.0
3,H24,3036,rolling_false_safe,1050,0.0
3,H24,3036,rolling_false_safe,1100,0.0
3,H24,3036,rolling_false_safe,1150,0.0
3,H24,3036,rolling_false_safe,1200,0.0
3,H24,3036,rolling_false_safe,1250,0.0
3,H24,3036,rolling_false_safe,1300,0.0
3,H24,3036,rolling_false_safe,1350,0.0
3,H24,3036,rolling_false_safe,1400,0.005
3,H24,3036,rolling_false_safe,1450,0.005
3,H24,3036,rolling_false_safe,1500,0.005
3,H24,3036,rolling_false_safe,1550,0.005
3,H24,3036,rolling_false_safe,1600,0.0
3,H24,3036,rolling_false_safe,1650,0.0
3,H24,3036,rolling_false_safe,1700,0.0
3,H24,3036,rolling_false_safe,1750,0.0
3,H24,3036,rolling_false_safe,1800,0.0
3,H24,3036,rolling_false_safe,1850,0.005
3,H24,3036,rolling_false_safe,1900,0.005
3,H24,3036,rolling_false_safe,1950,0.005
3,H24,3036,rolling_false_safe,2000,0.005
3,H24,3036,rolling_false_safe,2050,0.0
3,H24,3036,rolling_false_safe,2100,0.0
3,H24,3036,rolling_false_safe,2150,0.005
3,H24,3036,rolling_false_safe,2200,0.005
3,H24,3036,rolling_false_safe,2250,0.005
3,H24,3036,rolling_false_safe,2300,0.005
3,H24,3036,rolling_false_safe,2350,0.0
3,H24,3036,rolling_false_safe,2400,0.005
3,H24,3036,rolling_false_safe,2450,0.005
3,H24,3036,rolling_false_safe,2500,0.005
3,H24,3036,rolling_false_safe,2550,0.005
3,H24,3036,rolling_false_safe,2600,0.0
3,H24,3036,rolling_false_safe,2650,0.0
3,H24,3036,rolling_false_safe,2700,0.0
3,H24,3036,rolling_false_safe,2750,0.0
3,H24,3036,rolling_false_safe,2800,0.0
3,H24,3036,rolling_false_safe,2850,0.0
3,H24,3036,rolling_false_safe,2900,0.0
3,H24,3036,rolling_false_safe,2950,0.0
3,H24,3036,rolling_false_safe,3000,0.0
3,H24,3036,rolling_false_safe,3050,0.0
3,H24,3036,rolling_false_safe,3100,0.0
3,H24,3036,rolling_false_safe,3150,0.0
3,H24,3036,rolling_false_safe,3200,0.005
3,H24,3036,rolling_false_safe,3250,0.005
3,H24,3036,rolling_false_safe,3300,0.005
3,H24,3036,rolling_false_safe,3350,0.01
3,H24,3036,rolling_false_safe,3400,0.005
3,H24,3036,rolling_false_safe,3450,0.005
3,H24,3036,rolling_false_safe,3500,0.01
3,H24,3036,rolling_false_safe,3550,0.005
3,H24,3036,rolling_false_safe,3600,0.005
3,H24,3036,rolling_false_safe,3650,0.005
3,H24,3036,rolling_false_safe,3700,0.0
3,H24,3036,rolling_false_safe,3750,0.0
3,H24,3036,rolling_false_safe,3800,0.0
3,H24,3036,rolling_false_safe,3850,0.01
3,H24,3036,rolling_false_safe,3900,0.01
3,H24,3036,rolling_false_safe,3950,0.015
3,H24,3036,rolling_false_safe,4000,0.015
3,H24,3036,rolling_false_safe,4050,0.005
3,H24,3036,rolling_false_safe,4100,0.005
3,H24,3036,rolling_false_safe,4150,0.0
3,H24,3036,rolling_false_safe,4200,0.0
3,H24,3036,rolling_false_safe,4250,0.005
3,H24,3036,rolling_false_safe,4300,0.005
3,H24,3036,rolling_false_safe,4350,0.005
3,H24,3036,rolling_false_safe,4400,0.005
3,H24,3036,rolling_false_safe,4450,0.0
3,H24,3036,rolling_false_safe,4500,0.0
3,H24,3036,rolling_false_safe,4550,0.005
3,H24,3036,rolling_false_safe,4600,0.005
3,H24,3036,rolling_false_safe,4650,0.005
3,H24,3036,rolling_false_safe,4700,0.005
3,H24,3036,rolling_false_safe,4750,0.0
3,H24,3036,rolling_false_safe,4800,0.0
3,H24,3036,rolling_false_safe,4850,0.0
3,H24,3036,rolling_false_safe,4900,0.005
3,H24,3036,rolling_false_safe,4950,0.01
3,H24,3036,onchain_governance_recorded,24,1.0
3,H24,3037,rolling_false_safe,0,0.0
3,H24,3037,rolling_false_safe,50,0.0
3,H24,3037,rolling_false_safe,100,0.0
3,H24,3037,rolling_false_safe,150,0.0
3,H24,3037,rolling_false_safe,200,0.0
3,H24,3037,rolling_false_safe,250,0.005
3,H24,3037,rolling_false_safe,300,0.005
3,H24,3037,rolling_false_safe,350,0.005
3,H24,3037,rolling_false_safe,400,0.005
3,H24,3037,rolling_false_safe,450,0.005
3,H24,3037,rolling_false_safe,500,0.005
3,H24,3037,rolling_false_safe,550,0.005
3,H24,3037,rolling_false_safe,600,0.005
3,H24,3037,rolling_false_safe,650,0.0
3,H24,3037,rolling_false_safe,700,0.0
3,H24,3037,rolling_false_safe,750,0.0
3,H24,3037,rolling_false_safe,800,0.0
3,H24,3037,rolling_false_safe,850,0.0
3,H24,3037,rolling_false_safe,900,0.0
3,H24,3037,rolling_false_safe,950,0.0
3,H24,3037,rolling_false_safe,1000,0.0
3,H24,3037,rolling_false_safe,1050,0.0
3,H24,3037,rolling_false_safe,1100,0.0
3,H24,3037,rolling_false_safe,1150,0.0
3,H24,3037,rolling_false_safe,1200,0.0
3,H24,3037,rolling_false_safe,1250,0.0
3,H24,3037,rolling_false_safe,1300,0.0
3,H24,3037,rolling_false_safe,1350,0.0
3,H24,3037,rolling_false_safe,1400,0.0
3,H24,3037,rolling_false_safe,1450,0.0
3,H24,3037,rolling_false_safe,1500,0.0
3,H24,3037,rolling_false_safe,1550,0.0
3,H24,3037,rolling_false_safe,1600,0.0
3,H24,3037,rolling_false_safe,1650,0.0
3,H24,3037,rolling_false_safe,1700,0.0
3,H24,3037,rolling_false_safe,1750,0.0
3,H24,3037,rolling_false_safe,1800,0.005
3,H24,3037,rolling_false_safe,1850,0.01
3,H24,3037,rolling_false_safe,1900,0.01
3,H24,3037,rolling_false_safe,1950,0.01
3,H24,3037,rolling_false_safe,2000,0.005
3,H24,3037,rolling_false_safe,2050,0.0
3,H24,3037,rolling_false_safe,2100,0.0
3,H24,3037,rolling_false_safe,2150,0.0
3,H24,3037,rolling_false_safe,2200,0.005
3,H24,3037,rolling_false_safe,2250,0.01
3,H24,3037,rolling_false_safe,2300,0.01
3,H24,3037,rolling_false_safe,2350,0.01
3,H24,3037,rolling_false_safe,2400,0.01
3,H24,3037,rolling_false_safe,2450,0.005
3,H24,3037,rolling_false_safe,2500,0.005
3,H24,3037,rolling_false_safe,2550,0.005
3,H24,3037,rolling_false_safe,2600,0.0
3,H24,3037,rolling_false_safe,2650,0.0
3,H24,3037,rolling_false_safe,2700,0.0
3,H24,3037,rolling_false_safe,2750,0.0
3,H24,3037,rolling_false_safe,2800,0.0
3,H24,3037,rolling_false_safe,2850,0.0
3,H24,3037,rolling_false_safe,2900,0.0
3,H24,3037,rolling_false_safe,2950,0.0
3,H24,3037,rolling_false_safe,3000,0.0
3,H24,3037,rolling_false_safe,3050,0.005
3,H24,3037,rolling_false_safe,3100,0.005
3,H24,3037,rolling_false_safe,3150,0.005
3,H24,3037,rolling_false_safe,3200,0.005
3,H24,3037,rolling_false_safe,3250,0.0
3,H24,3037,rolling_false_safe,3300,0.0
3,H24,3037,rolling_false_safe,3350,0.0
3,H24,3037,rolling_false_safe,3400,0.0
3,H24,3037,rolling_false_safe,3450,0.0
3,H24,3037,rolling_false_safe,3500,0.0
3,H24,3037,rolling_false_safe,3550,0.0
3,H24,3037,rolling_false_safe,3600,0.0
3,H24,3037,rolling_false_safe,3650,0.0
3,H24,3037,rolling_false_safe,3700,0.0
3,H24,3037,rolling_false_safe,3750,0.0
3,H24,3037,rolling_false_safe,3800,0.0
3,H24,3037,rolling_false_safe,3850,0.0
3,H24,3037,rolling_false_safe,3900,0.0
3,H24,3037,rolling_false_safe,3950,0.0
3,H24,3037,rolling_false_safe,4000,0.0
3,H24,3037,rolling_false_safe,4050,0.0
3,H24,3037,rolling_false_safe,4100,0.0
3,H24,3037,rolling_false_safe,4150,0.0
3,H24,3037,rolling_false_safe,4200,0.0
3,H24,3037,rolling_false_safe,4250,0.0
3,H24,3037,rolling_false_safe,4300,0.0
3,H24,3037,rolling_false_safe,4350,0.005
3,H24,3037,rolling_false_safe,4400,0.005
3,H24,3037,rolling_false_safe,4450,0.005
3,H24,3037,rolling_false_safe,4500,0.005
3,H24,3037,rolling_false_safe,4550,0.0
3,H24,3037,rolling_false_safe,4600,0.0
3,H24,3037,rolling_false_safe,4650,0.0
3,H24,3037,rolling_false_safe,4700,0.0
3,H24,3037,rolling_false_safe,4750,0.0
3,H24,3037,rolling_false_safe,4800,0.0
3,H24,3037,rolling_false_safe,4850,0.0
3,H24,3037,rolling_false_safe,4900,0.0
3,H24,3037,rolling_false_safe,4950,0.0
3,H24,3037,onchain_governance_recorded,22,1.0
3,H24,3038,rolling_false_safe,0,0.0
3,H24,3038,rolling_false_safe,50,0.0
3,H24,3038,rolling_false_safe,100,0.0
3,H24,3038,rolling_false_safe,150,0.0066225165562913
3,H24,3038,rolling_false_safe,200,0.005
3,H24,3038,rolling_false_safe,250,0.005
3,H24,3038,rolling_false_safe,300,0.005
3,H24,3038,rolling_false_safe,350,0.0
3,H24,3038,rolling_false_safe,400,0.0
3,H24,3038,rolling_false_safe,450,0.0
3,H24,3038,rolling_false_safe,500,0.0
3,H24,3038,rolling_false_safe,550,0.0
3,H24,3038,rolling_false_safe,600,0.0
3,H24,3038,rolling_false_safe,650,0.0
3,H24,3038,rolling_false_safe,700,0.0
3,H24,3038,rolling_false_safe,750,0.0
3,H24,3038,rolling_false_safe,800,0.0
3,H24,3038,rolling_false_safe,850,0.0
3,H24,3038,rolling_false_safe,900,0.0
3,H24,3038,rolling_false_safe,950,0.0
3,H24,3038,rolling_false_safe,1000,0.0
3,H24,3038,rolling_false_safe,1050,0.0
3,H24,3038,rolling_false_safe,1100,0.0
3,H24,3038,rolling_false_safe,1150,0.0
3,H24,3038,rolling_false_safe,1200,0.0
3,H24,3038,rolling_false_safe,1250,0.0
3,H24,3038,rolling_false_safe,1300,0.0
3,H24,3038,rolling_false_safe,1350,0.0
3,H24,3038,rolling_false_safe,1400,0.0
3,H24,3038,rolling_false_safe,1450,0.0
3,H24,3038,rolling_false_safe,1500,0.0
3,H24,3038,rolling_false_safe,1550,0.0
3,H24,3038,rolling_false_safe,1600,0.0
3,H24,3038,rolling_false_safe,1650,0.0
3,H24,3038,rolling_false_safe,1700,0.0
3,H24,3038,rolling_false_safe,1750,0.0
3,H24,3038,rolling_false_safe,1800,0.0
3,H24,3038,rolling_false_safe,1850,0.005
3,H24,3038,rolling_false_safe,1900,0.005
3,H24,3038,rolling_false_safe,1950,0.005
3,H24,3038,rolling_false_safe,2000,0.005
3,H24,3038,rolling_false_safe,2050,0.0
3,H24,3038,rolling_false_safe,2100,0.0
3,H24,3038,rolling_false_safe,2150,0.0
3,H24,3038,rolling_false_safe,2200,0.0
3,H24,3038,rolling_false_safe,2250,0.0
3,H24,3038,rolling_false_safe,2300,0.0
3,H24,3038,rolling_false_safe,2350,0.0
3,H24,3038,rolling_false_safe,2400,0.0
3,H24,3038,rolling_false_safe,2450,0.0
3,H24,3038,rolling_false_safe,2500,0.0
3,H24,3038,rolling_false_safe,2550,0.0
3,H24,3038,rolling_false_safe,2600,0.0
3,H24,3038,rolling_false_safe,2650,0.0
3,H24,3038,rolling_false_safe,2700,0.0
3,H24,3038,rolling_false_safe,2750,0.005
3,H24,3038,rolling_false_safe,2800,0.01
3,H24,3038,rolling_false_safe,2850,0.01
3,H24,3038,rolling_false_safe,2900,0.01
3,H24,3038,rolling_false_safe,2950,0.005
3,H24,3038,rolling_false_safe,3000,0.0
3,H24,3038,rolling_false_safe,3050,0.0
3,H24,3038,rolling_false_safe,3100,0.0
3,H24,3038,rolling_false_safe,3150,0.0
3,H24,3038,rolling_false_safe,3200,0.0
3,H24,3038,rolling_false_safe,3250,0.0
3,H24,3038,rolling_false_safe,3300,0.0
3,H24,3038,rolling_false_safe,3350,0.0
3,H24,3038,rolling_false_safe,3400,0.0
3,H24,3038,rolling_false_safe,3450,0.0
3,H24,3038,rolling_false_safe,3500,0.0
3,H24,3038,rolling_false_safe,3550,0.0
3,H24,3038,rolling_false_safe,3600,0.0
3,H24,3038,rolling_false_safe,3650,0.0
3,H24,3038,rolling_false_safe,3700,0.0
3,H24,3038,rolling_false_safe,3750,0.0
3,H24,3038,rolling_false_safe,3800,0.0
3,H24,3038,rolling_false_safe,3850,0.0
3,H24,3038,rolling_false_safe,3900,0.0
3,H24,3038,rolling_false_safe,3950,0.0
3,H24,3038,rolling_false_safe,4000,0.005
3,H24,3038,rolling_false_safe,4050,0.005
3,H24,3038,rolling_false_safe,4100,0.005
3,H24,3038,rolling_false_safe,4150,0.005
3,H24,3038,rolling_false_safe,4200,0.005
3,H24,3038,rolling_false_safe,4250,0.005
3,H24,3038,rolling_false_safe,4300,0.01
3,H24,3038,rolling_false_safe,4350,0.01
3,H24,3038,rolling_false_safe,4400,0.005
3,H24,3038,rolling_false_safe,4450,0.005
3,H24,3038,rolling_false_safe,4500,0.0
3,H24,3038,rolling_false_safe,4550,0.0
3,H24,3038,rolling_false_safe,4600,0.0
3,H24,3038,rolling_false_safe,4650,0.0
3,H24,3038,rolling_false_safe,4700,0.0
3,H24,3038,rolling_false_safe,4750,0.0
3,H24,3038,rolling_false_safe,4800,0.0
3,H24,3038,rolling_false_safe,4850,0.0
3,H24,3038,rolling_false_safe,4900,0.005
3,H24,3038,rolling_false_safe,4950,0.005
3,H24,3038,onchain_governance_recorded,25,1.0
3,H24,3039,rolling_false_safe,0,0.0
3,H24,3039,rolling_false_safe,50,0.0
3,H24,3039,rolling_false_safe,100,0.0
3,H24,3039,rolling_false_safe,150,0.0
3,H24,3039,rolling_false_safe,200,0.0
3,H24,3039,rolling_false_safe,250,0.005
3,H24,3039,rolling_false_safe,300,0.005
3,H24,3039,rolling_false_safe,350,0.005
3,H24,3039,rolling_false_safe,400,0.005
3,H24,3039,rolling_false_safe,450,0.0
3,H24,3039,rolling_false_safe,500,0.0
3,H24,3039,rolling_false_safe,550,0.0
3,H24,3039,rolling_false_safe,600,0.0
3,H24,3039,rolling_false_safe,650,0.0
3,H24,3039,rolling_false_safe,700,0.0
3,H24,3039,rolling_false_safe,750,0.0
3,H24,3039,rolling_false_safe,800,0.0
3,H24,3039,rolling_false_safe,850,0.0
3,H24,3039,rolling_false_safe,900,0.0
3,H24,3039,rolling_false_safe,950,0.0
3,H24,3039,rolling_false_safe,1000,0.0
3,H24,3039,rolling_false_safe,1050,0.0
3,H24,3039,rolling_false_safe,1100,0.0
3,H24,3039,rolling_false_safe,1150,0.0
3,H24,3039,rolling_false_safe,1200,0.0
3,H24,3039,rolling_false_safe,1250,0.0
3,H24,3039,rolling_false_safe,1300,0.0
3,H24,3039,rolling_false_safe,1350,0.0
3,H24,3039,rolling_false_safe,1400,0.0
3,H24,3039,rolling_false_safe,1450,0.0
3,H24,3039,rolling_false_safe,1500,0.0
3,H24,3039,rolling_false_safe,1550,0.0
3,H24,3039,rolling_false_safe,1600,0.0
3,H24,3039,rolling_false_safe,1650,0.0
3,H24,3039,rolling_false_safe,1700,0.0
3,H24,3039,rolling_false_safe,1750,0.005
3,H24,3039,rolling_false_safe,1800,0.005
3,H24,3039,rolling_false_safe,1850,0.01
3,H24,3039,rolling_false_safe,1900,0.01
3,H24,3039,rolling_false_safe,1950,0.005
3,H24,3039,rolling_false_safe,2000,0.005
3,H24,3039,rolling_false_safe,2050,0.005
3,H24,3039,rolling_false_safe,2100,0.01
3,H24,3039,rolling_false_safe,2150,0.01
3,H24,3039,rolling_false_safe,2200,0.01
3,H24,3039,rolling_false_safe,2250,0.005
3,H24,3039,rolling_false_safe,2300,0.0
3,H24,3039,rolling_false_safe,2350,0.0
3,H24,3039,rolling_false_safe,2400,0.0
3,H24,3039,rolling_false_safe,2450,0.0
3,H24,3039,rolling_false_safe,2500,0.0
3,H24,3039,rolling_false_safe,2550,0.0
3,H24,3039,rolling_false_safe,2600,0.01
3,H24,3039,rolling_false_safe,2650,0.01
3,H24,3039,rolling_false_safe,2700,0.01
3,H24,3039,rolling_false_safe,2750,0.01
3,H24,3039,rolling_false_safe,2800,0.0
3,H24,3039,rolling_false_safe,2850,0.005
3,H24,3039,rolling_false_safe,2900,0.005
3,H24,3039,rolling_false_safe,2950,0.005
3,H24,3039,rolling_false_safe,3000,0.005
3,H24,3039,rolling_false_safe,3050,0.0
3,H24,3039,rolling_false_safe,3100,0.0
3,H24,3039,rolling_false_safe,3150,0.005
3,H24,3039,rolling_false_safe,3200,0.01
3,H24,3039,rolling_false_safe,3250,0.01
3,H24,3039,rolling_false_safe,3300,0.01
3,H24,3039,rolling_false_safe,3350,0.005
3,H24,3039,rolling_false_safe,3400,0.0
3,H24,3039,rolling_false_safe,3450,0.0
3,H24,3039,rolling_false_safe,3500,0.0
3,H24,3039,rolling_false_safe,3550,0.0
3,H24,3039,rolling_false_safe,3600,0.0
3,H24,3039,rolling_false_safe,3650,0.0
3,H24,3039,rolling_false_safe,3700,0.0
3,H24,3039,rolling_false_safe,3750,0.0
3,H24,3039,rolling_false_safe,3800,0.0
3,H24,3039,rolling_false_safe,3850,0.01
3,H24,3039,rolling_false_safe,3900,0.015
3,H24,3039,rolling_false_safe,3950,0.02
3,H24,3039,rolling_false_safe,4000,0.02
3,H24,3039,rolling_false_safe,4050,0.01
3,H24,3039,rolling_false_safe,4100,0.005
3,H24,3039,rolling_false_safe,4150,0.0
3,H24,3039,rolling_false_safe,4200,0.0
3,H24,3039,rolling_false_safe,4250,0.005
3,H24,3039,rolling_false_safe,4300,0.01
3,H24,3039,rolling_false_safe,4350,0.01
3,H24,3039,rolling_false_safe,4400,0.01
3,H24,3039,rolling_false_safe,4450,0.01
3,H24,3039,rolling_false_safe,4500,0.005
3,H24,3039,rolling_false_safe,4550,0.005
3,H24,3039,rolling_false_safe,4600,0.005
3,H24,3039,rolling_false_safe,4650,0.0
3,H24,3039,rolling_false_safe,4700,0.0
3,H24,3039,rolling_false_safe,4750,0.0
3,H24,3039,rolling_false_safe,4800,0.0
3,H24,3039,rolling_false_safe,4850,0.0
3,H24,3039,rolling_false_safe,4900,0.0
3,H24,3039,rolling_false_safe,4950,0.0
3,H24,3039,onchain_governance_recorded,26,1.0
