[2m2026-08-24 06:49:04.977-0500[m[2m | [m[2mmain[m[2m | [m[32mINFO [m[2m | [m[2mBesu[m[2m | [m[32mStarting Besu
[m[2m2026-08-24 06:49:07.757-0500[m[2m | [m[2mmain[m[2m | [m[33mWARN [m[2m | [m[2mBesu[m[2m | [m[33m--sync-min-peers is ignored in FULL sync-mode
[m[2m2026-08-24 06:49:11.679-0500[m[2m | [m[2mmain[m[2m | [m[32mINFO [m[2m | [m[2mBesu[m[2m | [m[32mRPC HTTP JSON-RPC config: JsonRpcConfiguration{enabled=true, port=8551, host=127.0.0.1, corsAllowedDomains=[*], hostsAllowlist=[*], rpcApis=[ADMIN, ETH, NET, QBFT, WEB3], authenticationEnabled=false, authenticationCredentialsFile=null, authenticationPublicKeyFile=null, tlsConfiguration=Optional.empty, httpTimeoutSec=30, maxActiveConnections=300, maxBatchSize=1024}
[m[2m2026-08-24 06:49:11.763-0500[m[2m | [m[2mmain[m[2m | [m[32mINFO [m[2m | [m[2mBesu[m[2m | [m[32mConnecting to 0 static nodes.
[m[2m2026-08-24 06:49:11.864-0500[m[2m | [m[2mmain[m[2m | [m[33mWARN [m[2m | [m[2mBesu[m[2m | [m[33mForcing price bump for transaction replacement to 0, since min-gas-price is set to 0
[m[2m2026-08-24 06:49:11.875-0500[m[2m | [m[2mmain[m[2m | [m[33mWARN [m[2m | [m[2mBesu[m[2m | [m[33mForcing tx-pool-min-gas-price=0, since it cannot be greater than the value of min-gas-price
[m[2m2026-08-24 06:49:14.598-0500[m[2m | [m[2mmain[m[2m | [m[32mINFO [m[2m | [m[2mBesu[m[2m | [m[32m
####################################################################################################
#                                                                                                  #
# Besu version 26.5.0                                                                              #
#                                                                                                  #
# Configuration:                                                                                   #
# Network: Custom genesis file                                                                     #
# C:\Users\428457\ML-Class\Sp25ML\homework-1\Humanizing_Control_Full_H1-H24_v1                     #
# _4_3_WindowsNative\blockchain\generated_lane1\genesis.json                                       #
# Network Id: 1337                                                                                 #
# Profile: ENTERPRISE                                                                              #
# Data storage: Forest                                                                             #
# Sync mode: Full                                                                                  #
# Sync min peers: 1                                                                                #
# RPC HTTP APIs: ADMIN,ETH,NET,QBFT,WEB3                                                           #
# RPC HTTP port: 8551                                                                              #
# Using SEQUENCED transaction pool implementation                                                  #
# Using STACKED worldstate update mode                                                             #
# Opcode optimizations enabled                                                                     #
# Parallel transaction processing enabled                                                          #
# BAL pruning enabled (retained BALs: 113056)                                                      #
# Target Gas Limit: 60M                                                                            #
#                                                                                                  #
# Host:                                                                                            #
# Java: oracle-java-21                                                                             #
# Maximum heap size: 0.25 GB                                                                       #
# OS: windows-x86_64                                                                               #
# Total memory: 31.69 GB                                                                           #
# CPU cores: 8                                                                                     #
#                                                                                                  #
# Plugin Registration Summary:                                                                     #
# No plugins have been registered.                                                                 #
# TOTAL = 0 of 0 plugins successfully registered.                                                  #
#                                                                                                  #
####################################################################################################
[m[2m2026-08-24 06:49:14.598-0500[m[2m | [m[2mmain[m[2m | [m[32mINFO [m[2m | [m[2mBesu[m[2m | [m[32mSecurity Module: localfile
[m[2m2026-08-24 06:49:14.600-0500[m[2m | [m[2mmain[m[2m | [m[32mINFO [m[2m | [m[2mVersionMetadata[m[2m | [m[32mLookup version metadata file in data directory: C:\Users\428457\ML-Class\Sp25ML\homework-1\Humanizing_Control_Full_H1-H24_v1_4_3_WindowsNative\blockchain\generated_lane1\node7\data
[m[2m2026-08-24 06:49:14.605-0500[m[2m | [m[2mmain[m[2m | [m[32mINFO [m[2m | [m[2mVersionMetadata[m[2m | [m[32mNo version data detected. Writing Besu version 26.5.0 to metadata file
[mjava.lang.RuntimeException: Couldn't load native library (gnark_eip_196). It wasn't available at lib-native/x86-64/gnark_eip_196.dll or the library path.
	at org.hyperledger.besu.nativelib.common.BesuNativeLibraryLoader.registerJNA(BesuNativeLibraryLoader.java:60)
	at org.hyperledger.besu.nativelib.gnark.LibGnarkEIP196.<clinit>(LibGnarkEIP196.java:51)
	at org.hyperledger.besu.evm.precompile.AbstractAltBnPrecompiledContract.maybeEnableNative(AbstractAltBnPrecompiledContract.java:51)
	at org.hyperledger.besu.evm.precompile.AbstractAltBnPrecompiledContract.<clinit>(AbstractAltBnPrecompiledContract.java:41)
	at org.hyperledger.besu.cli.BesuCommand.configureNativeLibs(BesuCommand.java:1377)
	at org.hyperledger.besu.cli.BesuCommand.initialProcess(BesuCommand.java:1001)
	at org.hyperledger.besu.cli.BesuCommand.run(BesuCommand.java:963)
	at picocli.CommandLine.executeUserObject(CommandLine.java:2045)
	at picocli.CommandLine.access$1500(CommandLine.java:148)
	at picocli.CommandLine$RunLast.executeUserObjectOfLastSubcommandWithSameParent(CommandLine.java:2469)
	at picocli.CommandLine$RunLast.handle(CommandLine.java:2461)
	at picocli.CommandLine$RunLast.handle(CommandLine.java:2423)
	at picocli.CommandLine$AbstractParseResultHandler.execute(CommandLine.java:2277)
	at picocli.CommandLine$RunLast.execute(CommandLine.java:2425)
	at picocli.CommandLine.execute(CommandLine.java:2174)
	at org.hyperledger.besu.cli.BesuCommand.lambda$createExecuteTask$2(BesuCommand.java:852)
	at picocli.CommandLine.execute(CommandLine.java:2174)
	at org.hyperledger.besu.cli.BesuCommand.lambda$createPluginRegistrationTask$3(BesuCommand.java:866)
	at picocli.CommandLine.execute(CommandLine.java:2174)
	at org.hyperledger.besu.cli.util.ConfigDefaultValueProviderStrategy.execute(ConfigDefaultValueProviderStrategy.java:58)
	at picocli.CommandLine.execute(CommandLine.java:2174)
	at org.hyperledger.besu.cli.BesuCommand.executeCommandLine(BesuCommand.java:926)
	at org.hyperledger.besu.cli.BesuCommand.parse(BesuCommand.java:831)
	at org.hyperledger.besu.Besu.main(Besu.java:43)
[2m2026-08-24 06:49:14.839-0500[m[2m | [m[2mmain[m[2m | [m[32mINFO [m[2m | [m[2mBesu[m[2m | [m[32mUsing the Java implementation of alt bn128
[m[2m2026-08-24 06:49:14.840-0500[m[2m | [m[2mmain[m[2m | [m[32mINFO [m[2m | [m[2mBesu[m[2m | [m[32mUsing the Java implementation of modexp
[m[2m2026-08-24 06:49:14.866-0500[m[2m | [m[2mmain[m[2m | [m[32mINFO [m[2m | [m[2mBesu[m[2m | [m[32mUsing the Java implementation of the signature algorithm
[m[2m2026-08-24 06:49:14.886-0500[m[2m | [m[2mmain[m[2m | [m[32mINFO [m[2m | [m[2mBesu[m[2m | [m[32mUsing the Java implementation of the blake2bf algorithm
[mjava.lang.RuntimeException: Couldn't load native library (boringssl_precompiles). It wasn't available at lib-native/x86-64/boringssl_precompiles.dll or the library path.
	at org.hyperledger.besu.nativelib.common.BesuNativeLibraryLoader.registerJNA(BesuNativeLibraryLoader.java:60)
	at org.hyperledger.besu.nativelib.boringssl.BoringSSLPrecompiles.<clinit>(BoringSSLPrecompiles.java:37)
	at org.hyperledger.besu.evm.precompile.P256VerifyPrecompiledContract.maybeEnableNativeBoringSSL(P256VerifyPrecompiledContract.java:66)
	at org.hyperledger.besu.evm.precompile.P256VerifyPrecompiledContract.<clinit>(P256VerifyPrecompiledContract.java:54)
	at org.hyperledger.besu.cli.BesuCommand.configureNativeLibs(BesuCommand.java:1409)
	at org.hyperledger.besu.cli.BesuCommand.initialProcess(BesuCommand.java:1001)
	at org.hyperledger.besu.cli.BesuCommand.run(BesuCommand.java:963)
	at picocli.CommandLine.executeUserObject(CommandLine.java:2045)
	at picocli.CommandLine.access$1500(CommandLine.java:148)
	at picocli.CommandLine$RunLast.executeUserObjectOfLastSubcommandWithSameParent(CommandLine.java:2469)
	at picocli.CommandLine$RunLast.handle(CommandLine.java:2461)
	at picocli.CommandLine$RunLast.handle(CommandLine.java:2423)
	at picocli.CommandLine$AbstractParseResultHandler.execute(CommandLine.java:2277)
	at picocli.CommandLine$RunLast.execute(CommandLine.java:2425)
	at picocli.CommandLine.execute(CommandLine.java:2174)
	at org.hyperledger.besu.cli.BesuCommand.lambda$createExecuteTask$2(BesuCommand.java:852)
	at picocli.CommandLine.execute(CommandLine.java:2174)
	at org.hyperledger.besu.cli.BesuCommand.lambda$createPluginRegistrationTask$3(BesuCommand.java:866)
	at picocli.CommandLine.execute(CommandLine.java:2174)
	at org.hyperledger.besu.cli.util.ConfigDefaultValueProviderStrategy.execute(ConfigDefaultValueProviderStrategy.java:58)
	at picocli.CommandLine.execute(CommandLine.java:2174)
	at org.hyperledger.besu.cli.BesuCommand.executeCommandLine(BesuCommand.java:926)
	at org.hyperledger.besu.cli.BesuCommand.parse(BesuCommand.java:831)
	at org.hyperledger.besu.Besu.main(Besu.java:43)
[2m2026-08-24 06:49:14.993-0500[m[2m | [m[2mmain[m[2m | [m[32mINFO [m[2m | [m[2mBesu[m[2m | [m[32mUsing the Java secp256r1 implementation of p256verify
[m[2m2026-08-24 06:49:15.268-0500[m[2m | [m[2mmain[m[2m | [m[33mWARN [m[2m | [m[2mBesu[m[2m | [m[33mForcing price bump for transaction replacement to 0, since min-gas-price is set to 0
[m[2m2026-08-24 06:49:15.270-0500[m[2m | [m[2mmain[m[2m | [m[33mWARN [m[2m | [m[2mBesu[m[2m | [m[33mForcing tx-pool-min-gas-price=0, since it cannot be greater than the value of min-gas-price
[m[2m2026-08-24 06:49:15.274-0500[m[2m | [m[2mmain[m[2m | [m[32mINFO [m[2m | [m[2mKeyPairUtil[m[2m | [m[32mAttempting to load public key from C:\Users\428457\ML-Class\Sp25ML\homework-1\Humanizing_Control_Full_H1-H24_v1_4_3_WindowsNative\blockchain\generated_lane1\node7\data\key
[m[2m2026-08-24 06:49:15.519-0500[m[2m | [m[2mmain[m[2m | [m[32mINFO [m[2m | [m[2mKeyPairUtil[m[2m | [m[32mLoaded public key 0x9e0b4191d2459b7f5d1382bb06f6abd46b5e198de2d579c20e829ca19541b270770334aff5fe800dca1fa80176e0e694a9e3659ffa9aec7d698d4a29bf5e5742 from C:\Users\428457\ML-Class\Sp25ML\homework-1\Humanizing_Control_Full_H1-H24_v1_4_3_WindowsNative\blockchain\generated_lane1\node7\data\key
[m[2m2026-08-24 06:49:15.844-0500[m[2m | [m[2mmain[m[2m | [m[32mINFO [m[2m | [m[2mAbstractAltBnPrecompiledContract[m[2m | [m[32mNative alt bn128 not available
[m[2m2026-08-24 06:49:15.847-0500[m[2m | [m[2mmain[m[2m | [m[32mINFO [m[2m | [m[2mAbstractAltBnPrecompiledContract[m[2m | [m[32mNative alt bn128 not available
[m[2m2026-08-24 06:49:15.858-0500[m[2m | [m[2mmain[m[2m | [m[32mINFO [m[2m | [m[2mAbstractAltBnPrecompiledContract[m[2m | [m[32mNative alt bn128 not available
[m[2m2026-08-24 06:49:15.858-0500[m[2m | [m[2mmain[m[2m | [m[32mINFO [m[2m | [m[2mAbstractAltBnPrecompiledContract[m[2m | [m[32mNative alt bn128 not available
[m[2m2026-08-24 06:49:15.858-0500[m[2m | [m[2mmain[m[2m | [m[32mINFO [m[2m | [m[2mAbstractAltBnPrecompiledContract[m[2m | [m[32mNative alt bn128 not available
[m[2m2026-08-24 06:49:15.858-0500[m[2m | [m[2mmain[m[2m | [m[32mINFO [m[2m | [m[2mAbstractAltBnPrecompiledContract[m[2m | [m[32mNative alt bn128 not available
[m[2m2026-08-24 06:49:16.047-0500[m[2m | [m[2mmain[m[2m | [m[32mINFO [m[2m | [m[2mProtocolScheduleBuilder[m[2m | [m[32mProtocol schedule created with milestones: [Berlin:0]
[m[2m2026-08-24 06:49:16.065-0500[m[2m | [m[2mmain[m[2m | [m[32mINFO [m[2m | [m[2mRocksDBKeyValueStorageFactory[m[2m | [m[32mNo existing database at C:\Users\428457\ML-Class\Sp25ML\homework-1\Humanizing_Control_Full_H1-H24_v1_4_3_WindowsNative\blockchain\generated_lane1\node7\data. Using default metadata for new db versionedStorageFormat=BaseVersionedStorageFormat{format=FOREST, version=3}
[m[2m2026-08-24 06:49:19.574-0500[m[2m | [m[2mmain[m[2m | [m[32mINFO [m[2m | [m[2mBesuControllerBuilder[m[2m | [m[32mAdding ChainDataPruner to observe block added events
[m[2m2026-08-24 06:49:19.578-0500[m[2m | [m[2mmain[m[2m | [m[32mINFO [m[2m | [m[2mBesuControllerBuilder[m[2m | [m[32mBAL pruning enabled | BALs retained: 113056 | Frequency: 256
[m[2m2026-08-24 06:49:19.761-0500[m[2m | [m[2mmain[m[2m | [m[32mINFO [m[2m | [m[2mTransactionPoolFactory[m[2m | [m[32mEnabling transaction pool
[m[2m2026-08-24 06:49:19.923-0500[m[2m | [m[2mmain[m[2m | [m[32mINFO [m[2m | [m[2mBesuControllerBuilder[m[2m | [m[32mQBFT is configured, creating initial sync for BFT
[m[2m2026-08-24 06:49:19.927-0500[m[2m | [m[2mmain[m[2m | [m[32mINFO [m[2m | [m[2mBFTPivotSelectorFromPeers[m[2m | [m[32mCreating pivot block selector for BFT node
[m[2m2026-08-24 06:49:20.109-0500[m[2m | [m[2mmain[m[2m | [m[32mINFO [m[2m | [m[2mRunnerBuilder[m[2m | [m[32mResolved 1 bootnodes.
[m[2m2026-08-24 06:49:20.129-0500[m[2m | [m[2mmain[m[2m | [m[32mINFO [m[2m | [m[2mRunnerBuilder[m[2m | [m[32mDetecting NAT service.
[m[2m2026-08-24 06:49:20.768-0500[m[2m | [m[2mmain[m[2m | [m[32mINFO [m[2m | [m[2mRunner[m[2m | [m[32mStarting external services ... 
[m[2m2026-08-24 06:49:20.769-0500[m[2m | [m[2mmain[m[2m | [m[32mINFO [m[2m | [m[2mJsonRpcHttpService[m[2m | [m[32mStarting JSON-RPC service on 127.0.0.1:8551
[m[2m2026-08-24 06:49:21.671-0500[m[2m | [m[2mvert.x-eventloop-thread-1[m[2m | [m[32mINFO [m[2m | [m[2mJsonRpcHttpService[m[2m | [m[32mJSON-RPC service started and listening on 127.0.0.1:8551
[m[2m2026-08-24 06:49:21.679-0500[m[2m | [m[2mmain[m[2m | [m[32mINFO [m[2m | [m[2mAutoTransactionLogBloomCachingService[m[2m | [m[32mStarting auto transaction log bloom caching service.
[m[2m2026-08-24 06:49:21.690-0500[m[2m | [m[2mmain[m[2m | [m[32mINFO [m[2m | [m[2mLogBloomCacheMetadata[m[2m | [m[32mLookup cache metadata file in data directory: C:\Users\428457\ML-Class\Sp25ML\homework-1\Humanizing_Control_Full_H1-H24_v1_4_3_WindowsNative\blockchain\generated_lane1\node7\data\caches
[m[2m2026-08-24 06:49:21.722-0500[m[2m | [m[2mmain[m[2m | [m[32mINFO [m[2m | [m[2mRunner[m[2m | [m[32mStarting Ethereum main loop ... 
[m[2m2026-08-24 06:49:21.722-0500[m[2m | [m[2mmain[m[2m | [m[32mINFO [m[2m | [m[2mNatService[m[2m | [m[32mNo NAT environment detected so no service could be started
[m[2m2026-08-24 06:49:21.722-0500[m[2m | [m[2mmain[m[2m | [m[32mINFO [m[2m | [m[2mNetworkRunner[m[2m | [m[32mStarting Network.
[m[2m2026-08-24 06:49:21.764-0500[m[2m | [m[2mnioEventLoopGroup-2-1[m[2m | [m[32mINFO [m[2m | [m[2mRlpxAgent[m[2m | [m[32mP2P RLPx agent started and listening on /[0:0:0:0:0:0:0:0]:30309.
[m[2m2026-08-24 06:49:21.768-0500[m[2m | [m[2mmain[m[2m | [m[32mINFO [m[2m | [m[2mPeerDiscoveryAgentV4[m[2m | [m[32mStarting peer discovery agent on host=0.0.0.0, port=30309. IPv6 available.
[m[2m2026-08-24 06:49:21.811-0500[m[2m | [m[2mvert.x-eventloop-thread-1[m[2m | [m[32mINFO [m[2m | [m[2mVertxPeerDiscoveryAgent[m[2m | [m[32mStarted peer discovery agent successfully, on effective host=0:0:0:0:0:0:0:0 and port=30309
[m[2m2026-08-24 06:49:23.145-0500[m[2m | [m[2mvert.x-eventloop-thread-1[m[2m | [m[32mINFO [m[2m | [m[2mNodeRecordManager[m[2m | [m[32mWriting node record to disk. NodeRecord{seq=1, publicKey=0x029e0b4191d2459b7f5d1382bb06f6abd46b5e198de2d579c20e829ca19541b270, udpAddress=Optional[/127.0.0.1:30309], tcpAddress=Optional[/127.0.0.1:30309], quicAddress=Optional.empty, udp6Address=Optional.empty, tcp6Address=Optional.empty, quic6Address=Optional.empty, asBase64=-Je4QN2fuxC4zCnR5jqfNgsvH37HW2AOrL4Y69xLPeQt3D7GM3RaCU76PpizpecDvtDn19Drqi3DYhp8PlI7Pj8pl_YBg2V0aMfGhLzJihmAgmlkgnY0gmlwhH8AAAGJc2VjcDI1NmsxoQKeC0GR0kWbf10TgrsG9qvUa14ZjeLVecIOgpyhlUGycIN0Y3CCdmWDdWRwgnZl, nodeId=0x5f906259c62def14e3798d1ae74dc3ebbb8296402cfc7c01be74086d610c92af, customFields={tcp=30309, udp=30309, eth=[[0xbcc98a19, 0x]], id=V4, ip=0x7f000001, secp256k1=0x029e0b4191d2459b7f5d1382bb06f6abd46b5e198de2d579c20e829ca19541b270}}
[m[2m2026-08-24 06:49:23.506-0500[m[2m | [m[2mvert.x-eventloop-thread-1[m[2m | [m[32mINFO [m[2m | [m[2mPeerDiscoveryAgentV4[m[2m | [m[32mP2P peer discovery agent started and listening on /[0:0:0:0:0:0:0:0]:30309
[m[2m2026-08-24 06:49:23.510-0500[m[2m | [m[2mmain[m[2m | [m[32mINFO [m[2m | [m[2mDefaultP2PNetwork[m[2m | [m[32mEnode URL enode://9e0b4191d2459b7f5d1382bb06f6abd46b5e198de2d579c20e829ca19541b270770334aff5fe800dca1fa80176e0e694a9e3659ffa9aec7d698d4a29bf5e5742@127.0.0.1:30309
[m[2m2026-08-24 06:49:23.511-0500[m[2m | [m[2mmain[m[2m | [m[32mINFO [m[2m | [m[2mDefaultP2PNetwork[m[2m | [m[32mENR URL enr:-Je4QN2fuxC4zCnR5jqfNgsvH37HW2AOrL4Y69xLPeQt3D7GM3RaCU76PpizpecDvtDn19Drqi3DYhp8PlI7Pj8pl_YBg2V0aMfGhLzJihmAgmlkgnY0gmlwhH8AAAGJc2VjcDI1NmsxoQKeC0GR0kWbf10TgrsG9qvUa14ZjeLVecIOgpyhlUGycIN0Y3CCdmWDdWRwgnZl
[m[2m2026-08-24 06:49:23.512-0500[m[2m | [m[2mmain[m[2m | [m[32mINFO [m[2m | [m[2mDefaultP2PNetwork[m[2m | [m[32mNode address 0xe74dc3ebbb8296402cfc7c01be74086d610c92af
[m[2m2026-08-24 06:49:23.935-0500[m[2m | [m[2mmain[m[2m | [m[32mINFO [m[2m | [m[2mNetworkRunner[m[2m | [m[32mSupported capabilities: [eth/68, eth/69, eth/70, eth/71], [istanbul/100], [snap/1]
[m[2m2026-08-24 06:49:23.944-0500[m[2m | [m[2mmain[m[2m | [m[32mINFO [m[2m | [m[2mDefaultSynchronizer[m[2m | [m[32mStarting synchronizer.
[m[2m2026-08-24 06:49:23.976-0500[m[2m | [m[2mmain[m[2m | [m[32mINFO [m[2m | [m[2mTransactionPoolFactory[m[2m | [m[32mEnabling transaction handling following initial sync
[m[2m2026-08-24 06:49:23.984-0500[m[2m | [m[2mmain[m[2m | [m[32mINFO [m[2m | [m[2mBftMiningCoordinator[m[2m | [m[32mStarting BFT mining coordinator following initial sync
[m[2m2026-08-24 06:49:24.199-0500[m[2m | [m[2mmain[m[2m | [m[32mINFO [m[2m | [m[2mFullSyncDownloader[m[2m | [m[32mStarting full sync.
[m[2m2026-08-24 06:49:24.202-0500[m[2m | [m[2mmain[m[2m | [m[32mINFO [m[2m | [m[2mFullSyncTargetManager[m[2m | [m[32mUnable to find sync target. Waiting for 1 peers minimum. Currently checking 0 peers for usefulness
[m[2m2026-08-24 06:49:24.207-0500[m[2m | [m[2mmain[m[2m | [m[32mINFO [m[2m | [m[2mRunner[m[2m | [m[32mEthereum main loop is up.
[m[2m2026-08-24 06:49:29.002-0500[m[2m | [m[2mBftProcessorExecutor-QBFT-0[m[2m | [m[32mINFO [m[2m | [m[2mQbftRound[m[2m | [m[32mImporting proposed block to chain. round=ConsensusRoundIdentifier{Sequence=1, Round=1}, hash=0x5c4bf978ee03dbfb88c8c2ee4f380e75b9124bb9ea77fcc2867094ceed2001be
[m[2m2026-08-24 06:49:29.281-0500[m[2m | [m[2mEthScheduler-Timer-0[m[2m | [m[32mINFO [m[2m | [m[2mFullSyncTargetManager[m[2m | [m[32mUnable to find sync target. Waiting for 1 peers minimum. Currently checking 1 peers for usefulness
[m[2m2026-08-24 06:49:29.583-0500[m[2m | [m[2mBftProcessorExecutor-QBFT-0[m[2m | [m[32mINFO [m[2m | [m[2mQbftBesuControllerBuilder[m[2m | [m[32mImported empty block #1 / 0 tx / 0 pending / 0 (0.0%) gas / (0x5c4bf978ee03dbfb88c8c2ee4f380e75b9124bb9ea77fcc2867094ceed2001be)
[m[2m2026-08-24 06:49:29.590-0500[m[2m | [m[2mEthScheduler-Workers-0[m[2m | [m[32mINFO [m[2m | [m[2mPersistBlockTask[m[2m | [m[32mBlock 1 (0x5c4bf978ee03dbfb88c8c2ee4f380e75b9124bb9ea77fcc2867094ceed2001be) is already imported
[m[2m2026-08-24 06:49:34.287-0500[m[2m | [m[2mEthScheduler-Timer-0[m[2m | [m[32mINFO [m[2m | [m[2mFullSyncTargetManager[m[2m | [m[32mUnable to find sync target. Waiting for 1 peers minimum. Currently checking 1 peers for usefulness
[m[2m2026-08-24 06:49:34.950-0500[m[2m | [m[2mEthScheduler-Workers-2[m[2m | [m[32mINFO [m[2m | [m[2mPersistBlockTask[m[2m | [m[32mImported empty block #2 / 0 tx / 0 om / 0 (0.0%) gas / (0x1df02be72072768d9c55b3106082d447c11db592fbe1731eea3f38522791978e) in 0.000s. Peers: 1
[m[2m2026-08-24 06:49:36.998-0500[m[2m | [m[2mEthScheduler-Workers-4[m[2m | [m[32mINFO [m[2m | [m[2mPersistBlockTask[m[2m | [m[32mBlock 3 (0x6d9c110f2f5372e3b21e3aab629eeb06450ed3d0da37642f1aac84962e3b0df9) is already imported
[m[2m2026-08-24 06:49:37.000-0500[m[2m | [m[2mBftProcessorExecutor-QBFT-0[m[2m | [m[32mINFO [m[2m | [m[2mQbftBesuControllerBuilder[m[2m | [m[32mImported empty block #3 / 0 tx / 0 pending / 0 (0.0%) gas / (0x6d9c110f2f5372e3b21e3aab629eeb06450ed3d0da37642f1aac84962e3b0df9)
[m[2m2026-08-24 06:49:38.529-0500[m[2m | [m[2mEthScheduler-Workers-6[m[2m | [m[32mINFO [m[2m | [m[2mPersistBlockTask[m[2m | [m[32mImported empty block #4 / 0 tx / 0 om / 0 (0.0%) gas / (0x868fff6f91bfa3ed830c2d18e67674e9a9971224ed41be82ac890c3fe43bab52) in 0.000s. Peers: 1
[m[2m2026-08-24 06:49:39.970-0500[m[2m | [m[2mBftProcessorExecutor-QBFT-0[m[2m | [m[32mINFO [m[2m | [m[2mQbftBesuControllerBuilder[m[2m | [m[32mProduced empty block #5 / 0 tx / 0 pending / 0 (0.0%) gas / (0xe1d39b5105bd1be1b109788d54bea3a15ee0c558c3e5b7107251c747a7d0e25e)
[m[2m2026-08-24 06:49:42.139-0500[m[2m | [m[2mBftProcessorExecutor-QBFT-0[m[2m | [m[32mINFO [m[2m | [m[2mQbftBesuControllerBuilder[m[2m | [m[32mImported empty block #6 / 0 tx / 0 pending / 0 (0.0%) gas / (0x10820c88855209c55999ce96092d55797f9842350f9946d09789a76a31ad426b)
[m[2m2026-08-24 06:49:42.182-0500[m[2m | [m[2mEthScheduler-Workers-1[m[2m | [m[32mINFO [m[2m | [m[2mPersistBlockTask[m[2m | [m[32mBlock 6 (0x10820c88855209c55999ce96092d55797f9842350f9946d09789a76a31ad426b) is already imported
[m[2m2026-08-24 06:49:43.827-0500[m[2m | [m[2mBftProcessorExecutor-QBFT-0[m[2m | [m[32mINFO [m[2m | [m[2mQbftBesuControllerBuilder[m[2m | [m[32mImported empty block #7 / 0 tx / 0 pending / 0 (0.0%) gas / (0x3eac14f80d64846a7e06a2fa5a1f2a591be2aa545db8b63d8d3a072bf9d27838)
[m[2m2026-08-24 06:49:43.826-0500[m[2m | [m[2mEthScheduler-Workers-3[m[2m | [m[32mINFO [m[2m | [m[2mPersistBlockTask[m[2m | [m[32mBlock 7 (0x3eac14f80d64846a7e06a2fa5a1f2a591be2aa545db8b63d8d3a072bf9d27838) is already imported
[m[2m2026-08-24 06:49:45.553-0500[m[2m | [m[2mBftProcessorExecutor-QBFT-0[m[2m | [m[32mINFO [m[2m | [m[2mQbftBesuControllerBuilder[m[2m | [m[32mImported empty block #8 / 0 tx / 0 pending / 0 (0.0%) gas / (0xa1327a7fac4fc2ac61b86d8cde7822c1f0e7bb182f8311199438963cf0ebc782)
[m[2m2026-08-24 06:49:45.555-0500[m[2m | [m[2mEthScheduler-Workers-5[m[2m | [m[32mINFO [m[2m | [m[2mPersistBlockTask[m[2m | [m[32mBlock 8 (0xa1327a7fac4fc2ac61b86d8cde7822c1f0e7bb182f8311199438963cf0ebc782) is already imported
[m[2m2026-08-24 06:49:47.818-0500[m[2m | [m[2mEthScheduler-Workers-7[m[2m | [m[32mINFO [m[2m | [m[2mPersistBlockTask[m[2m | [m[32mBlock 9 (0xe26791047afb0a07235bd976b94ace4a83b1be334a468ba808dd619dfa9800e7) is already imported
[m[2m2026-08-24 06:49:47.817-0500[m[2m | [m[2mBftProcessorExecutor-QBFT-0[m[2m | [m[32mINFO [m[2m | [m[2mQbftBesuControllerBuilder[m[2m | [m[32mImported empty block #9 / 0 tx / 0 pending / 0 (0.0%) gas / (0xe26791047afb0a07235bd976b94ace4a83b1be334a468ba808dd619dfa9800e7)
[m[2m2026-08-24 06:49:49.948-0500[m[2m | [m[2mEthScheduler-Workers-0[m[2m | [m[32mINFO [m[2m | [m[2mPersistBlockTask[m[2m | [m[32mImported empty block #10 / 0 tx / 0 om / 0 (0.0%) gas / (0xfac7ace3d63a338ffd16d31161222cc769da8502be6dbbb77992d2a41a001546) in 0.000s. Peers: 3
[m[2m2026-08-24 06:49:52.079-0500[m[2m | [m[2mBftProcessorExecutor-QBFT-0[m[2m | [m[32mINFO [m[2m | [m[2mQbftBesuControllerBuilder[m[2m | [m[32mImported empty block #11 / 0 tx / 0 pending / 0 (0.0%) gas / (0x78dae914123c0ba53f207541826e85bd42c21241958139fd2ce9e3ec6a8ae24b)
[m[2m2026-08-24 06:49:53.916-0500[m[2m | [m[2mEthScheduler-Workers-2[m[2m | [m[32mINFO [m[2m | [m[2mPersistBlockTask[m[2m | [m[32mImported empty block #12 / 0 tx / 0 om / 0 (0.0%) gas / (0x46a7470c3100121d00e9ac854015dfaad019b098d4a46b3358d889930345cdda) in 0.000s. Peers: 4
[m[2m2026-08-24 06:49:56.011-0500[m[2m | [m[2mEthScheduler-Workers-4[m[2m | [m[32mINFO [m[2m | [m[2mPersistBlockTask[m[2m | [m[32mImported empty block #13 / 0 tx / 0 om / 0 (0.0%) gas / (0xfe95fefd7ad89af61c427b04a2a7ec38f9dd4ddc733c110216cdf8d08c263763) in 0.000s. Peers: 6
[m[2m2026-08-24 06:49:57.859-0500[m[2m | [m[2mEthScheduler-Workers-6[m[2m | [m[32mINFO [m[2m | [m[2mPersistBlockTask[m[2m | [m[32mImported empty block #14 / 0 tx / 0 om / 0 (0.0%) gas / (0x0ec38ca8a4236948c8f39828a5ca5cc6d5ea7615cdaebc3b663e0ed3d164735b) in 0.000s. Peers: 6
[m[2m2026-08-24 06:49:59.790-0500[m[2m | [m[2mBftProcessorExecutor-QBFT-0[m[2m | [m[32mINFO [m[2m | [m[2mQbftBesuControllerBuilder[m[2m | [m[32mImported empty block #15 / 0 tx / 0 pending / 0 (0.0%) gas / (0xf334be96b7dc89917d44edda80e03716b9d26ddf39693d3ec03a2d1cc95248fc)
[m[2m2026-08-24 06:50:01.961-0500[m[2m | [m[2mEthScheduler-Workers-1[m[2m | [m[32mINFO [m[2m | [m[2mPersistBlockTask[m[2m | [m[32mImported empty block #16 / 0 tx / 0 om / 0 (0.0%) gas / (0x2ee9934b0597864f58b1375ab4dca641d031350355ccafef6c9654809fd505d6) in 0.000s. Peers: 6
[m[2m2026-08-24 06:50:04.191-0500[m[2m | [m[2mEthScheduler-Workers-3[m[2m | [m[32mINFO [m[2m | [m[2mPersistBlockTask[m[2m | [m[32mImported empty block #17 / 0 tx / 0 om / 0 (0.0%) gas / (0x627a9485644bdcc223a9b01ab98b890df991732d26a36bd4d77aa3e3ad8dcc8e) in 0.000s. Peers: 6
[m[2m2026-08-24 06:50:06.260-0500[m[2m | [m[2mEthScheduler-Workers-4[m[2m | [m[32mINFO [m[2m | [m[2mPersistBlockTask[m[2m | [m[32mImported empty block #18 / 0 tx / 0 om / 0 (0.0%) gas / (0xd14007a678a00078047f3a6d7a5d0302e9a6684f3a6b0f165e8f9ce8dfd2c9a6) in 0.000s. Peers: 6
[m[2m2026-08-24 06:50:07.921-0500[m[2m | [m[2mEthScheduler-Workers-7[m[2m | [m[32mINFO [m[2m | [m[2mPersistBlockTask[m[2m | [m[32mImported empty block #19 / 0 tx / 0 om / 0 (0.0%) gas / (0x42ac366dbf662cae866e1c8cd1f507db95b0bdb89b824b3b75e36b143eb3fd24) in 0.000s. Peers: 6
[m[2m2026-08-24 06:50:10.056-0500[m[2m | [m[2mEthScheduler-Workers-0[m[2m | [m[32mINFO [m[2m | [m[2mPersistBlockTask[m[2m | [m[32mBlock 20 (0xc3975503999f1c6099eb244230ff6ab371d707a1cfc265ea22e48fa3882f6316) is already imported
[m[2m2026-08-24 06:50:10.056-0500[m[2m | [m[2mBftProcessorExecutor-QBFT-0[m[2m | [m[32mINFO [m[2m | [m[2mQbftBesuControllerBuilder[m[2m | [m[32mImported empty block #20 / 0 tx / 0 pending / 0 (0.0%) gas / (0xc3975503999f1c6099eb244230ff6ab371d707a1cfc265ea22e48fa3882f6316)
[m[2m2026-08-24 06:50:12.026-0500[m[2m | [m[2mEthScheduler-Workers-3[m[2m | [m[32mINFO [m[2m | [m[2mPersistBlockTask[m[2m | [m[32mImported empty block #21 / 0 tx / 0 om / 0 (0.0%) gas / (0x0547536524c32004153d3b35162e2bdca7330ebda68e119aff6f7cec99fd28b8) in 0.000s. Peers: 6
[m[2m2026-08-24 06:50:13.778-0500[m[2m | [m[2mBftProcessorExecutor-QBFT-0[m[2m | [m[32mINFO [m[2m | [m[2mQbftBesuControllerBuilder[m[2m | [m[32mImported empty block #22 / 0 tx / 0 pending / 0 (0.0%) gas / (0x9cb77a581809b43f400f4eace8a8b632e303b982b5c33551df5e27c59e9a1dde)
[m[2m2026-08-24 06:50:16.645-0500[m[2m | [m[2mEthScheduler-Workers-3[m[2m | [m[32mINFO [m[2m | [m[2mPersistBlockTask[m[2m | [m[32mImported block #23 / 1 tx / 0 om / 1,080,865 (0.0%) gas / (0xc6ffed01975cb1f82611f2aec8522828fd039c72e536e8929cd834ca446967e0) in 0.000s. Peers: 6
[m[2m2026-08-24 06:50:18.477-0500[m[2m | [m[2mEthScheduler-Workers-4[m[2m | [m[32mINFO [m[2m | [m[2mPersistBlockTask[m[2m | [m[32mBlock 24 (0xe9be0807e745251c2a540d936a4922ded20dedd33e72bb52e90066c9a80e2a54) is already imported
[m[2m2026-08-24 06:50:18.477-0500[m[2m | [m[2mBftProcessorExecutor-QBFT-0[m[2m | [m[32mINFO [m[2m | [m[2mQbftBesuControllerBuilder[m[2m | [m[32mImported empty block #24 / 0 tx / 0 pending / 0 (0.0%) gas / (0xe9be0807e745251c2a540d936a4922ded20dedd33e72bb52e90066c9a80e2a54)
[m[2m2026-08-24 06:50:20.202-0500[m[2m | [m[2mEthScheduler-Workers-0[m[2m | [m[32mINFO [m[2m | [m[2mPersistBlockTask[m[2m | [m[32mImported empty block #25 / 0 tx / 0 om / 0 (0.0%) gas / (0x126e140d1bcc111fc9aca157a24455a7b0c471616641de6816549bab0a0ccf76) in 0.000s. Peers: 6
[m[2m2026-08-24 06:50:22.302-0500[m[2m | [m[2mEthScheduler-Workers-5[m[2m | [m[32mINFO [m[2m | [m[2mPersistBlockTask[m[2m | [m[32mImported empty block #26 / 0 tx / 0 om / 0 (0.0%) gas / (0xa9c077d104857c3179253f26f5a11f465c3b067ad6d300d42e032a1e4ee7f5d7) in 0.000s. Peers: 6
[m[2m2026-08-24 06:50:22.312-0500[m[2m | [m[2mBftProcessorExecutor-QBFT-0[m[2m | [m[32mINFO [m[2m | [m[2mQbftBesuControllerBuilder[m[2m | [m[32mProduced empty block #26 / 0 tx / 0 pending / 0 (0.0%) gas / (0xa9c077d104857c3179253f26f5a11f465c3b067ad6d300d42e032a1e4ee7f5d7)
[m[2m2026-08-24 06:50:24.164-0500[m[2m | [m[2mEthScheduler-Workers-2[m[2m | [m[32mINFO [m[2m | [m[2mPersistBlockTask[m[2m | [m[32mImported empty block #27 / 0 tx / 0 om / 0 (0.0%) gas / (0xd14ce3b9b9a750a1ce03fea9bba386f01eee876726f234c948a70711376819dd) in 0.000s. Peers: 6
[m[2m2026-08-24 06:50:25.780-0500[m[2m | [m[2mEthScheduler-Workers-7[m[2m | [m[32mINFO [m[2m | [m[2mPersistBlockTask[m[2m | [m[32mBlock 28 (0xaeb7404dc1803275c0ef82efa483e5d6b72d81d11e34430c029aaaed864744b4) is already imported
[m[2m2026-08-24 06:50:25.780-0500[m[2m | [m[2mBftProcessorExecutor-QBFT-0[m[2m | [m[32mINFO [m[2m | [m[2mQbftBesuControllerBuilder[m[2m | [m[32mImported empty block #28 / 0 tx / 0 pending / 0 (0.0%) gas / (0xaeb7404dc1803275c0ef82efa483e5d6b72d81d11e34430c029aaaed864744b4)
[m[2m2026-08-24 06:50:27.922-0500[m[2m | [m[2mEthScheduler-Workers-4[m[2m | [m[32mINFO [m[2m | [m[2mPersistBlockTask[m[2m | [m[32mImported empty block #29 / 0 tx / 0 om / 0 (0.0%) gas / (0xe9d744a92cbed8afad4addff4c8ef1cd0928e0becaad0ce6c49bad017b73f143) in 0.000s. Peers: 6
[m[2m2026-08-24 06:50:29.579-0500[m[2m | [m[2mBftProcessorExecutor-QBFT-0[m[2m | [m[32mINFO [m[2m | [m[2mQbftBesuControllerBuilder[m[2m | [m[32mImported block #30 / 1 tx / 0 pending / 23,160 (0.0%) gas / (0x969b8fe8d37660693233e8250668c53b186684956a7595455dde5fd4c0d1a614)
[m[2m2026-08-24 06:50:31.739-0500[m[2m | [m[2mEthScheduler-Workers-2[m[2m | [m[32mINFO [m[2m | [m[2mPersistBlockTask[m[2m | [m[32mImported empty block #31 / 0 tx / 0 om / 0 (0.0%) gas / (0x3a04598975c549e7b49ec3878af32a4191c507fbbc3c288ee70f808780b09fd8) in 0.000s. Peers: 6
[m[2m2026-08-24 06:50:34.041-0500[m[2m | [m[2mBftProcessorExecutor-QBFT-0[m[2m | [m[32mINFO [m[2m | [m[2mQbftBesuControllerBuilder[m[2m | [m[32mImported empty block #32 / 0 tx / 0 pending / 0 (0.0%) gas / (0x91fdf0eb6fff813b0e51726cfd62d1fa10c8a8e064bbb88002da368d1b818782)
[m[2m2026-08-24 06:50:34.070-0500[m[2m | [m[2mEthScheduler-Workers-0[m[2m | [m[32mINFO [m[2m | [m[2mPersistBlockTask[m[2m | [m[32mBlock 32 (0x91fdf0eb6fff813b0e51726cfd62d1fa10c8a8e064bbb88002da368d1b818782) is already imported
[m[2m2026-08-24 06:50:35.917-0500[m[2m | [m[2mEthScheduler-Workers-6[m[2m | [m[32mINFO [m[2m | [m[2mPersistBlockTask[m[2m | [m[32mImported empty block #33 / 0 tx / 0 om / 0 (0.0%) gas / (0xe5a7f68e504efd92461846cb622693f78cd34173b5aee7180bfaebb27f14567c) in 0.000s. Peers: 6
[m[2m2026-08-24 06:50:37.701-0500[m[2m | [m[2mEthScheduler-Workers-7[m[2m | [m[32mINFO [m[2m | [m[2mPersistBlockTask[m[2m | [m[32mImported empty block #34 / 0 tx / 0 om / 0 (0.0%) gas / (0x9430487c4eea595176b0d46460fba9351293e520856047e65cd40dd8eb6f4516) in 0.000s. Peers: 6
[m[2m2026-08-24 06:50:37.814-0500[m[2m | [m[2mBftProcessorExecutor-QBFT-0[m[2m | [m[32mINFO [m[2m | [m[2mQbftBesuControllerBuilder[m[2m | [m[32mImported empty block #34 / 0 tx / 0 pending / 0 (0.0%) gas / (0x9430487c4eea595176b0d46460fba9351293e520856047e65cd40dd8eb6f4516)
[m[2m2026-08-24 06:50:40.094-0500[m[2m | [m[2mEthScheduler-Workers-3[m[2m | [m[32mINFO [m[2m | [m[2mPersistBlockTask[m[2m | [m[32mImported empty block #35 / 0 tx / 0 om / 0 (0.0%) gas / (0x6547854ac28302e2ab129884e87c3d71af88adb96454c3f135dfc6c2e32fd3de) in 0.000s. Peers: 6
[m[2m2026-08-24 06:50:41.980-0500[m[2m | [m[2mEthScheduler-Workers-1[m[2m | [m[32mINFO [m[2m | [m[2mPersistBlockTask[m[2m | [m[32mBlock 36 (0x378f06e7f43a3e63cb9d12f79bc10c2c98db15e1aee897fe4ddd0d6322647d4d) is already imported
[m[2m2026-08-24 06:50:41.983-0500[m[2m | [m[2mBftProcessorExecutor-QBFT-0[m[2m | [m[32mINFO [m[2m | [m[2mQbftBesuControllerBuilder[m[2m | [m[32mImported empty block #36 / 0 tx / 0 pending / 0 (0.0%) gas / (0x378f06e7f43a3e63cb9d12f79bc10c2c98db15e1aee897fe4ddd0d6322647d4d)
[m[2m2026-08-24 06:50:44.133-0500[m[2m | [m[2mEthScheduler-Workers-5[m[2m | [m[32mINFO [m[2m | [m[2mPersistBlockTask[m[2m | [m[32mImported empty block #37 / 0 tx / 0 om / 0 (0.0%) gas / (0xe0bcb384969c2d5c0ce24d1da2db925d21b53a1f86abdc1120f220167319b3a8) in 0.000s. Peers: 6
[m[2m2026-08-24 06:50:45.878-0500[m[2m | [m[2mEthScheduler-Workers-4[m[2m | [m[32mINFO [m[2m | [m[2mPersistBlockTask[m[2m | [m[32mImported empty block #38 / 0 tx / 0 om / 0 (0.0%) gas / (0xb22d737b9ead96ec300d82b6e271e3153f37e09213106f625df74485f39faffe) in 0.000s. Peers: 6
[m[2m2026-08-24 06:50:47.692-0500[m[2m | [m[2mBftProcessorExecutor-QBFT-0[m[2m | [m[32mINFO [m[2m | [m[2mQbftBesuControllerBuilder[m[2m | [m[32mImported empty block #39 / 0 tx / 0 pending / 0 (0.0%) gas / (0x653c2a2872326dd6415721d1ff85241d67333ec211d30c8a83d0193666790e03)
[m[2m2026-08-24 06:50:49.629-0500[m[2m | [m[2mBftProcessorExecutor-QBFT-0[m[2m | [m[32mINFO [m[2m | [m[2mQbftBesuControllerBuilder[m[2m | [m[32mProduced empty block #40 / 0 tx / 0 pending / 0 (0.0%) gas / (0x8f7c79b286dd3006279696ba21e28c12b4251066ec256feadb454255d074860d)
[m[2m2026-08-24 06:50:51.541-0500[m[2m | [m[2mBftProcessorExecutor-QBFT-0[m[2m | [m[32mINFO [m[2m | [m[2mQbftBesuControllerBuilder[m[2m | [m[32mImported empty block #41 / 0 tx / 0 pending / 0 (0.0%) gas / (0x492808b808bc9391bcfd93304eb7afb3814e2c2015f23cafe62eeef115f79aee)
[m[2m2026-08-24 06:50:53.783-0500[m[2m | [m[2mBftProcessorExecutor-QBFT-0[m[2m | [m[32mINFO [m[2m | [m[2mQbftBesuControllerBuilder[m[2m | [m[32mImported empty block #42 / 0 tx / 0 pending / 0 (0.0%) gas / (0xeab445800f6edd1fce3fa470cc3bab2d48126c5783f3860a151604d690ef9ac7)
[m[2m2026-08-24 06:50:53.790-0500[m[2m | [m[2mEthScheduler-Workers-3[m[2m | [m[32mINFO [m[2m | [m[2mPersistBlockTask[m[2m | [m[32mBlock 42 (0xeab445800f6edd1fce3fa470cc3bab2d48126c5783f3860a151604d690ef9ac7) is already imported
[m[2m2026-08-24 06:50:55.544-0500[m[2m | [m[2mBftProcessorExecutor-QBFT-0[m[2m | [m[32mINFO [m[2m | [m[2mQbftBesuControllerBuilder[m[2m | [m[32mImported empty block #43 / 0 tx / 0 pending / 0 (0.0%) gas / (0x2d3cdba7894cf806ef65126cb6d45ac158bec9283b7c72974cf88934c00068ad)
[m[2m2026-08-24 06:50:55.544-0500[m[2m | [m[2mEthScheduler-Workers-0[m[2m | [m[32mINFO [m[2m | [m[2mPersistBlockTask[m[2m | [m[32mBlock 43 (0x2d3cdba7894cf806ef65126cb6d45ac158bec9283b7c72974cf88934c00068ad) is already imported
[m[2m2026-08-24 06:50:57.538-0500[m[2m | [m[2mBftProcessorExecutor-QBFT-0[m[2m | [m[32mINFO [m[2m | [m[2mQbftBesuControllerBuilder[m[2m | [m[32mImported empty block #44 / 0 tx / 0 pending / 0 (0.0%) gas / (0x40ec84881281a04dbb554bbb4ae89fd38d440b469b370ffb67feecacbea540f0)
[m[2m2026-08-24 06:50:57.536-0500[m[2m | [m[2mEthScheduler-Workers-6[m[2m | [m[32mINFO [m[2m | [m[2mPersistBlockTask[m[2m | [m[32mBlock 44 (0x40ec84881281a04dbb554bbb4ae89fd38d440b469b370ffb67feecacbea540f0) is already imported
[m[2m2026-08-24 06:50:59.548-0500[m[2m | [m[2mEthScheduler-Workers-7[m[2m | [m[32mINFO [m[2m | [m[2mPersistBlockTask[m[2m | [m[32mBlock 45 (0xc1b0e9d473e11ff9f58df77ed4b1c952557839a83cf5be24d2901f8efe36f83f) is already imported
[m[2m2026-08-24 06:50:59.458-0500[m[2m | [m[2mBftProcessorExecutor-QBFT-0[m[2m | [m[32mINFO [m[2m | [m[2mQbftBesuControllerBuilder[m[2m | [m[32mImported empty block #45 / 0 tx / 0 pending / 0 (0.0%) gas / (0xc1b0e9d473e11ff9f58df77ed4b1c952557839a83cf5be24d2901f8efe36f83f)
[m[2m2026-08-24 06:51:01.947-0500[m[2m | [m[2mEthScheduler-Workers-4[m[2m | [m[32mINFO [m[2m | [m[2mPersistBlockTask[m[2m | [m[32mBlock 46 (0xb0afb95cf573cbbebfc50201a6d97e38356e188cf08e5c62797cbbce8af222e5) is already imported
[m[2m2026-08-24 06:51:01.947-0500[m[2m | [m[2mBftProcessorExecutor-QBFT-0[m[2m | [m[32mINFO [m[2m | [m[2mQbftBesuControllerBuilder[m[2m | [m[32mImported empty block #46 / 0 tx / 1 pending / 0 (0.0%) gas / (0xb0afb95cf573cbbebfc50201a6d97e38356e188cf08e5c62797cbbce8af222e5)
[m[2m2026-08-24 06:51:03.721-0500[m[2m | [m[2mBftProcessorExecutor-QBFT-0[m[2m | [m[32mINFO [m[2m | [m[2mQbftBesuControllerBuilder[m[2m | [m[32mProduced block #47 / 1 tx / 0 pending / 16,144 (0.0%) gas / (0xe8298ba4107c8e74b069edc204e4bb47426e9acc48b3daff3501b1891e9f322a)
[m[2m2026-08-24 06:51:03.796-0500[m[2m | [m[2mEthScheduler-Workers-1[m[2m | [m[32mINFO [m[2m | [m[2mPersistBlockTask[m[2m | [m[32mBlock 47 (0xe8298ba4107c8e74b069edc204e4bb47426e9acc48b3daff3501b1891e9f322a) is already imported
[m[2m2026-08-24 06:51:06.196-0500[m[2m | [m[2mBftProcessorExecutor-QBFT-0[m[2m | [m[32mINFO [m[2m | [m[2mQbftBesuControllerBuilder[m[2m | [m[32mImported block #48 / 1 tx / 0 pending / 16,144 (0.0%) gas / (0x5f9e73deacd508c0e5a12c74ca8aaa57a19ec455c2026009495774bac142855d)
[m[2m2026-08-24 06:51:06.220-0500[m[2m | [m[2mEthScheduler-Workers-3[m[2m | [m[32mINFO [m[2m | [m[2mPersistBlockTask[m[2m | [m[32mBlock 48 (0x5f9e73deacd508c0e5a12c74ca8aaa57a19ec455c2026009495774bac142855d) is already imported
[m[2m2026-08-24 06:51:07.814-0500[m[2m | [m[2mBftProcessorExecutor-QBFT-0[m[2m | [m[32mINFO [m[2m | [m[2mQbftBesuControllerBuilder[m[2m | [m[32mImported empty block #49 / 0 tx / 0 pending / 0 (0.0%) gas / (0x8b510c53d7ead9197783387cd7e4276890220cb1ef8f0f42830fb1dd7ef4370f)
[m[2m2026-08-24 06:51:10.152-0500[m[2m | [m[2mBftProcessorExecutor-QBFT-0[m[2m | [m[32mINFO [m[2m | [m[2mQbftBesuControllerBuilder[m[2m | [m[32mImported empty block #50 / 0 tx / 0 pending / 0 (0.0%) gas / (0xe9b5de20940f61d651eea42ed0f87c1eb1f9c2b6d90af4c7f3fff888a27b177c)
[m[2m2026-08-24 06:51:10.313-0500[m[2m | [m[2mEthScheduler-Workers-2[m[2m | [m[32mINFO [m[2m | [m[2mPersistBlockTask[m[2m | [m[32mBlock 50 (0xe9b5de20940f61d651eea42ed0f87c1eb1f9c2b6d90af4c7f3fff888a27b177c) is already imported
[m[2m2026-08-24 06:51:12.451-0500[m[2m | [m[2mEthScheduler-Workers-6[m[2m | [m[32mINFO [m[2m | [m[2mPersistBlockTask[m[2m | [m[32mImported empty block #51 / 0 tx / 0 om / 0 (0.0%) gas / (0x4ce46151347e9fff696b23c1263ed3430da836efb1faf100339a69f7a9dfb0dd) in 0.000s. Peers: 6
[m[2m2026-08-24 06:51:14.513-0500[m[2m | [m[2mEthScheduler-Workers-7[m[2m | [m[32mINFO [m[2m | [m[2mPersistBlockTask[m[2m | [m[32mBlock 52 (0xc9ab4bbbac4ee2c619f072912a7c28c8a26b805ee237f75ab02ff10c72beed01) is already imported
[m[2m2026-08-24 06:51:14.639-0500[m[2m | [m[2mBftProcessorExecutor-QBFT-0[m[2m | [m[32mINFO [m[2m | [m[2mQbftBesuControllerBuilder[m[2m | [m[32mImported empty block #52 / 0 tx / 0 pending / 0 (0.0%) gas / (0xc9ab4bbbac4ee2c619f072912a7c28c8a26b805ee237f75ab02ff10c72beed01)
[m[2m2026-08-24 06:51:16.079-0500[m[2m | [m[2mBftProcessorExecutor-QBFT-0[m[2m | [m[32mINFO [m[2m | [m[2mQbftBesuControllerBuilder[m[2m | [m[32mImported empty block #53 / 0 tx / 0 pending / 0 (0.0%) gas / (0xba0cbf8c8a8afc27d82c7c633b6b81375f53009724ff19bd4a18f9e99e5333c2)
[m[2m2026-08-24 06:51:16.080-0500[m[2m | [m[2mEthScheduler-Workers-1[m[2m | [m[32mINFO [m[2m | [m[2mPersistBlockTask[m[2m | [m[32mImported empty block #53 / 0 tx / 0 om / 0 (0.0%) gas / (0xba0cbf8c8a8afc27d82c7c633b6b81375f53009724ff19bd4a18f9e99e5333c2) in 0.000s. Peers: 6
[m[2m2026-08-24 06:51:18.133-0500[m[2m | [m[2mBftProcessorExecutor-QBFT-0[m[2m | [m[32mINFO [m[2m | [m[2mQbftBesuControllerBuilder[m[2m | [m[32mProduced block #54 / 1 tx / 0 pending / 48,256 (0.0%) gas / (0x6638ccd0ef820f6d2e8487c460b3045cc29c1c7fa9ba9bd718264bd2d8907633)
[m[2m2026-08-24 06:51:19.948-0500[m[2m | [m[2mBftProcessorExecutor-QBFT-0[m[2m | [m[32mINFO [m[2m | [m[2mQbftBesuControllerBuilder[m[2m | [m[32mImported block #55 / 1 tx / 0 pending / 48,256 (0.0%) gas / (0x727d2816ceaa5d8e39943161ce0396fcd10df10e10a496221ad835fa9a595adf)
[m[2m2026-08-24 06:51:22.172-0500[m[2m | [m[2mEthScheduler-Workers-0[m[2m | [m[32mINFO [m[2m | [m[2mPersistBlockTask[m[2m | [m[32mBlock 56 (0x7393849237b60a47fc32c84fe6b15c26faf26761e20e8cef2d8e751dfee1ab9c) is already imported
[m[2m2026-08-24 06:51:22.215-0500[m[2m | [m[2mBftProcessorExecutor-QBFT-0[m[2m | [m[32mINFO [m[2m | [m[2mQbftBesuControllerBuilder[m[2m | [m[32mImported block #56 / 1 tx / 0 pending / 16,144 (0.0%) gas / (0x7393849237b60a47fc32c84fe6b15c26faf26761e20e8cef2d8e751dfee1ab9c)
[m[2m2026-08-24 06:51:24.372-0500[m[2m | [m[2mBftProcessorExecutor-QBFT-0[m[2m | [m[32mINFO [m[2m | [m[2mQbftBesuControllerBuilder[m[2m | [m[32mImported block #57 / 1 tx / 0 pending / 16,144 (0.0%) gas / (0x162748f5f15a6b7534dccd9dcfd9cddbfc05df7b0021c5b8d7f781ec183581da)
[m[2m2026-08-24 06:51:24.372-0500[m[2m | [m[2mEthScheduler-Workers-6[m[2m | [m[32mINFO [m[2m | [m[2mPersistBlockTask[m[2m | [m[32mBlock 57 (0x162748f5f15a6b7534dccd9dcfd9cddbfc05df7b0021c5b8d7f781ec183581da) is already imported
[m[2m2026-08-24 06:51:26.280-0500[m[2m | [m[2mEthScheduler-Workers-4[m[2m | [m[32mINFO [m[2m | [m[2mPersistBlockTask[m[2m | [m[32mImported empty block #58 / 0 tx / 0 om / 0 (0.0%) gas / (0xee5802f65f221ba2a11a4c92a7f328c305731644399b7453e4cf10b860c7e027) in 0.000s. Peers: 6
[m[2m2026-08-24 06:51:27.917-0500[m[2m | [m[2mBftProcessorExecutor-QBFT-0[m[2m | [m[32mINFO [m[2m | [m[2mQbftBesuControllerBuilder[m[2m | [m[32mImported empty block #59 / 0 tx / 0 pending / 0 (0.0%) gas / (0x18f885ce3bfee4682029ac76d00c8e8eef2abe09539f8877ea67c5f192757eee)
[m[2m2026-08-24 06:51:30.264-0500[m[2m | [m[2mBftProcessorExecutor-QBFT-0[m[2m | [m[32mINFO [m[2m | [m[2mQbftBesuControllerBuilder[m[2m | [m[32mImported empty block #60 / 0 tx / 0 pending / 0 (0.0%) gas / (0xf8558e1aa7d1f5092cc90cf6e2bac0cc20e94b88529097413f1dc7a6ea3aca2f)
[m[2m2026-08-24 06:51:30.266-0500[m[2m | [m[2mEthScheduler-Workers-7[m[2m | [m[32mINFO [m[2m | [m[2mPersistBlockTask[m[2m | [m[32mBlock 60 (0xf8558e1aa7d1f5092cc90cf6e2bac0cc20e94b88529097413f1dc7a6ea3aca2f) is already imported
[m[2m2026-08-24 06:51:32.447-0500[m[2m | [m[2mBftProcessorExecutor-QBFT-0[m[2m | [m[32mINFO [m[2m | [m[2mQbftBesuControllerBuilder[m[2m | [m[32mProduced empty block #61 / 0 tx / 0 pending / 0 (0.0%) gas / (0x4536aba9e4c1416ff2878b46283ad808b088fa33456c94402fe93fcb2d3d2c25)
[m[2m2026-08-24 06:51:32.617-0500[m[2m | [m[2mEthScheduler-Workers-5[m[2m | [m[32mINFO [m[2m | [m[2mPersistBlockTask[m[2m | [m[32mBlock 61 (0x4536aba9e4c1416ff2878b46283ad808b088fa33456c94402fe93fcb2d3d2c25) is already imported
[m[2m2026-08-24 06:51:34.013-0500[m[2m | [m[2mBftProcessorExecutor-QBFT-0[m[2m | [m[32mINFO [m[2m | [m[2mQbftBesuControllerBuilder[m[2m | [m[32mImported empty block #62 / 0 tx / 0 pending / 0 (0.0%) gas / (0x510b5be43a0024a5551f81e9a9b9c745e2a956395132610832258c64d78efce2)
[m[2m2026-08-24 06:51:36.046-0500[m[2m | [m[2mEthScheduler-Workers-2[m[2m | [m[32mINFO [m[2m | [m[2mPersistBlockTask[m[2m | [m[32mImported block #63 / 1 tx / 0 om / 48,256 (0.0%) gas / (0x7569794ed47832b506b1152e222ad92633aaac8bec47919912aa715e2526eccc) in 0.000s. Peers: 6
[m[2m2026-08-24 06:51:37.801-0500[m[2m | [m[2mBftProcessorExecutor-QBFT-0[m[2m | [m[32mINFO [m[2m | [m[2mQbftBesuControllerBuilder[m[2m | [m[32mImported block #64 / 1 tx / 0 pending / 48,256 (0.0%) gas / (0x9e577829004e1521280cda72322d97184e796f22efa520fb840e59d191afd974)
[m[2m2026-08-24 06:51:40.170-0500[m[2m | [m[2mEthScheduler-Workers-4[m[2m | [m[32mINFO [m[2m | [m[2mPersistBlockTask[m[2m | [m[32mBlock 65 (0x8d73fe1bda3f26dbd7044972fa3b0d0255cfe1cfb9a2cd70cd04ebae59c29548) is already imported
[m[2m2026-08-24 06:51:40.170-0500[m[2m | [m[2mBftProcessorExecutor-QBFT-0[m[2m | [m[32mINFO [m[2m | [m[2mQbftBesuControllerBuilder[m[2m | [m[32mImported block #65 / 1 tx / 0 pending / 16,144 (0.0%) gas / (0x8d73fe1bda3f26dbd7044972fa3b0d0255cfe1cfb9a2cd70cd04ebae59c29548)
[m[2m2026-08-24 06:51:41.719-0500[m[2m | [m[2mBftProcessorExecutor-QBFT-0[m[2m | [m[32mINFO [m[2m | [m[2mQbftBesuControllerBuilder[m[2m | [m[32mImported block #66 / 1 tx / 0 pending / 16,144 (0.0%) gas / (0x4e1b131b6406a230ce7ab0dcb828515503813433a18a6b0f3a2fc4b3d27d7752)
[m[2m2026-08-24 06:51:41.872-0500[m[2m | [m[2mEthScheduler-Workers-7[m[2m | [m[32mINFO [m[2m | [m[2mPersistBlockTask[m[2m | [m[32mBlock 66 (0x4e1b131b6406a230ce7ab0dcb828515503813433a18a6b0f3a2fc4b3d27d7752) is already imported
[m[2m2026-08-24 06:51:44.134-0500[m[2m | [m[2mEthScheduler-Workers-5[m[2m | [m[32mINFO [m[2m | [m[2mPersistBlockTask[m[2m | [m[32mBlock 67 (0xa3d57864e6ba92e37f950596ea4e53050a107833618b101318ea250bbeea8f9e) is already imported
[m[2m2026-08-24 06:51:44.134-0500[m[2m | [m[2mBftProcessorExecutor-QBFT-0[m[2m | [m[32mINFO [m[2m | [m[2mQbftBesuControllerBuilder[m[2m | [m[32mImported empty block #67 / 0 tx / 0 pending / 0 (0.0%) gas / (0xa3d57864e6ba92e37f950596ea4e53050a107833618b101318ea250bbeea8f9e)
[m[2m2026-08-24 06:51:45.663-0500[m[2m | [m[2mBftProcessorExecutor-QBFT-0[m[2m | [m[32mINFO [m[2m | [m[2mQbftBesuControllerBuilder[m[2m | [m[32mProduced empty block #68 / 0 tx / 0 pending / 0 (0.0%) gas / (0xc46e4ef6a77cc5d5e88ca1a3663cbfa7be402d2cde1e930afc4e0b9f5cba8fb4)
[m[2m2026-08-24 06:51:45.674-0500[m[2m | [m[2mEthScheduler-Workers-1[m[2m | [m[32mINFO [m[2m | [m[2mPersistBlockTask[m[2m | [m[32mBlock 68 (0xc46e4ef6a77cc5d5e88ca1a3663cbfa7be402d2cde1e930afc4e0b9f5cba8fb4) is already imported
[m[2m2026-08-24 06:51:47.628-0500[m[2m | [m[2mBftProcessorExecutor-QBFT-0[m[2m | [m[32mINFO [m[2m | [m[2mQbftBesuControllerBuilder[m[2m | [m[32mImported empty block #69 / 0 tx / 0 pending / 0 (0.0%) gas / (0x9f5054b7ff3ebc2e40dbba771a28b5360d138f4f334c21732b7ffc2a518c6064)
[m[2m2026-08-24 06:51:47.628-0500[m[2m | [m[2mEthScheduler-Workers-6[m[2m | [m[32mINFO [m[2m | [m[2mPersistBlockTask[m[2m | [m[32mBlock 69 (0x9f5054b7ff3ebc2e40dbba771a28b5360d138f4f334c21732b7ffc2a518c6064) is already imported
[m[2m2026-08-24 06:51:49.522-0500[m[2m | [m[2mBftProcessorExecutor-QBFT-0[m[2m | [m[32mINFO [m[2m | [m[2mQbftBesuControllerBuilder[m[2m | [m[32mImported empty block #70 / 0 tx / 0 pending / 0 (0.0%) gas / (0x806574183c16a8045bd5b5eae24dd746e681e1ebb5fbdf4236172636522d675b)
[m[2m2026-08-24 06:51:49.524-0500[m[2m | [m[2mEthScheduler-Workers-4[m[2m | [m[32mINFO [m[2m | [m[2mPersistBlockTask[m[2m | [m[32mBlock 70 (0x806574183c16a8045bd5b5eae24dd746e681e1ebb5fbdf4236172636522d675b) is already imported
[m[2m2026-08-24 06:51:51.615-0500[m[2m | [m[2mBftProcessorExecutor-QBFT-0[m[2m | [m[32mINFO [m[2m | [m[2mQbftBesuControllerBuilder[m[2m | [m[32mImported block #71 / 1 tx / 0 pending / 48,256 (0.0%) gas / (0x5f4d663dfeaad18849b13e840875a4175bece4b57032e583d2ae9fbe91211b94)
[m[2m2026-08-24 06:51:51.660-0500[m[2m | [m[2mEthScheduler-Workers-4[m[2m | [m[32mINFO [m[2m | [m[2mPersistBlockTask[m[2m | [m[32mBlock 71 (0x5f4d663dfeaad18849b13e840875a4175bece4b57032e583d2ae9fbe91211b94) is already imported
[m[2m2026-08-24 06:51:53.670-0500[m[2m | [m[2mEthScheduler-Workers-7[m[2m | [m[32mINFO [m[2m | [m[2mPersistBlockTask[m[2m | [m[32mImported block #72 / 1 tx / 0 om / 48,256 (0.0%) gas / (0x8901f0b591e2130c8d0b727231bc3a8a5d7f408dc10a4f8d083d686d1d385ef3) in 0.000s. Peers: 6
[m[2m2026-08-24 06:51:55.447-0500[m[2m | [m[2mBftProcessorExecutor-QBFT-0[m[2m | [m[32mINFO [m[2m | [m[2mQbftBesuControllerBuilder[m[2m | [m[32mImported block #73 / 1 tx / 1 pending / 16,144 (0.0%) gas / (0x8a6d5cb16f88c696ccc3fa85fba3bd8c733b72e67e3ab5dc1a307342175b9f67)
[m[2m2026-08-24 06:51:57.506-0500[m[2m | [m[2mBftProcessorExecutor-QBFT-0[m[2m | [m[32mINFO [m[2m | [m[2mQbftBesuControllerBuilder[m[2m | [m[32mImported block #74 / 1 tx / 0 pending / 16,144 (0.0%) gas / (0xd355a3e749f0d582110d1b7ba3bada5702656578021ec0d649bf5f7b1149d815)
[m[2m2026-08-24 06:51:59.698-0500[m[2m | [m[2mBftProcessorExecutor-QBFT-0[m[2m | [m[32mINFO [m[2m | [m[2mQbftBesuControllerBuilder[m[2m | [m[32mProduced empty block #75 / 0 tx / 0 pending / 0 (0.0%) gas / (0xff6e4fc8b2f65f1e0924f716260743ceb12664900f2ad3782758fe9519822329)
[m[2m2026-08-24 06:51:59.782-0500[m[2m | [m[2mEthScheduler-Workers-0[m[2m | [m[32mINFO [m[2m | [m[2mPersistBlockTask[m[2m | [m[32mBlock 75 (0xff6e4fc8b2f65f1e0924f716260743ceb12664900f2ad3782758fe9519822329) is already imported
[m[2m2026-08-24 06:52:01.765-0500[m[2m | [m[2mEthScheduler-Workers-7[m[2m | [m[32mINFO [m[2m | [m[2mPersistBlockTask[m[2m | [m[32mBlock 76 (0x2131735d92e5e6bad23d4ebcefef6f5da2f4ebc345751419f92f08f85d41513a) is already imported
[m[2m2026-08-24 06:52:01.765-0500[m[2m | [m[2mBftProcessorExecutor-QBFT-0[m[2m | [m[32mINFO [m[2m | [m[2mQbftBesuControllerBuilder[m[2m | [m[32mImported empty block #76 / 0 tx / 0 pending / 0 (0.0%) gas / (0x2131735d92e5e6bad23d4ebcefef6f5da2f4ebc345751419f92f08f85d41513a)
[m[2m2026-08-24 06:52:03.652-0500[m[2m | [m[2mEthScheduler-Workers-1[m[2m | [m[32mINFO [m[2m | [m[2mPersistBlockTask[m[2m | [m[32mImported empty block #77 / 0 tx / 0 om / 0 (0.0%) gas / (0x2b5cbcae2f976024a27f8e9b80839a4994c08b1d4c0090e14963652656e58104) in 0.000s. Peers: 6
[m[2m2026-08-24 06:52:03.653-0500[m[2m | [m[2mBftProcessorExecutor-QBFT-0[m[2m | [m[32mINFO [m[2m | [m[2mQbftBesuControllerBuilder[m[2m | [m[32mImported empty block #77 / 0 tx / 0 pending / 0 (0.0%) gas / (0x2b5cbcae2f976024a27f8e9b80839a4994c08b1d4c0090e14963652656e58104)
[m[2m2026-08-24 06:52:06.029-0500[m[2m | [m[2mBftProcessorExecutor-QBFT-0[m[2m | [m[32mINFO [m[2m | [m[2mQbftBesuControllerBuilder[m[2m | [m[32mImported block #78 / 1 tx / 0 pending / 48,256 (0.0%) gas / (0xf15f12a038fdb4d7684865fd8f04ea881a633f45786a563312a2c370c8730d77)
[m[2m2026-08-24 06:52:06.038-0500[m[2m | [m[2mEthScheduler-Workers-5[m[2m | [m[32mINFO [m[2m | [m[2mPersistBlockTask[m[2m | [m[32mBlock 78 (0xf15f12a038fdb4d7684865fd8f04ea881a633f45786a563312a2c370c8730d77) is already imported
[m[2m2026-08-24 06:52:07.809-0500[m[2m | [m[2mBftProcessorExecutor-QBFT-0[m[2m | [m[32mINFO [m[2m | [m[2mQbftBesuControllerBuilder[m[2m | [m[32mImported block #79 / 1 tx / 0 pending / 48,256 (0.0%) gas / (0x3f5c24bf202c4c4c2294c29e1e45503e9c44e4fa1611e76e73c1e5e9a6a3874c)
[m[2m2026-08-24 06:52:07.894-0500[m[2m | [m[2mEthScheduler-Workers-5[m[2m | [m[32mINFO [m[2m | [m[2mPersistBlockTask[m[2m | [m[32mBlock 79 (0x3f5c24bf202c4c4c2294c29e1e45503e9c44e4fa1611e76e73c1e5e9a6a3874c) is already imported
[m[2m2026-08-24 06:52:11.005-0500[m[2m | [m[2mEthScheduler-Workers-1[m[2m | [m[32mINFO [m[2m | [m[2mPersistBlockTask[m[2m | [m[32mBlock 80 (0x69920443cf6d34700352a28d14966bdacbeed8bdf8118f95c595e939d051c44d) is already imported
[m[2m2026-08-24 06:52:11.005-0500[m[2m | [m[2mBftProcessorExecutor-QBFT-0[m[2m | [m[32mINFO [m[2m | [m[2mQbftBesuControllerBuilder[m[2m | [m[32mImported block #80 / 1 tx / 0 pending / 16,144 (0.0%) gas / (0x69920443cf6d34700352a28d14966bdacbeed8bdf8118f95c595e939d051c44d)
[m[2m2026-08-24 06:52:14.004-0500[m[2m | [m[2mBftProcessorExecutor-QBFT-0[m[2m | [m[32mINFO [m[2m | [m[2mQbftBesuControllerBuilder[m[2m | [m[32mImported block #81 / 1 tx / 0 pending / 16,144 (0.0%) gas / (0x2a513d16df90fc36a49c544320e4f49b710639ca8f64d352e672a0001db65842)
[m[2m2026-08-24 06:52:17.309-0500[m[2m | [m[2mBftProcessorExecutor-QBFT-0[m[2m | [m[32mINFO [m[2m | [m[2mQbftBesuControllerBuilder[m[2m | [m[32mProduced empty block #82 / 0 tx / 0 pending / 0 (0.0%) gas / (0xf21c8e0d0ed70f4d0461d76ca329f7f8ce80b5001976e0fe85e246cb8084855b)
[m[2m2026-08-24 06:52:21.204-0500[m[2m | [m[2mBftProcessorExecutor-QBFT-0[m[2m | [m[32mINFO [m[2m | [m[2mQbftBesuControllerBuilder[m[2m | [m[32mImported empty block #83 / 0 tx / 0 pending / 0 (0.0%) gas / (0xf03a999e6b61529f489e63504bcb4733545717a757849a88193f289f64e7e9d5)
[m[2m2026-08-24 06:52:21.204-0500[m[2m | [m[2mEthScheduler-Workers-5[m[2m | [m[32mINFO [m[2m | [m[2mPersistBlockTask[m[2m | [m[32mBlock 83 (0xf03a999e6b61529f489e63504bcb4733545717a757849a88193f289f64e7e9d5) is already imported
[m[2m2026-08-24 06:52:22.259-0500[m[2m | [m[2mEthScheduler-Workers-0[m[2m | [m[32mINFO [m[2m | [m[2mPersistBlockTask[m[2m | [m[32mImported empty block #84 / 0 tx / 0 om / 0 (0.0%) gas / (0x588fdb282ed2f812220e2dc56e6bf0cc8dd0f8ee209dc86640052eaa826c7898) in 0.000s. Peers: 6
[m[2m2026-08-24 06:52:24.928-0500[m[2m | [m[2mBftProcessorExecutor-QBFT-0[m[2m | [m[32mINFO [m[2m | [m[2mQbftBesuControllerBuilder[m[2m | [m[32mImported empty block #85 / 0 tx / 0 pending / 0 (0.0%) gas / (0xb16b61be1415fab6e4a01c94c626b931f7ee6534fa41e49e8f00f2f3e0dc9418)
[m[2m2026-08-24 06:52:24.975-0500[m[2m | [m[2mEthScheduler-Workers-6[m[2m | [m[32mINFO [m[2m | [m[2mPersistBlockTask[m[2m | [m[32mBlock 85 (0xb16b61be1415fab6e4a01c94c626b931f7ee6534fa41e49e8f00f2f3e0dc9418) is already imported
[m[2m2026-08-24 06:52:26.993-0500[m[2m | [m[2mEthScheduler-Workers-2[m[2m | [m[32mINFO [m[2m | [m[2mPersistBlockTask[m[2m | [m[32mImported empty block #86 / 0 tx / 0 om / 0 (0.0%) gas / (0xc6d58d0bd4ddd5e0079fc9a6b77c65fff0f6142b266ec1c8c4491a91cd60f9a9) in 0.000s. Peers: 6
[m[2m2026-08-24 06:52:29.401-0500[m[2m | [m[2mEthScheduler-Workers-1[m[2m | [m[32mINFO [m[2m | [m[2mPersistBlockTask[m[2m | [m[32mImported empty block #87 / 0 tx / 0 om / 0 (0.0%) gas / (0x46c14591b6a39d36190c909b5704253149787a43c4d6fbcf84e24d295aa7a227) in 0.000s. Peers: 6
[m[2m2026-08-24 06:52:29.401-0500[m[2m | [m[2mBftProcessorExecutor-QBFT-0[m[2m | [m[32mINFO [m[2m | [m[2mQbftBesuControllerBuilder[m[2m | [m[32mImported empty block #87 / 0 tx / 0 pending / 0 (0.0%) gas / (0x46c14591b6a39d36190c909b5704253149787a43c4d6fbcf84e24d295aa7a227)
[m[2m2026-08-24 06:52:32.236-0500[m[2m | [m[2mBftProcessorExecutor-QBFT-0[m[2m | [m[32mINFO [m[2m | [m[2mQbftBesuControllerBuilder[m[2m | [m[32mImported empty block #88 / 0 tx / 0 pending / 0 (0.0%) gas / (0xfe27e1a460dd29f23fcbc2e2699d6737d87100a58a0eb42ea4df3d516d264ef0)
[m[2m2026-08-24 06:52:32.276-0500[m[2m | [m[2mEthScheduler-Workers-4[m[2m | [m[32mINFO [m[2m | [m[2mPersistBlockTask[m[2m | [m[32mBlock 88 (0xfe27e1a460dd29f23fcbc2e2699d6737d87100a58a0eb42ea4df3d516d264ef0) is already imported
[m[2m2026-08-24 06:52:33.954-0500[m[2m | [m[2mEthScheduler-Workers-3[m[2m | [m[32mINFO [m[2m | [m[2mPersistBlockTask[m[2m | [m[32mImported empty block #89 / 0 tx / 0 om / 0 (0.0%) gas / (0x99d484bd16ba48ad0246739b9671a4c04db5c900c86cfbf7d88d46b5a89698a0) in 0.000s. Peers: 6
[m[2m2026-08-24 06:52:35.422-0500[m[2m | [m[2mBftProcessorExecutor-QBFT-0[m[2m | [m[32mINFO [m[2m | [m[2mQbftBesuControllerBuilder[m[2m | [m[32mImported empty block #90 / 0 tx / 0 pending / 0 (0.0%) gas / (0xebe6c8235cb313dcdd12364c02b670ec06436d31c788f9a00e0be01f2bd9cdbc)
[m[2m2026-08-24 06:52:35.498-0500[m[2m | [m[2mEthScheduler-Workers-7[m[2m | [m[32mINFO [m[2m | [m[2mPersistBlockTask[m[2m | [m[32mBlock 90 (0xebe6c8235cb313dcdd12364c02b670ec06436d31c788f9a00e0be01f2bd9cdbc) is already imported
[m[2m2026-08-24 06:52:37.082-0500[m[2m | [m[2mBftProcessorExecutor-QBFT-0[m[2m | [m[32mINFO [m[2m | [m[2mQbftBesuControllerBuilder[m[2m | [m[32mImported empty block #91 / 0 tx / 1 pending / 0 (0.0%) gas / (0x79599d812d963a69b68ec6c65b8a628a176cb614ad672f4ded93377127145cb5)
[m[2m2026-08-24 06:52:38.954-0500[m[2m | [m[2mBftProcessorExecutor-QBFT-0[m[2m | [m[32mINFO [m[2m | [m[2mQbftBesuControllerBuilder[m[2m | [m[32mImported block #92 / 1 tx / 0 pending / 48,256 (0.0%) gas / (0x84a6efacebec79f656c97af8e1a3196639dce15ad5d1dc327b9bb31446e7888a)
[m[2m2026-08-24 06:52:41.617-0500[m[2m | [m[2mEthScheduler-Workers-6[m[2m | [m[32mINFO [m[2m | [m[2mPersistBlockTask[m[2m | [m[32mBlock 93 (0x262e7c44e6d6f62159c31abcac0090140949de7da1629c1abe2396400d3373e2) is already imported
[m[2m2026-08-24 06:52:41.621-0500[m[2m | [m[2mBftProcessorExecutor-QBFT-0[m[2m | [m[32mINFO [m[2m | [m[2mQbftBesuControllerBuilder[m[2m | [m[32mImported block #93 / 1 tx / 0 pending / 48,256 (0.0%) gas / (0x262e7c44e6d6f62159c31abcac0090140949de7da1629c1abe2396400d3373e2)
[m[2m2026-08-24 06:52:43.668-0500[m[2m | [m[2mBftProcessorExecutor-QBFT-0[m[2m | [m[32mINFO [m[2m | [m[2mQbftBesuControllerBuilder[m[2m | [m[32mImported block #94 / 1 tx / 0 pending / 16,144 (0.0%) gas / (0xf8d057c3082434df980537712a3d576573c56a566a8399844e12022e71f239c9)
[m[2m2026-08-24 06:52:43.722-0500[m[2m | [m[2mEthScheduler-Workers-3[m[2m | [m[32mINFO [m[2m | [m[2mPersistBlockTask[m[2m | [m[32mBlock 94 (0xf8d057c3082434df980537712a3d576573c56a566a8399844e12022e71f239c9) is already imported
[m[2m2026-08-24 06:52:45.098-0500[m[2m | [m[2mBftProcessorExecutor-QBFT-0[m[2m | [m[32mINFO [m[2m | [m[2mQbftBesuControllerBuilder[m[2m | [m[32mImported empty block #95 / 0 tx / 1 pending / 0 (0.0%) gas / (0xd7e17ea4078c7faf3618b14f0fe78cb2f41d558ecac3772baed350ce72479230)
[m[2m2026-08-24 06:52:47.814-0500[m[2m | [m[2mBftProcessorExecutor-QBFT-0[m[2m | [m[32mINFO [m[2m | [m[2mQbftBesuControllerBuilder[m[2m | [m[32mProduced block #96 / 1 tx / 0 pending / 16,144 (0.0%) gas / (0xeb25e73e1215cef76839a3308cf5a29c968a937c9a4062ff84b7d2c21013a5f5)
[m[2m2026-08-24 06:52:47.848-0500[m[2m | [m[2mEthScheduler-Workers-6[m[2m | [m[32mINFO [m[2m | [m[2mPersistBlockTask[m[2m | [m[32mBlock 96 (0xeb25e73e1215cef76839a3308cf5a29c968a937c9a4062ff84b7d2c21013a5f5) is already imported
[m[2m2026-08-24 06:52:49.639-0500[m[2m | [m[2mBftProcessorExecutor-QBFT-0[m[2m | [m[32mINFO [m[2m | [m[2mQbftBesuControllerBuilder[m[2m | [m[32mImported empty block #97 / 0 tx / 0 pending / 0 (0.0%) gas / (0x13bab486f0c28a145f2ca5ea7786770322b7f22f6a067c776bc51fa87d407873)
[m[2m2026-08-24 06:52:51.534-0500[m[2m | [m[2mBftProcessorExecutor-QBFT-0[m[2m | [m[32mINFO [m[2m | [m[2mQbftBesuControllerBuilder[m[2m | [m[32mImported empty block #98 / 0 tx / 0 pending / 0 (0.0%) gas / (0x18d866a83f3e02f056cff3803d9a3d792ce30d18a4485004562464a3c7698446)
[m[2m2026-08-24 06:52:51.552-0500[m[2m | [m[2mEthScheduler-Workers-7[m[2m | [m[32mINFO [m[2m | [m[2mPersistBlockTask[m[2m | [m[32mBlock 98 (0x18d866a83f3e02f056cff3803d9a3d792ce30d18a4485004562464a3c7698446) is already imported
[m[2m2026-08-24 06:52:53.007-0500[m[2m | [m[2mBftProcessorExecutor-QBFT-0[m[2m | [m[32mINFO [m[2m | [m[2mQbftBesuControllerBuilder[m[2m | [m[32mImported empty block #99 / 0 tx / 0 pending / 0 (0.0%) gas / (0x0f84b853cf1a9dc5e8556a0cd85144029abc281bbf528cae2e9c6a9f638e489c)
[m[2m2026-08-24 06:52:53.074-0500[m[2m | [m[2mEthScheduler-Workers-1[m[2m | [m[32mINFO [m[2m | [m[2mPersistBlockTask[m[2m | [m[32mBlock 99 (0x0f84b853cf1a9dc5e8556a0cd85144029abc281bbf528cae2e9c6a9f638e489c) is already imported
[m[2m2026-08-24 06:52:55.384-0500[m[2m | [m[2mEthScheduler-Workers-0[m[2m | [m[32mINFO [m[2m | [m[2mPersistBlockTask[m[2m | [m[32mBlock 100 (0x69ee8a3ac15f5550df70477c397a0001687a2d16ec827b507bf62457ad5ea89f) is already imported
[m[2m2026-08-24 06:52:55.384-0500[m[2m | [m[2mBftProcessorExecutor-QBFT-0[m[2m | [m[32mINFO [m[2m | [m[2mQbftBesuControllerBuilder[m[2m | [m[32mImported empty block #100 / 0 tx / 0 pending / 0 (0.0%) gas / (0x69ee8a3ac15f5550df70477c397a0001687a2d16ec827b507bf62457ad5ea89f)
[m[2m2026-08-24 06:52:57.529-0500[m[2m | [m[2mEthScheduler-Workers-3[m[2m | [m[32mINFO [m[2m | [m[2mPersistBlockTask[m[2m | [m[32mBlock 101 (0xa398c8a5b9e5e71bad415e3fb387134f81a8f6fa4bb26b34f9ce880952448953) is already imported
[m[2m2026-08-24 06:52:57.530-0500[m[2m | [m[2mBftProcessorExecutor-QBFT-0[m[2m | [m[32mINFO [m[2m | [m[2mQbftBesuControllerBuilder[m[2m | [m[32mImported empty block #101 / 0 tx / 0 pending / 0 (0.0%) gas / (0xa398c8a5b9e5e71bad415e3fb387134f81a8f6fa4bb26b34f9ce880952448953)
[m[2m2026-08-24 06:52:59.155-0500[m[2m | [m[2mEthScheduler-Workers-7[m[2m | [m[32mINFO [m[2m | [m[2mPersistBlockTask[m[2m | [m[32mBlock 102 (0x7525371651727e6917e9f88248cc610b93e05c0730faba11690ceeaf442cc855) is already imported
[m[2m2026-08-24 06:52:59.155-0500[m[2m | [m[2mBftProcessorExecutor-QBFT-0[m[2m | [m[32mINFO [m[2m | [m[2mQbftBesuControllerBuilder[m[2m | [m[32mImported empty block #102 / 0 tx / 0 pending / 0 (0.0%) gas / (0x7525371651727e6917e9f88248cc610b93e05c0730faba11690ceeaf442cc855)
[m[2m2026-08-24 06:53:00.734-0500[m[2m | [m[2mBftProcessorExecutor-QBFT-0[m[2m | [m[32mINFO [m[2m | [m[2mQbftBesuControllerBuilder[m[2m | [m[32mProduced empty block #103 / 0 tx / 0 pending / 0 (0.0%) gas / (0x4aa347bbaaee6e887cf9bacfeb7e5265e92b7e3cc25256584c4a46b163706329)
[m[2m2026-08-24 06:53:00.748-0500[m[2m | [m[2mEthScheduler-Workers-1[m[2m | [m[32mINFO [m[2m | [m[2mPersistBlockTask[m[2m | [m[32mBlock 103 (0x4aa347bbaaee6e887cf9bacfeb7e5265e92b7e3cc25256584c4a46b163706329) is already imported
[m[2m2026-08-24 06:53:02.646-0500[m[2m | [m[2mBftProcessorExecutor-QBFT-0[m[2m | [m[32mINFO [m[2m | [m[2mQbftBesuControllerBuilder[m[2m | [m[32mImported empty block #104 / 0 tx / 0 pending / 0 (0.0%) gas / (0xc046715dc0a149b07986ef47351d5cc157683ae30cad68318bba9a40c0f13234)
[m[2m2026-08-24 06:53:02.902-0500[m[2m | [m[2mEthScheduler-Workers-4[m[2m | [m[32mINFO [m[2m | [m[2mPersistBlockTask[m[2m | [m[32mBlock 104 (0xc046715dc0a149b07986ef47351d5cc157683ae30cad68318bba9a40c0f13234) is already imported
[m[2m2026-08-24 06:53:04.957-0500[m[2m | [m[2mBftProcessorExecutor-QBFT-0[m[2m | [m[32mINFO [m[2m | [m[2mQbftBesuControllerBuilder[m[2m | [m[32mImported block #105 / 1 tx / 0 pending / 48,256 (0.0%) gas / (0x5f1053f73e7465768cdb6f1897c0528437909464450b3b598417055189b45eaf)
[m[2m2026-08-24 06:53:04.994-0500[m[2m | [m[2mEthScheduler-Workers-0[m[2m | [m[32mINFO [m[2m | [m[2mPersistBlockTask[m[2m | [m[32mBlock 105 (0x5f1053f73e7465768cdb6f1897c0528437909464450b3b598417055189b45eaf) is already imported
[m[2m2026-08-24 06:53:06.927-0500[m[2m | [m[2mBftProcessorExecutor-QBFT-0[m[2m | [m[32mINFO [m[2m | [m[2mQbftBesuControllerBuilder[m[2m | [m[32mImported block #106 / 1 tx / 0 pending / 48,256 (0.0%) gas / (0x911d50449955505cdd9cd5763030c5c3920b4724b234715057af1f0b87269e76)
[m[2m2026-08-24 06:53:09.105-0500[m[2m | [m[2mEthScheduler-Workers-3[m[2m | [m[32mINFO [m[2m | [m[2mPersistBlockTask[m[2m | [m[32mBlock 107 (0x17068089ec7dcfad46dc842d7739a8b9e643f774eb6febb47c0067a88aa16099) is already imported
[m[2m2026-08-24 06:53:09.117-0500[m[2m | [m[2mBftProcessorExecutor-QBFT-0[m[2m | [m[32mINFO [m[2m | [m[2mQbftBesuControllerBuilder[m[2m | [m[32mImported block #107 / 1 tx / 0 pending / 16,144 (0.0%) gas / (0x17068089ec7dcfad46dc842d7739a8b9e643f774eb6febb47c0067a88aa16099)
[m[2m2026-08-24 06:53:10.822-0500[m[2m | [m[2mEthScheduler-Workers-6[m[2m | [m[32mINFO [m[2m | [m[2mPersistBlockTask[m[2m | [m[32mImported block #108 / 1 tx / 0 om / 16,144 (0.0%) gas / (0xfc5a9cb95649549922c7441448eb7100f67f97fbbc0ac136d488dcca126c215a) in 0.000s. Peers: 6
[m[2m2026-08-24 06:53:13.198-0500[m[2m | [m[2mBftProcessorExecutor-QBFT-0[m[2m | [m[32mINFO [m[2m | [m[2mQbftBesuControllerBuilder[m[2m | [m[32mImported empty block #109 / 0 tx / 0 pending / 0 (0.0%) gas / (0x152ddea0abded8dd9ccdeede80640e970553817767a2d673b859c2878829af5e)
[m[2m2026-08-24 06:53:15.178-0500[m[2m | [m[2mBftProcessorExecutor-QBFT-0[m[2m | [m[32mINFO [m[2m | [m[2mQbftBesuControllerBuilder[m[2m | [m[32mProduced empty block #110 / 0 tx / 0 pending / 0 (0.0%) gas / (0x0b179d49ecb5661f2203f9d1c8974e192ef19692355dd96b344c7a96f8f5fff5)
[m[2m2026-08-24 06:53:16.871-0500[m[2m | [m[2mBftProcessorExecutor-QBFT-0[m[2m | [m[32mINFO [m[2m | [m[2mQbftBesuControllerBuilder[m[2m | [m[32mImported empty block #111 / 0 tx / 0 pending / 0 (0.0%) gas / (0x5dd5fa4ce131e270f553cc82995efb7d5975b09b1b3760456500e1ba49bd7743)
[m[2m2026-08-24 06:53:19.115-0500[m[2m | [m[2mEthScheduler-Workers-4[m[2m | [m[32mINFO [m[2m | [m[2mPersistBlockTask[m[2m | [m[32mImported empty block #112 / 0 tx / 0 om / 0 (0.0%) gas / (0x8ea40aae616ab25b43abb258c74e6c24b5c2da3178bb6b023323db1c490ab96d) in 0.000s. Peers: 6
[m[2m2026-08-24 06:53:21.027-0500[m[2m | [m[2mBftProcessorExecutor-QBFT-0[m[2m | [m[32mINFO [m[2m | [m[2mQbftBesuControllerBuilder[m[2m | [m[32mImported empty block #113 / 0 tx / 0 pending / 0 (0.0%) gas / (0xd5f46bf4273d1e08ed4c138d7be31e13edfc016d651672f4dcb3bd9989ef9d3a)
[m[2m2026-08-24 06:53:23.376-0500[m[2m | [m[2mBftProcessorExecutor-QBFT-0[m[2m | [m[32mINFO [m[2m | [m[2mQbftBesuControllerBuilder[m[2m | [m[32mImported block #114 / 1 tx / 0 pending / 48,256 (0.0%) gas / (0x81a5e925a8bbd363ed19411c11c6c6349e8e2918802a08fb79360fd8c13290d4)
[m[2m2026-08-24 06:53:23.377-0500[m[2m | [m[2mEthScheduler-Workers-0[m[2m | [m[32mINFO [m[2m | [m[2mPersistBlockTask[m[2m | [m[32mBlock 114 (0x81a5e925a8bbd363ed19411c11c6c6349e8e2918802a08fb79360fd8c13290d4) is already imported
[m[2m2026-08-24 06:53:24.889-0500[m[2m | [m[2mBftProcessorExecutor-QBFT-0[m[2m | [m[32mINFO [m[2m | [m[2mQbftBesuControllerBuilder[m[2m | [m[32mImported block #115 / 1 tx / 0 pending / 48,256 (0.0%) gas / (0x86b91458202d916a0364becda9c3d84a91251c5c34cc4b79fd72e116eb0aca53)
[m[2m2026-08-24 06:53:26.922-0500[m[2m | [m[2mBftProcessorExecutor-QBFT-0[m[2m | [m[32mINFO [m[2m | [m[2mQbftBesuControllerBuilder[m[2m | [m[32mImported block #116 / 1 tx / 0 pending / 16,144 (0.0%) gas / (0x606c594c90e603ad98d202c8194db627c1f01a0851ad3d753d514e5cdc8bbc78)
[m[2m2026-08-24 06:53:28.767-0500[m[2m | [m[2mBftProcessorExecutor-QBFT-0[m[2m | [m[32mINFO [m[2m | [m[2mQbftBesuControllerBuilder[m[2m | [m[32mProduced block #117 / 1 tx / 0 pending / 16,144 (0.0%) gas / (0x7b4cc819193228f7fc00029b8bfba30abeb9b5c1e29001411a904d23c25379ef)
[m[2m2026-08-24 06:53:31.232-0500[m[2m | [m[2mEthScheduler-Workers-6[m[2m | [m[32mINFO [m[2m | [m[2mPersistBlockTask[m[2m | [m[32mImported empty block #118 / 0 tx / 0 om / 0 (0.0%) gas / (0x2f51d420c68b6c4950d925a830868c5c1e7b4277dc93dcdc7efe30f1b021375e) in 0.000s. Peers: 6
[m[2m2026-08-24 06:53:33.372-0500[m[2m | [m[2mBftProcessorExecutor-QBFT-0[m[2m | [m[32mINFO [m[2m | [m[2mQbftBesuControllerBuilder[m[2m | [m[32mImported empty block #119 / 0 tx / 0 pending / 0 (0.0%) gas / (0xe20de5fd56691a0a79203a864fecaa4a44a3953e34eb78dc9151185ee75119c6)
[m[2m2026-08-24 06:53:33.453-0500[m[2m | [m[2mEthScheduler-Workers-2[m[2m | [m[32mINFO [m[2m | [m[2mPersistBlockTask[m[2m | [m[32mBlock 119 (0xe20de5fd56691a0a79203a864fecaa4a44a3953e34eb78dc9151185ee75119c6) is already imported
[m[2m2026-08-24 06:53:35.488-0500[m[2m | [m[2mBftProcessorExecutor-QBFT-0[m[2m | [m[32mINFO [m[2m | [m[2mQbftBesuControllerBuilder[m[2m | [m[32mImported empty block #120 / 0 tx / 0 pending / 0 (0.0%) gas / (0xf6086255c01c9d8bca90b91725fd20cbecea03ec040611115e5ccb732b74f6e7)
[m[2m2026-08-24 06:53:35.638-0500[m[2m | [m[2mEthScheduler-Workers-4[m[2m | [m[32mINFO [m[2m | [m[2mPersistBlockTask[m[2m | [m[32mBlock 120 (0xf6086255c01c9d8bca90b91725fd20cbecea03ec040611115e5ccb732b74f6e7) is already imported
[m[2m2026-08-24 06:53:37.441-0500[m[2m | [m[2mBftProcessorExecutor-QBFT-0[m[2m | [m[32mINFO [m[2m | [m[2mQbftBesuControllerBuilder[m[2m | [m[32mImported empty block #121 / 0 tx / 0 pending / 0 (0.0%) gas / (0x30af877b9dc45ead2a92f8c899d39ba851a5e7c17ba2bed2def1cd8af693c077)
[m[2m2026-08-24 06:53:37.533-0500[m[2m | [m[2mEthScheduler-Workers-7[m[2m | [m[32mINFO [m[2m | [m[2mPersistBlockTask[m[2m | [m[32mBlock 121 (0x30af877b9dc45ead2a92f8c899d39ba851a5e7c17ba2bed2def1cd8af693c077) is already imported
[m[2m2026-08-24 06:53:39.012-0500[m[2m | [m[2mBftProcessorExecutor-QBFT-0[m[2m | [m[32mINFO [m[2m | [m[2mQbftBesuControllerBuilder[m[2m | [m[32mImported empty block #122 / 0 tx / 0 pending / 0 (0.0%) gas / (0xec1b17fa543a0a0c3fa33f88fd2e8e86ad810f2bfb81018f69cfa68bb64e374e)
[m[2m2026-08-24 06:53:40.787-0500[m[2m | [m[2mBftProcessorExecutor-QBFT-0[m[2m | [m[32mINFO [m[2m | [m[2mQbftBesuControllerBuilder[m[2m | [m[32mImported empty block #123 / 0 tx / 0 pending / 0 (0.0%) gas / (0xa6257410e4185c42982ef5f497fc22e13b56e10bffd6152458375e0b4eb7fb7f)
[m[2m2026-08-24 06:53:42.956-0500[m[2m | [m[2mBftProcessorExecutor-QBFT-0[m[2m | [m[32mINFO [m[2m | [m[2mQbftBesuControllerBuilder[m[2m | [m[32mProduced block #124 / 1 tx / 0 pending / 48,256 (0.0%) gas / (0x27d8f0d87ba2293dfceff656f0edf0375ea04d62dfe1e4cf69d794e048f8f8c9)
[m[2m2026-08-24 06:53:43.159-0500[m[2m | [m[2mEthScheduler-Workers-7[m[2m | [m[32mINFO [m[2m | [m[2mPersistBlockTask[m[2m | [m[32mBlock 124 (0x27d8f0d87ba2293dfceff656f0edf0375ea04d62dfe1e4cf69d794e048f8f8c9) is already imported
[m[2m2026-08-24 06:53:44.998-0500[m[2m | [m[2mBftProcessorExecutor-QBFT-0[m[2m | [m[32mINFO [m[2m | [m[2mQbftBesuControllerBuilder[m[2m | [m[32mImported block #125 / 1 tx / 0 pending / 48,256 (0.0%) gas / (0x242625d840b32f8dfe0432c2b1d686c8d72ac44b98abc214c707cbca50ab6edb)
[m[2m2026-08-24 06:53:45.071-0500[m[2m | [m[2mEthScheduler-Workers-5[m[2m | [m[32mINFO [m[2m | [m[2mPersistBlockTask[m[2m | [m[32mBlock 125 (0x242625d840b32f8dfe0432c2b1d686c8d72ac44b98abc214c707cbca50ab6edb) is already imported
[m[2m2026-08-24 06:53:47.362-0500[m[2m | [m[2mEthScheduler-Workers-7[m[2m | [m[32mINFO [m[2m | [m[2mPersistBlockTask[m[2m | [m[32mImported block #126 / 1 tx / 0 om / 16,144 (0.0%) gas / (0xdb3013ba2ffcd48a4bd825d7fdf533f59c33118a53ec6cdfb7808a3db22a2941) in 0.000s. Peers: 6
[m[2m2026-08-24 06:53:47.362-0500[m[2m | [m[2mBftProcessorExecutor-QBFT-0[m[2m | [m[32mINFO [m[2m | [m[2mQbftBesuControllerBuilder[m[2m | [m[32mImported block #126 / 1 tx / 0 pending / 16,144 (0.0%) gas / (0xdb3013ba2ffcd48a4bd825d7fdf533f59c33118a53ec6cdfb7808a3db22a2941)
[m[2m2026-08-24 06:53:49.128-0500[m[2m | [m[2mBftProcessorExecutor-QBFT-0[m[2m | [m[32mINFO [m[2m | [m[2mQbftBesuControllerBuilder[m[2m | [m[32mImported block #127 / 1 tx / 0 pending / 16,144 (0.0%) gas / (0x35a1e60c296504cd4020d7b342d1eaed7992214c4ade69e88f1cb8ab9a790794)
[m[2m2026-08-24 06:53:51.351-0500[m[2m | [m[2mBftProcessorExecutor-QBFT-0[m[2m | [m[32mINFO [m[2m | [m[2mQbftBesuControllerBuilder[m[2m | [m[32mImported empty block #128 / 0 tx / 0 pending / 0 (0.0%) gas / (0x1a7da93e2870fd9260a93ff1c4a871865fa2995415c02e0f114cbfb467e9eb46)
[m[2m2026-08-24 06:53:53.207-0500[m[2m | [m[2mEthScheduler-Workers-5[m[2m | [m[32mINFO [m[2m | [m[2mPersistBlockTask[m[2m | [m[32mBlock 129 (0x905ea0d70b60b97103405bd1d1d4895168fd7b0594f96f1b3b1cf2479ba45328) is already imported
[m[2m2026-08-24 06:53:53.207-0500[m[2m | [m[2mBftProcessorExecutor-QBFT-0[m[2m | [m[32mINFO [m[2m | [m[2mQbftBesuControllerBuilder[m[2m | [m[32mImported empty block #129 / 0 tx / 0 pending / 0 (0.0%) gas / (0x905ea0d70b60b97103405bd1d1d4895168fd7b0594f96f1b3b1cf2479ba45328)
[m[2m2026-08-24 06:53:55.258-0500[m[2m | [m[2mBftProcessorExecutor-QBFT-0[m[2m | [m[32mINFO [m[2m | [m[2mQbftBesuControllerBuilder[m[2m | [m[32mImported empty block #130 / 0 tx / 0 pending / 0 (0.0%) gas / (0x45a2c78be1dab3b07939d3a1409937261dddba6c8288488b1ea18a3f419c9bb3)
[m[2m2026-08-24 06:53:56.727-0500[m[2m | [m[2mBftProcessorExecutor-QBFT-0[m[2m | [m[32mINFO [m[2m | [m[2mQbftBesuControllerBuilder[m[2m | [m[32mProduced empty block #131 / 0 tx / 0 pending / 0 (0.0%) gas / (0xa49c756032e379b7f8f2509d2043533c4c5ab3f64276cc45d087c128b425aebd)
[m[2m2026-08-24 06:53:59.030-0500[m[2m | [m[2mBftProcessorExecutor-QBFT-0[m[2m | [m[32mINFO [m[2m | [m[2mQbftBesuControllerBuilder[m[2m | [m[32mImported empty block #132 / 0 tx / 0 pending / 0 (0.0%) gas / (0x3a3561e38405067da580288cb476762560659555b7b79ed57c25c5ea05f7d97c)
[m[2m2026-08-24 06:54:00.752-0500[m[2m | [m[2mBftProcessorExecutor-QBFT-0[m[2m | [m[32mINFO [m[2m | [m[2mQbftBesuControllerBuilder[m[2m | [m[32mImported block #133 / 1 tx / 0 pending / 48,256 (0.0%) gas / (0x60b7c9d0c21f436b3f19d2a749c0014570c7ba989fb4092da35f22442c4d14cc)
[m[2m2026-08-24 06:54:02.969-0500[m[2m | [m[2mBftProcessorExecutor-QBFT-0[m[2m | [m[32mINFO [m[2m | [m[2mQbftBesuControllerBuilder[m[2m | [m[32mImported block #134 / 1 tx / 0 pending / 48,256 (0.0%) gas / (0x67415f003695a030f33569ab1d602abe184ffd9e58f9c953bb78a07f47e489a6)
[m[2m2026-08-24 06:54:03.148-0500[m[2m | [m[2mEthScheduler-Workers-4[m[2m | [m[32mINFO [m[2m | [m[2mPersistBlockTask[m[2m | [m[32mBlock 134 (0x67415f003695a030f33569ab1d602abe184ffd9e58f9c953bb78a07f47e489a6) is already imported
[m[2m2026-08-24 06:54:05.256-0500[m[2m | [m[2mEthScheduler-Workers-6[m[2m | [m[32mINFO [m[2m | [m[2mPersistBlockTask[m[2m | [m[32mBlock 135 (0x54bc7e16362a9ccba5bfe89677f640c2b4d0fd6775596d92004b685b459273ba) is already imported
[m[2m2026-08-24 06:54:05.258-0500[m[2m | [m[2mBftProcessorExecutor-QBFT-0[m[2m | [m[32mINFO [m[2m | [m[2mQbftBesuControllerBuilder[m[2m | [m[32mImported block #135 / 1 tx / 0 pending / 16,144 (0.0%) gas / (0x54bc7e16362a9ccba5bfe89677f640c2b4d0fd6775596d92004b685b459273ba)
[m[2m2026-08-24 06:54:07.124-0500[m[2m | [m[2mEthScheduler-Workers-6[m[2m | [m[32mINFO [m[2m | [m[2mPersistBlockTask[m[2m | [m[32mBlock 136 (0x1b57fb1c2fc9e807735cb08f2754206861ba863aa91b2843732a09ef9d22668d) is already imported
[m[2m2026-08-24 06:54:07.122-0500[m[2m | [m[2mBftProcessorExecutor-QBFT-0[m[2m | [m[32mINFO [m[2m | [m[2mQbftBesuControllerBuilder[m[2m | [m[32mImported block #136 / 1 tx / 0 pending / 16,144 (0.0%) gas / (0x1b57fb1c2fc9e807735cb08f2754206861ba863aa91b2843732a09ef9d22668d)
[m[2m2026-08-24 06:54:09.044-0500[m[2m | [m[2mBftProcessorExecutor-QBFT-0[m[2m | [m[32mINFO [m[2m | [m[2mQbftBesuControllerBuilder[m[2m | [m[32mImported empty block #137 / 0 tx / 0 pending / 0 (0.0%) gas / (0xb163267f031b5a328e5b0a7b55aed0aff68c170e2aabeda3b263c4a9ce93a422)
[m[2m2026-08-24 06:54:10.740-0500[m[2m | [m[2mBftProcessorExecutor-QBFT-0[m[2m | [m[32mINFO [m[2m | [m[2mQbftBesuControllerBuilder[m[2m | [m[32mProduced empty block #138 / 0 tx / 0 pending / 0 (0.0%) gas / (0x4bde66f784bc062c06612d8514805ae71530bb727c3ef24130e0bf996d6fd8ad)
[m[2m2026-08-24 06:54:13.337-0500[m[2m | [m[2mBftProcessorExecutor-QBFT-0[m[2m | [m[32mINFO [m[2m | [m[2mQbftBesuControllerBuilder[m[2m | [m[32mImported empty block #139 / 0 tx / 0 pending / 0 (0.0%) gas / (0xc8974c10ff7706ef554e5fe03c11692be454175226967e9881f0182541e87a77)
[m[2m2026-08-24 06:54:13.423-0500[m[2m | [m[2mEthScheduler-Workers-7[m[2m | [m[32mINFO [m[2m | [m[2mPersistBlockTask[m[2m | [m[32mBlock 139 (0xc8974c10ff7706ef554e5fe03c11692be454175226967e9881f0182541e87a77) is already imported
[m[2m2026-08-24 06:54:14.764-0500[m[2m | [m[2mBftProcessorExecutor-QBFT-0[m[2m | [m[32mINFO [m[2m | [m[2mQbftBesuControllerBuilder[m[2m | [m[32mImported empty block #140 / 0 tx / 0 pending / 0 (0.0%) gas / (0xdb6e09058306ee026b487873038114ac0202079a81ea5de9e72bcc4c8098e9bc)
[m[2m2026-08-24 06:54:17.231-0500[m[2m | [m[2mBftProcessorExecutor-QBFT-0[m[2m | [m[32mINFO [m[2m | [m[2mQbftBesuControllerBuilder[m[2m | [m[32mImported block #141 / 1 tx / 0 pending / 48,256 (0.0%) gas / (0xfb83ed5f0e288fa83de5600e7107cee5a00e6e531e30087c9ddcdcee5eaeb3c5)
[m[2m2026-08-24 06:54:17.334-0500[m[2m | [m[2mEthScheduler-Workers-3[m[2m | [m[32mINFO [m[2m | [m[2mPersistBlockTask[m[2m | [m[32mBlock 141 (0xfb83ed5f0e288fa83de5600e7107cee5a00e6e531e30087c9ddcdcee5eaeb3c5) is already imported
[m[2m2026-08-24 06:54:18.899-0500[m[2m | [m[2mBftProcessorExecutor-QBFT-0[m[2m | [m[32mINFO [m[2m | [m[2mQbftBesuControllerBuilder[m[2m | [m[32mImported block #142 / 1 tx / 0 pending / 48,256 (0.0%) gas / (0xc565e382a8d6cef97f1c0b03511d9a9a6bd4cacacdf945b5d3f4f0395cd614ab)
[m[2m2026-08-24 06:54:19.008-0500[m[2m | [m[2mEthScheduler-Workers-7[m[2m | [m[32mINFO [m[2m | [m[2mPersistBlockTask[m[2m | [m[32mBlock 142 (0xc565e382a8d6cef97f1c0b03511d9a9a6bd4cacacdf945b5d3f4f0395cd614ab) is already imported
[m[2m2026-08-24 06:54:21.566-0500[m[2m | [m[2mBftProcessorExecutor-QBFT-0[m[2m | [m[32mINFO [m[2m | [m[2mQbftBesuControllerBuilder[m[2m | [m[32mImported block #143 / 1 tx / 0 pending / 16,144 (0.0%) gas / (0x960eee1454a13472693ad6710788cc81396268d8cbd809047b04e51aef1407b2)
[m[2m2026-08-24 06:54:23.167-0500[m[2m | [m[2mBftProcessorExecutor-QBFT-0[m[2m | [m[32mINFO [m[2m | [m[2mQbftBesuControllerBuilder[m[2m | [m[32mImported empty block #144 / 0 tx / 1 pending / 0 (0.0%) gas / (0x20ae6378f449ea269e5d4f1a65e705abe9a1641de68b1739d210d63152d166a7)
[m[2m2026-08-24 06:54:25.261-0500[m[2m | [m[2mEthScheduler-Workers-6[m[2m | [m[32mINFO [m[2m | [m[2mPersistBlockTask[m[2m | [m[32mBlock 145 (0x3850d72f40c79e98c7e692e9e158c575995e16260bb3b0721e9e8e05a3c3cf0b) is already imported
[m[2m2026-08-24 06:54:25.261-0500[m[2m | [m[2mBftProcessorExecutor-QBFT-0[m[2m | [m[32mINFO [m[2m | [m[2mQbftBesuControllerBuilder[m[2m | [m[32mProduced block #145 / 1 tx / 0 pending / 16,144 (0.0%) gas / (0x3850d72f40c79e98c7e692e9e158c575995e16260bb3b0721e9e8e05a3c3cf0b)
[m[2m2026-08-24 06:54:27.254-0500[m[2m | [m[2mBftProcessorExecutor-QBFT-0[m[2m | [m[32mINFO [m[2m | [m[2mQbftBesuControllerBuilder[m[2m | [m[32mImported empty block #146 / 0 tx / 0 pending / 0 (0.0%) gas / (0x4cfe52e59dc6a2ca9e589c14fb1f119a1e45bb61bfcc5776415caddbf99b56ae)
[m[2m2026-08-24 06:54:27.400-0500[m[2m | [m[2mEthScheduler-Workers-3[m[2m | [m[32mINFO [m[2m | [m[2mPersistBlockTask[m[2m | [m[32mBlock 146 (0x4cfe52e59dc6a2ca9e589c14fb1f119a1e45bb61bfcc5776415caddbf99b56ae) is already imported
[m[2m2026-08-24 06:54:29.052-0500[m[2m | [m[2mBftProcessorExecutor-QBFT-0[m[2m | [m[32mINFO [m[2m | [m[2mQbftBesuControllerBuilder[m[2m | [m[32mImported empty block #147 / 0 tx / 0 pending / 0 (0.0%) gas / (0x19a4ae7ab34296a3837d8363dcd2b51ee88ee14e9b4f25e5b366741f4160a675)
[m[2m2026-08-24 06:54:31.288-0500[m[2m | [m[2mBftProcessorExecutor-QBFT-0[m[2m | [m[32mINFO [m[2m | [m[2mQbftBesuControllerBuilder[m[2m | [m[32mImported empty block #148 / 0 tx / 0 pending / 0 (0.0%) gas / (0x35c70b6ec2cb5dc25104454b9d40d0fc5d7c5a272291ad9f81304ce2d16137b0)
[m[2m2026-08-24 06:54:33.598-0500[m[2m | [m[2mBftProcessorExecutor-QBFT-0[m[2m | [m[32mINFO [m[2m | [m[2mQbftBesuControllerBuilder[m[2m | [m[32mImported empty block #149 / 0 tx / 0 pending / 0 (0.0%) gas / (0xaa7e0eddc833904612e367235b0da9e43d1ecbd1c35ccbb2d94176eebd0d844a)
[m[2m2026-08-24 06:54:35.949-0500[m[2m | [m[2mBftProcessorExecutor-QBFT-0[m[2m | [m[32mINFO [m[2m | [m[2mQbftBesuControllerBuilder[m[2m | [m[32mImported empty block #150 / 0 tx / 0 pending / 0 (0.0%) gas / (0xe9eba9c69df7584e46729b870138f7b256e2c0bdf3f63848bfd4dcf001e49ea4)
[m[2m2026-08-24 06:54:36.286-0500[m[2m | [m[2mEthScheduler-Workers-0[m[2m | [m[32mINFO [m[2m | [m[2mPersistBlockTask[m[2m | [m[32mBlock 150 (0xe9eba9c69df7584e46729b870138f7b256e2c0bdf3f63848bfd4dcf001e49ea4) is already imported
[m[2m2026-08-24 06:54:37.741-0500[m[2m | [m[2mBftProcessorExecutor-QBFT-0[m[2m | [m[32mINFO [m[2m | [m[2mQbftBesuControllerBuilder[m[2m | [m[32mImported empty block #151 / 0 tx / 0 pending / 0 (0.0%) gas / (0x1983b3d2b4a825e9c740ddcfbdcd7905bdeb26e0b3912f35f95206c9b5b11ae8)
[m[2m2026-08-24 06:54:40.342-0500[m[2m | [m[2mBftProcessorExecutor-QBFT-0[m[2m | [m[32mINFO [m[2m | [m[2mQbftBesuControllerBuilder[m[2m | [m[32mProduced empty block #152 / 0 tx / 1 pending / 0 (0.0%) gas / (0xe3e71edc0ba3accb4b8f1328b9402993b7e044abe77b0c2d814f88c2065e1c6e)
[m[2m2026-08-24 06:54:40.344-0500[m[2m | [m[2mEthScheduler-Workers-5[m[2m | [m[32mINFO [m[2m | [m[2mPersistBlockTask[m[2m | [m[32mBlock 152 (0xe3e71edc0ba3accb4b8f1328b9402993b7e044abe77b0c2d814f88c2065e1c6e) is already imported
[m[2m2026-08-24 06:54:42.092-0500[m[2m | [m[2mBftProcessorExecutor-QBFT-0[m[2m | [m[32mINFO [m[2m | [m[2mQbftBesuControllerBuilder[m[2m | [m[32mImported block #153 / 1 tx / 0 pending / 48,256 (0.0%) gas / (0x6f11f74111f5d4af39afe0e2559cb8635ac475387f7fea85ef4250b3f9ec608b)
[m[2m2026-08-24 06:54:42.119-0500[m[2m | [m[2mEthScheduler-Workers-1[m[2m | [m[32mINFO [m[2m | [m[2mPersistBlockTask[m[2m | [m[32mBlock 153 (0x6f11f74111f5d4af39afe0e2559cb8635ac475387f7fea85ef4250b3f9ec608b) is already imported
[m[2m2026-08-24 06:54:43.452-0500[m[2m | [m[2mBftProcessorExecutor-QBFT-0[m[2m | [m[32mINFO [m[2m | [m[2mQbftBesuControllerBuilder[m[2m | [m[32mImported empty block #154 / 0 tx / 1 pending / 0 (0.0%) gas / (0x10645b69844542ceb0fe3c646e2e232a4a99b53e754ec3fba4dd0576c4cb3096)
[m[2m2026-08-24 06:54:45.296-0500[m[2m | [m[2mBftProcessorExecutor-QBFT-0[m[2m | [m[32mINFO [m[2m | [m[2mQbftBesuControllerBuilder[m[2m | [m[32mImported block #155 / 1 tx / 0 pending / 48,256 (0.0%) gas / (0xaca869cfe66a8a6c5bad23145ba1a59ce9602e6b5ee4d02b4ad5e76809273975)
[m[2m2026-08-24 06:54:47.428-0500[m[2m | [m[2mBftProcessorExecutor-QBFT-0[m[2m | [m[32mINFO [m[2m | [m[2mQbftBesuControllerBuilder[m[2m | [m[32mImported empty block #156 / 0 tx / 1 pending / 0 (0.0%) gas / (0x3e0e9da8b3956ba00a4fab050045a5eefd6021bb54e0ee66c056986ffa0e45a7)
[m[2m2026-08-24 06:54:47.615-0500[m[2m | [m[2mEthScheduler-Workers-4[m[2m | [m[32mINFO [m[2m | [m[2mPersistBlockTask[m[2m | [m[32mBlock 156 (0x3e0e9da8b3956ba00a4fab050045a5eefd6021bb54e0ee66c056986ffa0e45a7) is already imported
[m[2m2026-08-24 06:54:49.333-0500[m[2m | [m[2mEthScheduler-Workers-2[m[2m | [m[32mINFO [m[2m | [m[2mPersistBlockTask[m[2m | [m[32mBlock 157 (0x3ea06949f8e54c37ec545e2033fd68c9ec255e833d57d78a808b89a9a5c58c1a) is already imported
[m[2m2026-08-24 06:54:49.333-0500[m[2m | [m[2mBftProcessorExecutor-QBFT-0[m[2m | [m[32mINFO [m[2m | [m[2mQbftBesuControllerBuilder[m[2m | [m[32mImported block #157 / 1 tx / 0 pending / 16,144 (0.0%) gas / (0x3ea06949f8e54c37ec545e2033fd68c9ec255e833d57d78a808b89a9a5c58c1a)
[m[2m2026-08-24 06:54:51.127-0500[m[2m | [m[2mBftProcessorExecutor-QBFT-0[m[2m | [m[32mINFO [m[2m | [m[2mQbftBesuControllerBuilder[m[2m | [m[32mImported block #158 / 1 tx / 0 pending / 16,144 (0.0%) gas / (0xac88cc4103cc30765d5e186634e0879a04687e263f8fe34bcd1426dc928a17e4)
[m[2m2026-08-24 06:54:53.028-0500[m[2m | [m[2mBftProcessorExecutor-QBFT-0[m[2m | [m[32mINFO [m[2m | [m[2mQbftBesuControllerBuilder[m[2m | [m[32mProduced empty block #159 / 0 tx / 0 pending / 0 (0.0%) gas / (0x65b5f8f4a1d0725dc1170072de34068e6a73dcb0774ed1cb78672e51fd571597)
[m[2m2026-08-24 06:54:55.943-0500[m[2m | [m[2mEthScheduler-Workers-1[m[2m | [m[32mINFO [m[2m | [m[2mPersistBlockTask[m[2m | [m[32mImported empty block #160 / 0 tx / 0 om / 0 (0.0%) gas / (0xdeb69416e375bddac2026f9981e4cf366c2627eb4f21dcfaba8c98ae275b3547) in 0.000s. Peers: 6
[m[2m2026-08-24 06:54:57.475-0500[m[2m | [m[2mEthScheduler-Workers-5[m[2m | [m[32mINFO [m[2m | [m[2mPersistBlockTask[m[2m | [m[32mImported empty block #161 / 0 tx / 0 om / 0 (0.0%) gas / (0x055c15683ae4ee23beded126c41be128b66791927c7afbbee1f29c94afefb5f2) in 0.000s. Peers: 6
[m[2m2026-08-24 06:54:59.742-0500[m[2m | [m[2mEthScheduler-Workers-3[m[2m | [m[32mINFO [m[2m | [m[2mPersistBlockTask[m[2m | [m[32mImported empty block #162 / 0 tx / 0 om / 0 (0.0%) gas / (0x75e478872b1178029318825f84a321aaef6f103323b93e67daeb34a67cd2a210) in 0.000s. Peers: 6
[m[2m2026-08-24 06:55:01.600-0500[m[2m | [m[2mEthScheduler-Workers-0[m[2m | [m[32mINFO [m[2m | [m[2mPersistBlockTask[m[2m | [m[32mImported empty block #163 / 0 tx / 0 om / 0 (0.0%) gas / (0x1cecc89e84cb89eac8ee862ca832b2ef486cce084f7efc43746b97dfc7209b34) in 0.000s. Peers: 6
[m[2m2026-08-24 06:55:03.687-0500[m[2m | [m[2mBftProcessorExecutor-QBFT-0[m[2m | [m[32mINFO [m[2m | [m[2mQbftBesuControllerBuilder[m[2m | [m[32mImported empty block #164 / 0 tx / 0 pending / 0 (0.0%) gas / (0x18951d19c112fe371819cb8d533bb53fb507531006fc470a50c71c253d3b15f8)
[m[2m2026-08-24 06:55:05.212-0500[m[2m | [m[2mBftProcessorExecutor-QBFT-0[m[2m | [m[32mINFO [m[2m | [m[2mQbftBesuControllerBuilder[m[2m | [m[32mImported empty block #165 / 0 tx / 0 pending / 0 (0.0%) gas / (0xbb8bdb509871683feb320b5517020f14b3535b8dfe576937b00ab39a4a39337f)
[m[2m2026-08-24 06:55:07.041-0500[m[2m | [m[2mEthScheduler-Workers-4[m[2m | [m[32mINFO [m[2m | [m[2mPersistBlockTask[m[2m | [m[32mImported empty block #166 / 0 tx / 0 om / 0 (0.0%) gas / (0x96298af8b1b89976d3ebb0f9dfcf7aa1d5dc08d0df2c76a8ac1a2eb06ea1020d) in 0.000s. Peers: 6
[m[2m2026-08-24 06:55:08.713-0500[m[2m | [m[2mBftProcessorExecutor-QBFT-0[m[2m | [m[32mINFO [m[2m | [m[2mQbftBesuControllerBuilder[m[2m | [m[32mImported block #167 / 1 tx / 0 pending / 48,256 (0.0%) gas / (0xc53eeaba10b7365915df9ad34214b8f1d8cd202ddfc020e06f9979a1ab7093c4)
[m[2m2026-08-24 06:55:08.708-0500[m[2m | [m[2mEthScheduler-Workers-2[m[2m | [m[32mINFO [m[2m | [m[2mPersistBlockTask[m[2m | [m[32mBlock 167 (0xc53eeaba10b7365915df9ad34214b8f1d8cd202ddfc020e06f9979a1ab7093c4) is already imported
[m[2m2026-08-24 06:55:10.580-0500[m[2m | [m[2mBftProcessorExecutor-QBFT-0[m[2m | [m[32mINFO [m[2m | [m[2mQbftBesuControllerBuilder[m[2m | [m[32mImported block #168 / 1 tx / 0 pending / 48,256 (0.0%) gas / (0x8d044416894340d1b49e05a11c3d0e25edf8fd4269de0ac59631d0b1dfdfd8ae)
[m[2m2026-08-24 06:55:10.587-0500[m[2m | [m[2mEthScheduler-Workers-1[m[2m | [m[32mINFO [m[2m | [m[2mPersistBlockTask[m[2m | [m[32mBlock 168 (0x8d044416894340d1b49e05a11c3d0e25edf8fd4269de0ac59631d0b1dfdfd8ae) is already imported
[m[2m2026-08-24 06:55:12.695-0500[m[2m | [m[2mBftProcessorExecutor-QBFT-0[m[2m | [m[32mINFO [m[2m | [m[2mQbftBesuControllerBuilder[m[2m | [m[32mImported block #169 / 1 tx / 0 pending / 16,144 (0.0%) gas / (0xef9980a07fd6616f00b143d023b08c10366c30a13741637acc1c8a593a0a77ba)
[m[2m2026-08-24 06:55:14.495-0500[m[2m | [m[2mEthScheduler-Workers-0[m[2m | [m[32mINFO [m[2m | [m[2mPersistBlockTask[m[2m | [m[32mImported block #170 / 1 tx / 0 om / 16,144 (0.0%) gas / (0x52074f3d1290deb7bb86e99cc652fff220bdb36f1c12d18a46efc3ab71b9c4cd) in 0.000s. Peers: 6
[m[2m2026-08-24 06:55:14.520-0500[m[2m | [m[2mBftProcessorExecutor-QBFT-0[m[2m | [m[32mINFO [m[2m | [m[2mQbftBesuControllerBuilder[m[2m | [m[32mImported block #170 / 1 tx / 0 pending / 16,144 (0.0%) gas / (0x52074f3d1290deb7bb86e99cc652fff220bdb36f1c12d18a46efc3ab71b9c4cd)
[m[2m2026-08-24 06:55:16.625-0500[m[2m | [m[2mBftProcessorExecutor-QBFT-0[m[2m | [m[32mINFO [m[2m | [m[2mQbftBesuControllerBuilder[m[2m | [m[32mImported empty block #171 / 0 tx / 0 pending / 0 (0.0%) gas / (0x5a68ea6a4fd58745ba50e4a87ca95df27acba282bdd442574601735d36db1037)
[m[2m2026-08-24 06:55:18.571-0500[m[2m | [m[2mBftProcessorExecutor-QBFT-0[m[2m | [m[32mINFO [m[2m | [m[2mQbftBesuControllerBuilder[m[2m | [m[32mImported empty block #172 / 0 tx / 0 pending / 0 (0.0%) gas / (0xe08ae1a92648b21d5116b9a84baf5ae7e836f3fb58484e18aad9a92694ab6bdc)
[m[2m2026-08-24 06:55:18.716-0500[m[2m | [m[2mEthScheduler-Workers-7[m[2m | [m[32mINFO [m[2m | [m[2mPersistBlockTask[m[2m | [m[32mBlock 172 (0xe08ae1a92648b21d5116b9a84baf5ae7e836f3fb58484e18aad9a92694ab6bdc) is already imported
[m[2m2026-08-24 06:55:21.334-0500[m[2m | [m[2mEthScheduler-Workers-6[m[2m | [m[32mINFO [m[2m | [m[2mPersistBlockTask[m[2m | [m[32mImported empty block #173 / 0 tx / 0 om / 0 (0.0%) gas / (0x241e56658e47c5442ddc8b6a507aad1495b3e1966acc27df5d52c01dd72f0ccc) in 0.000s. Peers: 6
[m[2m2026-08-24 06:55:22.980-0500[m[2m | [m[2mEthScheduler-Workers-2[m[2m | [m[32mINFO [m[2m | [m[2mPersistBlockTask[m[2m | [m[32mBlock 174 (0xfe41df0f0fa07a824954f83501408e6605f9f748a110bd45a853bdddae202986) is already imported
[m[2m2026-08-24 06:55:22.987-0500[m[2m | [m[2mBftProcessorExecutor-QBFT-0[m[2m | [m[32mINFO [m[2m | [m[2mQbftBesuControllerBuilder[m[2m | [m[32mImported block #174 / 1 tx / 0 pending / 48,256 (0.0%) gas / (0xfe41df0f0fa07a824954f83501408e6605f9f748a110bd45a853bdddae202986)
[m[2m2026-08-24 06:55:24.786-0500[m[2m | [m[2mEthScheduler-Workers-6[m[2m | [m[32mINFO [m[2m | [m[2mPersistBlockTask[m[2m | [m[32mImported block #175 / 1 tx / 0 om / 48,256 (0.0%) gas / (0x6edaf971b867850e80658a7b8c3d14c9fc913720b35741541ac2732cc3836a30) in 0.000s. Peers: 6
[m[2m2026-08-24 06:55:26.796-0500[m[2m | [m[2mEthScheduler-Workers-2[m[2m | [m[32mINFO [m[2m | [m[2mPersistBlockTask[m[2m | [m[32mBlock 176 (0x1f72122eff0312b3a4e89cfe6c42103cdfe18d2f3835da81ff0aa01d06edca65) is already imported
[m[2m2026-08-24 06:55:26.797-0500[m[2m | [m[2mBftProcessorExecutor-QBFT-0[m[2m | [m[32mINFO [m[2m | [m[2mQbftBesuControllerBuilder[m[2m | [m[32mImported block #176 / 1 tx / 0 pending / 16,144 (0.0%) gas / (0x1f72122eff0312b3a4e89cfe6c42103cdfe18d2f3835da81ff0aa01d06edca65)
[m[2m2026-08-24 06:55:28.637-0500[m[2m | [m[2mBftProcessorExecutor-QBFT-0[m[2m | [m[32mINFO [m[2m | [m[2mQbftBesuControllerBuilder[m[2m | [m[32mImported block #177 / 1 tx / 0 pending / 16,144 (0.0%) gas / (0x01c77fd183c579882db152ffb2ed8f6aa0f9d92d9193b9b4873892fa0524bbdb)
[m[2m2026-08-24 06:55:30.873-0500[m[2m | [m[2mBftProcessorExecutor-QBFT-0[m[2m | [m[32mINFO [m[2m | [m[2mQbftBesuControllerBuilder[m[2m | [m[32mImported empty block #178 / 0 tx / 0 pending / 0 (0.0%) gas / (0xbcc777b1b63acb468a276c544a0ad7b2fc084c02f4d7264bb0efa0935ee63b74)
[m[2m2026-08-24 06:55:30.873-0500[m[2m | [m[2mEthScheduler-Workers-6[m[2m | [m[32mINFO [m[2m | [m[2mPersistBlockTask[m[2m | [m[32mImported empty block #178 / 0 tx / 0 om / 0 (0.0%) gas / (0xbcc777b1b63acb468a276c544a0ad7b2fc084c02f4d7264bb0efa0935ee63b74) in 0.000s. Peers: 6
[m[2m2026-08-24 06:55:32.628-0500[m[2m | [m[2mBftProcessorExecutor-QBFT-0[m[2m | [m[32mINFO [m[2m | [m[2mQbftBesuControllerBuilder[m[2m | [m[32mImported empty block #179 / 0 tx / 0 pending / 0 (0.0%) gas / (0x2775866840003815a6497c7c30e3ae41af1c3d2755504e13a43a0ae31d0e5098)
[m[2m2026-08-24 06:55:32.696-0500[m[2m | [m[2mEthScheduler-Workers-7[m[2m | [m[32mINFO [m[2m | [m[2mPersistBlockTask[m[2m | [m[32mBlock 179 (0x2775866840003815a6497c7c30e3ae41af1c3d2755504e13a43a0ae31d0e5098) is already imported
[m[2m2026-08-24 06:55:34.749-0500[m[2m | [m[2mEthScheduler-Workers-4[m[2m | [m[32mINFO [m[2m | [m[2mPersistBlockTask[m[2m | [m[32mImported empty block #180 / 0 tx / 0 om / 0 (0.0%) gas / (0x35b512a8515cc03d8c36027dba230d36e01df81c03491a661d810a01ee3a192d) in 0.000s. Peers: 6
[m[2m2026-08-24 06:55:36.645-0500[m[2m | [m[2mBftProcessorExecutor-QBFT-0[m[2m | [m[32mINFO [m[2m | [m[2mQbftBesuControllerBuilder[m[2m | [m[32mImported block #181 / 1 tx / 0 pending / 48,256 (0.0%) gas / (0x434b9de47f1b9a1184cf81731c0fa5d2889ea76fc7f8929a0599f09608f98915)
[m[2m2026-08-24 06:55:36.736-0500[m[2m | [m[2mEthScheduler-Workers-0[m[2m | [m[32mINFO [m[2m | [m[2mPersistBlockTask[m[2m | [m[32mBlock 181 (0x434b9de47f1b9a1184cf81731c0fa5d2889ea76fc7f8929a0599f09608f98915) is already imported
[m[2m2026-08-24 06:55:38.736-0500[m[2m | [m[2mBftProcessorExecutor-QBFT-0[m[2m | [m[32mINFO [m[2m | [m[2mQbftBesuControllerBuilder[m[2m | [m[32mImported block #182 / 1 tx / 0 pending / 48,256 (0.0%) gas / (0x17f366b4f1e0ee9f6534f5b77b91a42733ab1f5d59551be8439f1b1a083f80c0)
[m[2m2026-08-24 06:55:40.771-0500[m[2m | [m[2mEthScheduler-Workers-3[m[2m | [m[32mINFO [m[2m | [m[2mPersistBlockTask[m[2m | [m[32mImported block #183 / 1 tx / 0 om / 16,144 (0.0%) gas / (0x3d4e90e9b47773556a6bb71fe5410e4210b829cdafcf69dec0db02e8a478f332) in 0.000s. Peers: 6
[m[2m2026-08-24 06:55:42.804-0500[m[2m | [m[2mBftProcessorExecutor-QBFT-0[m[2m | [m[32mINFO [m[2m | [m[2mQbftBesuControllerBuilder[m[2m | [m[32mImported block #184 / 1 tx / 0 pending / 16,144 (0.0%) gas / (0xb503e6c7738568ccba59e6d72ad4667568047fc8cf2caf69b9a842b6a6d8557a)
[m[2m2026-08-24 06:55:45.104-0500[m[2m | [m[2mBftProcessorExecutor-QBFT-0[m[2m | [m[32mINFO [m[2m | [m[2mQbftBesuControllerBuilder[m[2m | [m[32mImported empty block #185 / 0 tx / 0 pending / 0 (0.0%) gas / (0xb092d7422f06394428a4fc277841308f95c1a406d70c29b88219e7cdad519430)
[m[2m2026-08-24 06:55:47.118-0500[m[2m | [m[2mBftProcessorExecutor-QBFT-0[m[2m | [m[32mINFO [m[2m | [m[2mQbftBesuControllerBuilder[m[2m | [m[32mImported empty block #186 / 0 tx / 0 pending / 0 (0.0%) gas / (0xd52fe4787de850b4fff629d8636d76729209391cf05a53bd7edeb1d24063202c)
[m[2m2026-08-24 06:55:49.389-0500[m[2m | [m[2mBftProcessorExecutor-QBFT-0[m[2m | [m[32mINFO [m[2m | [m[2mQbftBesuControllerBuilder[m[2m | [m[32mProduced empty block #187 / 0 tx / 0 pending / 0 (0.0%) gas / (0x19e9ab49e1be3f7bc32a4da1607920aec48d0bf741a3bc5737685926bcc20ddd)
[m[2m2026-08-24 06:55:51.365-0500[m[2m | [m[2mEthScheduler-Workers-7[m[2m | [m[32mINFO [m[2m | [m[2mPersistBlockTask[m[2m | [m[32mImported empty block #188 / 0 tx / 0 om / 0 (0.0%) gas / (0x4063a8d502b581248d50ef08bf07520a46f85d665d20c32feb2e5fd168ff67d2) in 0.000s. Peers: 6
[m[2m2026-08-24 06:55:53.079-0500[m[2m | [m[2mBftProcessorExecutor-QBFT-0[m[2m | [m[32mINFO [m[2m | [m[2mQbftBesuControllerBuilder[m[2m | [m[32mImported empty block #189 / 0 tx / 0 pending / 0 (0.0%) gas / (0x715d76b9db1024326ec8a67afecb4f2496e8f2cb37c8a8f43b4d41e1c48e14d8)
[m[2m2026-08-24 06:55:53.151-0500[m[2m | [m[2mEthScheduler-Workers-0[m[2m | [m[32mINFO [m[2m | [m[2mPersistBlockTask[m[2m | [m[32mBlock 189 (0x715d76b9db1024326ec8a67afecb4f2496e8f2cb37c8a8f43b4d41e1c48e14d8) is already imported
[m[2m2026-08-24 06:55:54.947-0500[m[2m | [m[2mBftProcessorExecutor-QBFT-0[m[2m | [m[32mINFO [m[2m | [m[2mQbftBesuControllerBuilder[m[2m | [m[32mImported empty block #190 / 0 tx / 0 pending / 0 (0.0%) gas / (0x7db30db9a1b54c34dac14c600de6a19d275779bb2ac7ab4a3a857f7d958f46c9)
[m[2m2026-08-24 06:55:57.123-0500[m[2m | [m[2mBftProcessorExecutor-QBFT-0[m[2m | [m[32mINFO [m[2m | [m[2mQbftBesuControllerBuilder[m[2m | [m[32mImported empty block #191 / 0 tx / 0 pending / 0 (0.0%) gas / (0xecb931542282b7bd78df78f50a916b821ccb78925d1901ba1330d202a0d3392d)
[m[2m2026-08-24 06:55:57.248-0500[m[2m | [m[2mEthScheduler-Workers-5[m[2m | [m[32mINFO [m[2m | [m[2mPersistBlockTask[m[2m | [m[32mBlock 191 (0xecb931542282b7bd78df78f50a916b821ccb78925d1901ba1330d202a0d3392d) is already imported
[m[2m2026-08-24 06:55:58.751-0500[m[2m | [m[2mBftProcessorExecutor-QBFT-0[m[2m | [m[32mINFO [m[2m | [m[2mQbftBesuControllerBuilder[m[2m | [m[32mImported block #192 / 1 tx / 0 pending / 48,256 (0.0%) gas / (0x2005e5b8dd524247be7fe5323658a4e5e38105805671e443964ee7864e9c9547)
[m[2m2026-08-24 06:55:58.773-0500[m[2m | [m[2mEthScheduler-Workers-2[m[2m | [m[32mINFO [m[2m | [m[2mPersistBlockTask[m[2m | [m[32mBlock 192 (0x2005e5b8dd524247be7fe5323658a4e5e38105805671e443964ee7864e9c9547) is already imported
[m[2m2026-08-24 06:56:00.815-0500[m[2m | [m[2mBftProcessorExecutor-QBFT-0[m[2m | [m[32mINFO [m[2m | [m[2mQbftBesuControllerBuilder[m[2m | [m[32mImported block #193 / 1 tx / 0 pending / 48,256 (0.0%) gas / (0xddb5469aa0791753551df33d376fa5c7e3f077151ecfdd4e707da48b7913d53f)
[m[2m2026-08-24 06:56:00.815-0500[m[2m | [m[2mEthScheduler-Workers-1[m[2m | [m[32mINFO [m[2m | [m[2mPersistBlockTask[m[2m | [m[32mImported block #193 / 1 tx / 0 om / 48,256 (0.0%) gas / (0xddb5469aa0791753551df33d376fa5c7e3f077151ecfdd4e707da48b7913d53f) in 0.000s. Peers: 6
[m[2m2026-08-24 06:56:02.916-0500[m[2m | [m[2mBftProcessorExecutor-QBFT-0[m[2m | [m[32mINFO [m[2m | [m[2mQbftBesuControllerBuilder[m[2m | [m[32mProduced block #194 / 1 tx / 0 pending / 16,144 (0.0%) gas / (0xe9c15db2fa613ecb34d463692abba9aa5d2bf2f3a48380c4376ae468b05eba7d)
[m[2m2026-08-24 06:56:05.008-0500[m[2m | [m[2mEthScheduler-Workers-6[m[2m | [m[32mINFO [m[2m | [m[2mPersistBlockTask[m[2m | [m[32mBlock 195 (0xe6fbbc7fc3cdf13629e702777f298672e8feaacf4eae8d5d2db7c1f43bfbd495) is already imported
[m[2m2026-08-24 06:56:05.009-0500[m[2m | [m[2mBftProcessorExecutor-QBFT-0[m[2m | [m[32mINFO [m[2m | [m[2mQbftBesuControllerBuilder[m[2m | [m[32mImported block #195 / 1 tx / 1 pending / 16,144 (0.0%) gas / (0xe6fbbc7fc3cdf13629e702777f298672e8feaacf4eae8d5d2db7c1f43bfbd495)
[m[2m2026-08-24 06:56:06.719-0500[m[2m | [m[2mBftProcessorExecutor-QBFT-0[m[2m | [m[32mINFO [m[2m | [m[2mQbftBesuControllerBuilder[m[2m | [m[32mImported empty block #196 / 0 tx / 0 pending / 0 (0.0%) gas / (0xd179b76a1b8b874ad36aac915b377f6555f90adb023ea7669ca4bface2db4ee5)
[m[2m2026-08-24 06:56:06.862-0500[m[2m | [m[2mEthScheduler-Workers-3[m[2m | [m[32mINFO [m[2m | [m[2mPersistBlockTask[m[2m | [m[32mBlock 196 (0xd179b76a1b8b874ad36aac915b377f6555f90adb023ea7669ca4bface2db4ee5) is already imported
[m[2m2026-08-24 06:56:08.736-0500[m[2m | [m[2mBftProcessorExecutor-QBFT-0[m[2m | [m[32mINFO [m[2m | [m[2mQbftBesuControllerBuilder[m[2m | [m[32mImported empty block #197 / 0 tx / 0 pending / 0 (0.0%) gas / (0x6e9d9a2c9629059d2ad6598e3787dbd6b5e92beb6763370cf22122e42b76134f)
[m[2m2026-08-24 06:56:10.606-0500[m[2m | [m[2mBftProcessorExecutor-QBFT-0[m[2m | [m[32mINFO [m[2m | [m[2mQbftBesuControllerBuilder[m[2m | [m[32mImported empty block #198 / 0 tx / 0 pending / 0 (0.0%) gas / (0x94b02e24f304fab5393dbbb4737051d963fc1fffdc7916e3109896ec89a8fea8)
[m[2m2026-08-24 06:56:12.470-0500[m[2m | [m[2mBftProcessorExecutor-QBFT-0[m[2m | [m[32mINFO [m[2m | [m[2mQbftBesuControllerBuilder[m[2m | [m[32mImported empty block #199 / 0 tx / 0 pending / 0 (0.0%) gas / (0x8846825e1fe51530fa63b15e76ddad08ea6d5e3a708188305ac3fc1f7fa93275)
[m[2m2026-08-24 06:56:14.778-0500[m[2m | [m[2mBftProcessorExecutor-QBFT-0[m[2m | [m[32mINFO [m[2m | [m[2mQbftBesuControllerBuilder[m[2m | [m[32mImported block #200 / 1 tx / 0 pending / 48,256 (0.0%) gas / (0x91b38c923dde1023b3e75db9e31cdfac220764b1eae116465c7d77256e5eaac4)
[m[2m2026-08-24 06:56:14.794-0500[m[2m | [m[2mEthScheduler-Workers-3[m[2m | [m[32mINFO [m[2m | [m[2mPersistBlockTask[m[2m | [m[32mBlock 200 (0x91b38c923dde1023b3e75db9e31cdfac220764b1eae116465c7d77256e5eaac4) is already imported
[m[2m2026-08-24 06:56:16.624-0500[m[2m | [m[2mBftProcessorExecutor-QBFT-0[m[2m | [m[32mINFO [m[2m | [m[2mQbftBesuControllerBuilder[m[2m | [m[32mProduced block #201 / 1 tx / 0 pending / 48,256 (0.0%) gas / (0x61aa4f06fc976e08610472880c5e18911d403c937a71258e66f61b3ed0cd70ae)
[m[2m2026-08-24 06:56:18.609-0500[m[2m | [m[2mBftProcessorExecutor-QBFT-0[m[2m | [m[32mINFO [m[2m | [m[2mQbftBesuControllerBuilder[m[2m | [m[32mImported block #202 / 1 tx / 1 pending / 16,144 (0.0%) gas / (0x7f20bd82c8202d2e4c2a60525fa6fd15909075101880ba7678dc333edafe0dca)
[m[2m2026-08-24 06:56:20.606-0500[m[2m | [m[2mBftProcessorExecutor-QBFT-0[m[2m | [m[32mINFO [m[2m | [m[2mQbftBesuControllerBuilder[m[2m | [m[32mImported block #203 / 1 tx / 1 pending / 16,144 (0.0%) gas / (0x59e941e352cfd3e733fd7c1125f2605b0398f30d259a70695aca17d62eabfa30)
[m[2m2026-08-24 06:56:20.607-0500[m[2m | [m[2mEthScheduler-Workers-1[m[2m | [m[32mINFO [m[2m | [m[2mPersistBlockTask[m[2m | [m[32mBlock 203 (0x59e941e352cfd3e733fd7c1125f2605b0398f30d259a70695aca17d62eabfa30) is already imported
[m[2m2026-08-24 06:56:22.594-0500[m[2m | [m[2mBftProcessorExecutor-QBFT-0[m[2m | [m[32mINFO [m[2m | [m[2mQbftBesuControllerBuilder[m[2m | [m[32mImported empty block #204 / 0 tx / 0 pending / 0 (0.0%) gas / (0xf37665095e71e953eac135db2e8ef99affc636882db1a552ae54392467ae4b47)
[m[2m2026-08-24 06:56:24.640-0500[m[2m | [m[2mBftProcessorExecutor-QBFT-0[m[2m | [m[32mINFO [m[2m | [m[2mQbftBesuControllerBuilder[m[2m | [m[32mImported empty block #205 / 0 tx / 0 pending / 0 (0.0%) gas / (0xa11d2d22e103e0e9f5545cf5c67b5a5a42a9037500e8b578ea7c99cc410c950b)
[m[2m2026-08-24 06:56:26.676-0500[m[2m | [m[2mBftProcessorExecutor-QBFT-0[m[2m | [m[32mINFO [m[2m | [m[2mQbftBesuControllerBuilder[m[2m | [m[32mImported empty block #206 / 0 tx / 0 pending / 0 (0.0%) gas / (0xe3e208a93afa2df923fc0143c5aeba0bb7ea607a41092de6a0510f7a8144bc01)
[m[2m2026-08-24 06:56:28.758-0500[m[2m | [m[2mBftProcessorExecutor-QBFT-0[m[2m | [m[32mINFO [m[2m | [m[2mQbftBesuControllerBuilder[m[2m | [m[32mImported block #207 / 1 tx / 1 pending / 48,256 (0.0%) gas / (0x23cd215c498696b212f6dfaf62082b9b0e8aca05fe04a7804187818d049de628)
[m[2m2026-08-24 06:56:30.747-0500[m[2m | [m[2mBftProcessorExecutor-QBFT-0[m[2m | [m[32mINFO [m[2m | [m[2mQbftBesuControllerBuilder[m[2m | [m[32mProduced block #208 / 1 tx / 0 pending / 48,256 (0.0%) gas / (0xc7d9e06905ec3b26db6e6dd8905d65c31b5f22720d392f4a0536f487ace662d2)
[m[2m2026-08-24 06:56:30.796-0500[m[2m | [m[2mEthScheduler-Workers-7[m[2m | [m[32mINFO [m[2m | [m[2mPersistBlockTask[m[2m | [m[32mBlock 208 (0xc7d9e06905ec3b26db6e6dd8905d65c31b5f22720d392f4a0536f487ace662d2) is already imported
[m[2m2026-08-24 06:56:32.635-0500[m[2m | [m[2mBftProcessorExecutor-QBFT-0[m[2m | [m[32mINFO [m[2m | [m[2mQbftBesuControllerBuilder[m[2m | [m[32mImported block #209 / 1 tx / 1 pending / 16,144 (0.0%) gas / (0x415e76afe52ab8dcc5ace21db7c236a1c1097b07d5ca61b2afbc7b2b4103a7e9)
[m[2m2026-08-24 06:56:34.614-0500[m[2m | [m[2mBftProcessorExecutor-QBFT-0[m[2m | [m[32mINFO [m[2m | [m[2mQbftBesuControllerBuilder[m[2m | [m[32mImported block #210 / 1 tx / 1 pending / 16,144 (0.0%) gas / (0x4bd943bce7734fa4b00a16f3bd30d20bb0771bf28fe32a29825df8d9b52dfc0c)
[m[2m2026-08-24 06:56:34.628-0500[m[2m | [m[2mEthScheduler-Workers-6[m[2m | [m[32mINFO [m[2m | [m[2mPersistBlockTask[m[2m | [m[32mBlock 210 (0x4bd943bce7734fa4b00a16f3bd30d20bb0771bf28fe32a29825df8d9b52dfc0c) is already imported
[m[2m2026-08-24 06:56:36.737-0500[m[2m | [m[2mBftProcessorExecutor-QBFT-0[m[2m | [m[32mINFO [m[2m | [m[2mQbftBesuControllerBuilder[m[2m | [m[32mImported empty block #211 / 0 tx / 0 pending / 0 (0.0%) gas / (0x75ceafdadb1c4bf2522f6363c8f52417c5705cdd9a56d380a0be899924b6d4c5)
[m[2m2026-08-24 06:56:36.739-0500[m[2m | [m[2mEthScheduler-Workers-5[m[2m | [m[32mINFO [m[2m | [m[2mPersistBlockTask[m[2m | [m[32mBlock 211 (0x75ceafdadb1c4bf2522f6363c8f52417c5705cdd9a56d380a0be899924b6d4c5) is already imported
[m[2m2026-08-24 06:56:38.537-0500[m[2m | [m[2mBftProcessorExecutor-QBFT-0[m[2m | [m[32mINFO [m[2m | [m[2mQbftBesuControllerBuilder[m[2m | [m[32mImported empty block #212 / 0 tx / 0 pending / 0 (0.0%) gas / (0x6bab4e58d7c1814d7f80373fedba4561f96ee3b221dcd6d1c7c86c49a918ab1e)
[m[2m2026-08-24 06:56:40.835-0500[m[2m | [m[2mBftProcessorExecutor-QBFT-0[m[2m | [m[32mINFO [m[2m | [m[2mQbftBesuControllerBuilder[m[2m | [m[32mImported empty block #213 / 0 tx / 0 pending / 0 (0.0%) gas / (0xb5696e43a012395cd81ea54ecc5671d210157bb52bdb52c106ce9432ac9c8860)
[m[2m2026-08-24 06:56:40.905-0500[m[2m | [m[2mEthScheduler-Workers-3[m[2m | [m[32mINFO [m[2m | [m[2mPersistBlockTask[m[2m | [m[32mBlock 213 (0xb5696e43a012395cd81ea54ecc5671d210157bb52bdb52c106ce9432ac9c8860) is already imported
[m[2m2026-08-24 06:56:42.617-0500[m[2m | [m[2mBftProcessorExecutor-QBFT-0[m[2m | [m[32mINFO [m[2m | [m[2mQbftBesuControllerBuilder[m[2m | [m[32mImported block #214 / 1 tx / 1 pending / 48,256 (0.0%) gas / (0x36ab216f620291188309e9b84ec3949d01466f635040e1ca8456493cec923ddc)
[m[2m2026-08-24 06:56:44.568-0500[m[2m | [m[2mBftProcessorExecutor-QBFT-0[m[2m | [m[32mINFO [m[2m | [m[2mQbftBesuControllerBuilder[m[2m | [m[32mProduced block #215 / 1 tx / 0 pending / 48,256 (0.0%) gas / (0x255651d3de14ddbc50ac7aa11908dacabbf81b3f789ad588fe941ed9964dda89)
[m[2m2026-08-24 06:56:44.568-0500[m[2m | [m[2mEthScheduler-Workers-5[m[2m | [m[32mINFO [m[2m | [m[2mPersistBlockTask[m[2m | [m[32mBlock 215 (0x255651d3de14ddbc50ac7aa11908dacabbf81b3f789ad588fe941ed9964dda89) is already imported
[m[2m2026-08-24 06:56:46.663-0500[m[2m | [m[2mBftProcessorExecutor-QBFT-0[m[2m | [m[32mINFO [m[2m | [m[2mQbftBesuControllerBuilder[m[2m | [m[32mImported block #216 / 1 tx / 0 pending / 16,144 (0.0%) gas / (0xd521786f2f8bcc7b438fc34843f54438b3d8a0bbaa108bc6881e618c6c487a40)
[m[2m2026-08-24 06:56:46.665-0500[m[2m | [m[2mEthScheduler-Workers-5[m[2m | [m[32mINFO [m[2m | [m[2mPersistBlockTask[m[2m | [m[32mBlock 216 (0xd521786f2f8bcc7b438fc34843f54438b3d8a0bbaa108bc6881e618c6c487a40) is already imported
[m[2m2026-08-24 06:56:48.696-0500[m[2m | [m[2mBftProcessorExecutor-QBFT-0[m[2m | [m[32mINFO [m[2m | [m[2mQbftBesuControllerBuilder[m[2m | [m[32mImported block #217 / 1 tx / 0 pending / 16,144 (0.0%) gas / (0x6b639efb1b9aa810b3dcd76ea62828980c7ce14a141fbcee462b726cf75cd509)
[m[2m2026-08-24 06:56:50.626-0500[m[2m | [m[2mEthScheduler-Workers-5[m[2m | [m[32mINFO [m[2m | [m[2mPersistBlockTask[m[2m | [m[32mBlock 218 (0x5552c56997e19dae7e338b505cb4da6f8662ab1649ae72d35649cd23d6850819) is already imported
[m[2m2026-08-24 06:56:50.627-0500[m[2m | [m[2mBftProcessorExecutor-QBFT-0[m[2m | [m[32mINFO [m[2m | [m[2mQbftBesuControllerBuilder[m[2m | [m[32mImported empty block #218 / 0 tx / 0 pending / 0 (0.0%) gas / (0x5552c56997e19dae7e338b505cb4da6f8662ab1649ae72d35649cd23d6850819)
[m[2m2026-08-24 06:56:52.758-0500[m[2m | [m[2mEthScheduler-Workers-1[m[2m | [m[32mINFO [m[2m | [m[2mPersistBlockTask[m[2m | [m[32mBlock 219 (0x9736d4be22932bf7eeb3002bfc91f3495938c0b60d4be602faa9536faed14b92) is already imported
[m[2m2026-08-24 06:56:52.758-0500[m[2m | [m[2mBftProcessorExecutor-QBFT-0[m[2m | [m[32mINFO [m[2m | [m[2mQbftBesuControllerBuilder[m[2m | [m[32mImported empty block #219 / 0 tx / 0 pending / 0 (0.0%) gas / (0x9736d4be22932bf7eeb3002bfc91f3495938c0b60d4be602faa9536faed14b92)
[m[2m2026-08-24 06:56:54.915-0500[m[2m | [m[2mEthScheduler-Workers-0[m[2m | [m[32mINFO [m[2m | [m[2mPersistBlockTask[m[2m | [m[32mImported empty block #220 / 0 tx / 0 om / 0 (0.0%) gas / (0x4db87877324ccb1b99f007839fad6b0b8f05b8ad7ef89745c01d511be84ae91f) in 0.000s. Peers: 6
[m[2m2026-08-24 06:56:56.627-0500[m[2m | [m[2mBftProcessorExecutor-QBFT-0[m[2m | [m[32mINFO [m[2m | [m[2mQbftBesuControllerBuilder[m[2m | [m[32mImported block #221 / 1 tx / 1 pending / 48,256 (0.0%) gas / (0x92737a0a31879a34bd7f16cab6d21e15086324ff0638d48077317affd79c1282)
[m[2m2026-08-24 06:56:58.678-0500[m[2m | [m[2mBftProcessorExecutor-QBFT-0[m[2m | [m[32mINFO [m[2m | [m[2mQbftBesuControllerBuilder[m[2m | [m[32mProduced block #222 / 1 tx / 0 pending / 48,256 (0.0%) gas / (0x091ee67facac75798bd4d4c464a6aef6d743cb49e79fb415892d432829c3ecf0)
[m[2m2026-08-24 06:57:00.582-0500[m[2m | [m[2mBftProcessorExecutor-QBFT-0[m[2m | [m[32mINFO [m[2m | [m[2mQbftBesuControllerBuilder[m[2m | [m[32mImported block #223 / 1 tx / 1 pending / 16,144 (0.0%) gas / (0xf58f4f91c00ad533d3ed6ef85aa1baa443114ecfb3ffa57fe53a1eddb7c30a8e)
[m[2m2026-08-24 06:57:02.774-0500[m[2m | [m[2mEthScheduler-Workers-2[m[2m | [m[32mINFO [m[2m | [m[2mPersistBlockTask[m[2m | [m[32mImported block #224 / 1 tx / 0 om / 16,144 (0.0%) gas / (0x1507060676bc5617b089de37eefbbdbd6ed46253095ad064896af30d2b142d7e) in 0.000s. Peers: 6
[m[2m2026-08-24 06:57:02.778-0500[m[2m | [m[2mBftProcessorExecutor-QBFT-0[m[2m | [m[32mINFO [m[2m | [m[2mQbftBesuControllerBuilder[m[2m | [m[32mImported block #224 / 1 tx / 0 pending / 16,144 (0.0%) gas / (0x1507060676bc5617b089de37eefbbdbd6ed46253095ad064896af30d2b142d7e)
[m[2m2026-08-24 06:57:04.649-0500[m[2m | [m[2mBftProcessorExecutor-QBFT-0[m[2m | [m[32mINFO [m[2m | [m[2mQbftBesuControllerBuilder[m[2m | [m[32mImported empty block #225 / 0 tx / 0 pending / 0 (0.0%) gas / (0x01e26a8934a99881cd8b502957309ffaa98b9dc935e87fd0314aa93f1087338d)
[m[2m2026-08-24 06:57:06.627-0500[m[2m | [m[2mBftProcessorExecutor-QBFT-0[m[2m | [m[32mINFO [m[2m | [m[2mQbftBesuControllerBuilder[m[2m | [m[32mImported empty block #226 / 0 tx / 0 pending / 0 (0.0%) gas / (0x49c12e4fd08fd6168e0b0fc045a9ae52ee15e15c7cf08821bf8821b2751b3a93)
[m[2m2026-08-24 06:57:08.849-0500[m[2m | [m[2mEthScheduler-Workers-7[m[2m | [m[32mINFO [m[2m | [m[2mPersistBlockTask[m[2m | [m[32mBlock 227 (0xe615394b24b9027eaa50ef8f2490859989d0f47314bfb754b3e8e428811f111a) is already imported
[m[2m2026-08-24 06:57:08.849-0500[m[2m | [m[2mBftProcessorExecutor-QBFT-0[m[2m | [m[32mINFO [m[2m | [m[2mQbftBesuControllerBuilder[m[2m | [m[32mImported empty block #227 / 0 tx / 0 pending / 0 (0.0%) gas / (0xe615394b24b9027eaa50ef8f2490859989d0f47314bfb754b3e8e428811f111a)
[m[2m2026-08-24 06:57:10.681-0500[m[2m | [m[2mEthScheduler-Workers-5[m[2m | [m[32mINFO [m[2m | [m[2mPersistBlockTask[m[2m | [m[32mBlock 228 (0x9bf11c7a69250a7455414275075a7cef9fd738fbc4511b5fe6e055d593694c55) is already imported
[m[2m2026-08-24 06:57:10.683-0500[m[2m | [m[2mBftProcessorExecutor-QBFT-0[m[2m | [m[32mINFO [m[2m | [m[2mQbftBesuControllerBuilder[m[2m | [m[32mImported block #228 / 1 tx / 0 pending / 48,256 (0.0%) gas / (0x9bf11c7a69250a7455414275075a7cef9fd738fbc4511b5fe6e055d593694c55)
[m[2m2026-08-24 06:57:12.729-0500[m[2m | [m[2mBftProcessorExecutor-QBFT-0[m[2m | [m[32mINFO [m[2m | [m[2mQbftBesuControllerBuilder[m[2m | [m[32mProduced block #229 / 1 tx / 0 pending / 48,256 (0.0%) gas / (0x91bd064cab78cfea3c3feb79d0aefd377c6eb4822e2b42398a5728ade5145be7)
[m[2m2026-08-24 06:57:14.613-0500[m[2m | [m[2mBftProcessorExecutor-QBFT-0[m[2m | [m[32mINFO [m[2m | [m[2mQbftBesuControllerBuilder[m[2m | [m[32mImported block #230 / 1 tx / 0 pending / 16,144 (0.0%) gas / (0xe192b8dcb42b2c85b474e9894eb99cea3f5648dc8bc4b2a6bbaf21b7c83500df)
[m[2m2026-08-24 06:57:16.905-0500[m[2m | [m[2mBftProcessorExecutor-QBFT-0[m[2m | [m[32mINFO [m[2m | [m[2mQbftBesuControllerBuilder[m[2m | [m[32mImported block #231 / 1 tx / 1 pending / 16,144 (0.0%) gas / (0x740be1da87e0c845ea4ea0980225824bf391caae514ffbe35cd8c221c791212c)
[m[2m2026-08-24 06:57:16.915-0500[m[2m | [m[2mEthScheduler-Workers-1[m[2m | [m[32mINFO [m[2m | [m[2mPersistBlockTask[m[2m | [m[32mBlock 231 (0x740be1da87e0c845ea4ea0980225824bf391caae514ffbe35cd8c221c791212c) is already imported
[m[2m2026-08-24 06:57:18.593-0500[m[2m | [m[2mBftProcessorExecutor-QBFT-0[m[2m | [m[32mINFO [m[2m | [m[2mQbftBesuControllerBuilder[m[2m | [m[32mImported empty block #232 / 0 tx / 0 pending / 0 (0.0%) gas / (0x7b24a57b3b78ded38c422098d543c00ad4780f10a547999738e20b02adbcc669)
[m[2m2026-08-24 06:57:18.601-0500[m[2m | [m[2mEthScheduler-Workers-2[m[2m | [m[32mINFO [m[2m | [m[2mPersistBlockTask[m[2m | [m[32mBlock 232 (0x7b24a57b3b78ded38c422098d543c00ad4780f10a547999738e20b02adbcc669) is already imported
[m[2m2026-08-24 06:57:20.895-0500[m[2m | [m[2mBftProcessorExecutor-QBFT-0[m[2m | [m[32mINFO [m[2m | [m[2mQbftBesuControllerBuilder[m[2m | [m[32mImported empty block #233 / 0 tx / 0 pending / 0 (0.0%) gas / (0x96c5ddca08ee1cc30fc895f82ed5ab594ff263329ce634c0c56646d70ba4d073)
[m[2m2026-08-24 06:57:22.905-0500[m[2m | [m[2mBftProcessorExecutor-QBFT-0[m[2m | [m[32mINFO [m[2m | [m[2mQbftBesuControllerBuilder[m[2m | [m[32mImported empty block #234 / 0 tx / 0 pending / 0 (0.0%) gas / (0x950384e199fd40d31262baff5fb8d2c67aac4080df723dc2cad98728eb570363)
[m[2m2026-08-24 06:57:24.709-0500[m[2m | [m[2mBftProcessorExecutor-QBFT-0[m[2m | [m[32mINFO [m[2m | [m[2mQbftBesuControllerBuilder[m[2m | [m[32mImported empty block #235 / 0 tx / 0 pending / 0 (0.0%) gas / (0x69dec61473f368b666f5b0d538138b18393443c2155c5d76a68d8b5bf4f53086)
[m[2m2026-08-24 06:57:26.585-0500[m[2m | [m[2mBftProcessorExecutor-QBFT-0[m[2m | [m[32mINFO [m[2m | [m[2mQbftBesuControllerBuilder[m[2m | [m[32mProduced block #236 / 1 tx / 1 pending / 48,256 (0.0%) gas / (0xe00d1df18b8f558ff87104370fab17596d7d828246d953d75da5cee700235b4c)
[m[2m2026-08-24 06:57:28.765-0500[m[2m | [m[2mEthScheduler-Workers-1[m[2m | [m[32mINFO [m[2m | [m[2mPersistBlockTask[m[2m | [m[32mBlock 237 (0x1b03abf6792e8182474dda22c887dd3ec91d67c58ca1f235dc1119f6e6e2ad8b) is already imported
[m[2m2026-08-24 06:57:28.766-0500[m[2m | [m[2mBftProcessorExecutor-QBFT-0[m[2m | [m[32mINFO [m[2m | [m[2mQbftBesuControllerBuilder[m[2m | [m[32mImported block #237 / 1 tx / 1 pending / 48,256 (0.0%) gas / (0x1b03abf6792e8182474dda22c887dd3ec91d67c58ca1f235dc1119f6e6e2ad8b)
[m[2m2026-08-24 06:57:30.751-0500[m[2m | [m[2mBftProcessorExecutor-QBFT-0[m[2m | [m[32mINFO [m[2m | [m[2mQbftBesuControllerBuilder[m[2m | [m[32mImported block #238 / 1 tx / 1 pending / 16,144 (0.0%) gas / (0xdc044344f952efd8cf5bf553a594adae6d7955d368573451f87741d6f58186ae)
[m[2m2026-08-24 06:57:32.728-0500[m[2m | [m[2mEthScheduler-Workers-6[m[2m | [m[32mINFO [m[2m | [m[2mPersistBlockTask[m[2m | [m[32mImported block #239 / 1 tx / 0 om / 16,144 (0.0%) gas / (0xac2a3648ed8b1652a95b2a7a7534db61bfdc7f240aa7f49c96b02cc89e4fc09d) in 0.000s. Peers: 6
[m[2m2026-08-24 06:57:34.752-0500[m[2m | [m[2mBftProcessorExecutor-QBFT-0[m[2m | [m[32mINFO [m[2m | [m[2mQbftBesuControllerBuilder[m[2m | [m[32mImported empty block #240 / 0 tx / 0 pending / 0 (0.0%) gas / (0x19889afc7155ab72f0c5bda5137d661afef7b962a73055772e1bb6324d027a60)
[m[2m2026-08-24 06:57:36.914-0500[m[2m | [m[2mBftProcessorExecutor-QBFT-0[m[2m | [m[32mINFO [m[2m | [m[2mQbftBesuControllerBuilder[m[2m | [m[32mImported empty block #241 / 0 tx / 0 pending / 0 (0.0%) gas / (0x09ffafb0bdb2c9d71ce0efc212ed317266071e192272cce5521fd9eb3e55d55d)
[m[2m2026-08-24 06:57:38.749-0500[m[2m | [m[2mBftProcessorExecutor-QBFT-0[m[2m | [m[32mINFO [m[2m | [m[2mQbftBesuControllerBuilder[m[2m | [m[32mImported empty block #242 / 0 tx / 0 pending / 0 (0.0%) gas / (0xb89835b5ff0ba9bf770dfaff0133e68bbb48883b925c9cbbd57ac12c0b2f0649)
[m[2m2026-08-24 06:57:40.798-0500[m[2m | [m[2mBftProcessorExecutor-QBFT-0[m[2m | [m[32mINFO [m[2m | [m[2mQbftBesuControllerBuilder[m[2m | [m[32mProduced block #243 / 1 tx / 1 pending / 48,256 (0.0%) gas / (0x3850c63ecabfef85f380e3caecfde8cfd96be858e81cc2a0db7f8b4b1020489b)
[m[2m2026-08-24 06:57:40.804-0500[m[2m | [m[2mEthScheduler-Workers-0[m[2m | [m[32mINFO [m[2m | [m[2mPersistBlockTask[m[2m | [m[32mBlock 243 (0x3850c63ecabfef85f380e3caecfde8cfd96be858e81cc2a0db7f8b4b1020489b) is already imported
[m[2m2026-08-24 06:57:42.809-0500[m[2m | [m[2mBftProcessorExecutor-QBFT-0[m[2m | [m[32mINFO [m[2m | [m[2mQbftBesuControllerBuilder[m[2m | [m[32mImported block #244 / 1 tx / 0 pending / 48,256 (0.0%) gas / (0x6cecda6ab0d4edfd5d3dd28b64a794187e3d119f9fffb8685fa915d83f41e462)
[m[2m2026-08-24 06:57:44.665-0500[m[2m | [m[2mEthScheduler-Workers-5[m[2m | [m[32mINFO [m[2m | [m[2mPersistBlockTask[m[2m | [m[32mImported block #245 / 1 tx / 0 om / 16,144 (0.0%) gas / (0x5add1bbc88784d7f903939cd8ae3088c4ea6f5eb6f3179b22424c9791bd1a40b) in 0.000s. Peers: 6
[m[2m2026-08-24 06:57:44.688-0500[m[2m | [m[2mBftProcessorExecutor-QBFT-0[m[2m | [m[32mINFO [m[2m | [m[2mQbftBesuControllerBuilder[m[2m | [m[32mImported block #245 / 1 tx / 0 pending / 16,144 (0.0%) gas / (0x5add1bbc88784d7f903939cd8ae3088c4ea6f5eb6f3179b22424c9791bd1a40b)
[m[2m2026-08-24 06:57:46.687-0500[m[2m | [m[2mBftProcessorExecutor-QBFT-0[m[2m | [m[32mINFO [m[2m | [m[2mQbftBesuControllerBuilder[m[2m | [m[32mImported block #246 / 1 tx / 0 pending / 16,144 (0.0%) gas / (0x028fe0d8e14bdae3a54398fcd54464559396dada0f8313a51aa722fb1ac1894f)
[m[2m2026-08-24 06:57:48.738-0500[m[2m | [m[2mBftProcessorExecutor-QBFT-0[m[2m | [m[32mINFO [m[2m | [m[2mQbftBesuControllerBuilder[m[2m | [m[32mImported empty block #247 / 0 tx / 0 pending / 0 (0.0%) gas / (0xa0031246c690caf47ea9ccf49c06e1ef82ac5dd8befcfc13173783b6edf5d5eb)
[m[2m2026-08-24 06:57:48.751-0500[m[2m | [m[2mEthScheduler-Workers-5[m[2m | [m[32mINFO [m[2m | [m[2mPersistBlockTask[m[2m | [m[32mBlock 247 (0xa0031246c690caf47ea9ccf49c06e1ef82ac5dd8befcfc13173783b6edf5d5eb) is already imported
[m[2m2026-08-24 06:57:50.485-0500[m[2m | [m[2mBftProcessorExecutor-QBFT-0[m[2m | [m[32mINFO [m[2m | [m[2mQbftBesuControllerBuilder[m[2m | [m[32mImported empty block #248 / 0 tx / 0 pending / 0 (0.0%) gas / (0xb02bf6c8c439fa4f5fb2012bc2d9cb7f96e6ba05fb89e79859159c51de020bf9)
[m[2m2026-08-24 06:57:50.501-0500[m[2m | [m[2mEthScheduler-Workers-6[m[2m | [m[32mINFO [m[2m | [m[2mPersistBlockTask[m[2m | [m[32mBlock 248 (0xb02bf6c8c439fa4f5fb2012bc2d9cb7f96e6ba05fb89e79859159c51de020bf9) is already imported
[m[2m2026-08-24 06:57:52.617-0500[m[2m | [m[2mBftProcessorExecutor-QBFT-0[m[2m | [m[32mINFO [m[2m | [m[2mQbftBesuControllerBuilder[m[2m | [m[32mImported empty block #249 / 0 tx / 0 pending / 0 (0.0%) gas / (0xe0c97dfddf9aeba03702330a4daf3d6fb7a61e4c51b8c5e1d8407d3524953623)
[m[2m2026-08-24 06:57:54.713-0500[m[2m | [m[2mBftProcessorExecutor-QBFT-0[m[2m | [m[32mINFO [m[2m | [m[2mQbftBesuControllerBuilder[m[2m | [m[32mProduced block #250 / 1 tx / 0 pending / 48,256 (0.0%) gas / (0x8c32dabff9f5a109a478dbe4273a80d58c664394a4188965e5abbac8b39b6438)
[m[2m2026-08-24 06:57:54.714-0500[m[2m | [m[2mEthScheduler-Workers-1[m[2m | [m[32mINFO [m[2m | [m[2mPersistBlockTask[m[2m | [m[32mBlock 250 (0x8c32dabff9f5a109a478dbe4273a80d58c664394a4188965e5abbac8b39b6438) is already imported
[m[2m2026-08-24 06:57:56.509-0500[m[2m | [m[2mBftProcessorExecutor-QBFT-0[m[2m | [m[32mINFO [m[2m | [m[2mQbftBesuControllerBuilder[m[2m | [m[32mImported block #251 / 1 tx / 0 pending / 48,256 (0.0%) gas / (0x9a39f7d201a1862f6072a79c020adc4212716aa7546cc8cec2a36220d9133d10)
[m[2m2026-08-24 06:57:59.025-0500[m[2m | [m[2mBftProcessorExecutor-QBFT-0[m[2m | [m[32mINFO [m[2m | [m[2mQbftBesuControllerBuilder[m[2m | [m[32mImported block #252 / 1 tx / 0 pending / 16,144 (0.0%) gas / (0xb093de2e774df3fe7135a9db0c61fe3b363bac8ca61a187383bc4380448ac542)
[m[2m2026-08-24 06:58:00.572-0500[m[2m | [m[2mBftProcessorExecutor-QBFT-0[m[2m | [m[32mINFO [m[2m | [m[2mQbftBesuControllerBuilder[m[2m | [m[32mImported block #253 / 1 tx / 0 pending / 16,144 (0.0%) gas / (0xef2bc075d100e8c331eb2bd1766dad987222568616bbd27cc62c151e002c1074)
[m[2m2026-08-24 06:58:02.640-0500[m[2m | [m[2mBftProcessorExecutor-QBFT-0[m[2m | [m[32mINFO [m[2m | [m[2mQbftBesuControllerBuilder[m[2m | [m[32mImported empty block #254 / 0 tx / 0 pending / 0 (0.0%) gas / (0x9e9ecd3c641bcb759fff061c9a76684d12e2876ea6e2f24eda158ec4eb520ff6)
[m[2m2026-08-24 06:58:04.773-0500[m[2m | [m[2mBftProcessorExecutor-QBFT-0[m[2m | [m[32mINFO [m[2m | [m[2mQbftBesuControllerBuilder[m[2m | [m[32mImported empty block #255 / 0 tx / 0 pending / 0 (0.0%) gas / (0xc7dc0931a46f30be6b65355f9430b3ce4c744e28f0a5b4e3f0f199d67722acdb)
[m[2m2026-08-24 06:58:04.779-0500[m[2m | [m[2mEthScheduler-Workers-4[m[2m | [m[32mINFO [m[2m | [m[2mPersistBlockTask[m[2m | [m[32mBlock 255 (0xc7dc0931a46f30be6b65355f9430b3ce4c744e28f0a5b4e3f0f199d67722acdb) is already imported
[m[2m2026-08-24 06:58:06.622-0500[m[2m | [m[2mEthScheduler-Workers-3[m[2m | [m[32mINFO [m[2m | [m[2mPersistBlockTask[m[2m | [m[32mImported empty block #256 / 0 tx / 0 om / 0 (0.0%) gas / (0x96d6fc794ea088ac77f658bc4f4a4e8552f2ac2902c0755558326eb425df0e00) in 0.000s. Peers: 6
[m[2m2026-08-24 06:58:08.961-0500[m[2m | [m[2mEthScheduler-Workers-1[m[2m | [m[32mINFO [m[2m | [m[2mPersistBlockTask[m[2m | [m[32mBlock 257 (0x02d9d4fda208fc1b240555962677fbea875c2faf9babad18ba3e06307b0ed7a1) is already imported
[m[2m2026-08-24 06:58:08.961-0500[m[2m | [m[2mBftProcessorExecutor-QBFT-0[m[2m | [m[32mINFO [m[2m | [m[2mQbftBesuControllerBuilder[m[2m | [m[32mProduced empty block #257 / 0 tx / 0 pending / 0 (0.0%) gas / (0x02d9d4fda208fc1b240555962677fbea875c2faf9babad18ba3e06307b0ed7a1)
[m[2m2026-08-24 06:58:10.602-0500[m[2m | [m[2mBftProcessorExecutor-QBFT-0[m[2m | [m[32mINFO [m[2m | [m[2mQbftBesuControllerBuilder[m[2m | [m[32mImported block #258 / 1 tx / 0 pending / 48,256 (0.0%) gas / (0x3a1b06692c31c47ad78bf6096ddb0b3520eabb0b70549727f9e0ced774e86969)
[m[2m2026-08-24 06:58:10.602-0500[m[2m | [m[2mEthScheduler-Workers-2[m[2m | [m[32mINFO [m[2m | [m[2mPersistBlockTask[m[2m | [m[32mBlock 258 (0x3a1b06692c31c47ad78bf6096ddb0b3520eabb0b70549727f9e0ced774e86969) is already imported
[m[2m2026-08-24 06:58:12.836-0500[m[2m | [m[2mBftProcessorExecutor-QBFT-0[m[2m | [m[32mINFO [m[2m | [m[2mQbftBesuControllerBuilder[m[2m | [m[32mImported block #259 / 1 tx / 0 pending / 48,256 (0.0%) gas / (0xee41dd93575de20e323c65a97549a1e7745cb810a8a2b42c856ea1b5bc9ceff6)
[m[2m2026-08-24 06:58:12.836-0500[m[2m | [m[2mEthScheduler-Workers-1[m[2m | [m[32mINFO [m[2m | [m[2mPersistBlockTask[m[2m | [m[32mBlock 259 (0xee41dd93575de20e323c65a97549a1e7745cb810a8a2b42c856ea1b5bc9ceff6) is already imported
[m[2m2026-08-24 06:58:14.502-0500[m[2m | [m[2mEthScheduler-Workers-2[m[2m | [m[32mINFO [m[2m | [m[2mPersistBlockTask[m[2m | [m[32mBlock 260 (0xde8819735b4cd78afa255cd66f186afb0e393c73567dade285a8cfc870ed53b8) is already imported
[m[2m2026-08-24 06:58:14.503-0500[m[2m | [m[2mBftProcessorExecutor-QBFT-0[m[2m | [m[32mINFO [m[2m | [m[2mQbftBesuControllerBuilder[m[2m | [m[32mImported block #260 / 1 tx / 0 pending / 16,144 (0.0%) gas / (0xde8819735b4cd78afa255cd66f186afb0e393c73567dade285a8cfc870ed53b8)
[m[2m2026-08-24 06:58:16.503-0500[m[2m | [m[2mBftProcessorExecutor-QBFT-0[m[2m | [m[32mINFO [m[2m | [m[2mQbftBesuControllerBuilder[m[2m | [m[32mImported block #261 / 1 tx / 0 pending / 16,144 (0.0%) gas / (0x88f338a8a7d13da1b95d841ce716ff0cf4847f692f5e1417c26cb041774e9725)
[m[2m2026-08-24 06:58:18.736-0500[m[2m | [m[2mEthScheduler-Workers-1[m[2m | [m[32mINFO [m[2m | [m[2mPersistBlockTask[m[2m | [m[32mBlock 262 (0xb292d8d12f41b79f4f8e402b64fab630208fe0d97040b0f3b66ad6a8115813f1) is already imported
[m[2m2026-08-24 06:58:18.737-0500[m[2m | [m[2mBftProcessorExecutor-QBFT-0[m[2m | [m[32mINFO [m[2m | [m[2mQbftBesuControllerBuilder[m[2m | [m[32mImported empty block #262 / 0 tx / 0 pending / 0 (0.0%) gas / (0xb292d8d12f41b79f4f8e402b64fab630208fe0d97040b0f3b66ad6a8115813f1)
[m[2m2026-08-24 06:58:20.969-0500[m[2m | [m[2mBftProcessorExecutor-QBFT-0[m[2m | [m[32mINFO [m[2m | [m[2mQbftBesuControllerBuilder[m[2m | [m[32mImported empty block #263 / 0 tx / 0 pending / 0 (0.0%) gas / (0x83d9414a532e211e8fd20b40b709c12ae17af5ce5c897185dc867db3a50e369c)
[m[2m2026-08-24 06:58:20.983-0500[m[2m | [m[2mEthScheduler-Workers-5[m[2m | [m[32mINFO [m[2m | [m[2mPersistBlockTask[m[2m | [m[32mBlock 263 (0x83d9414a532e211e8fd20b40b709c12ae17af5ce5c897185dc867db3a50e369c) is already imported
[m[2m2026-08-24 06:58:22.838-0500[m[2m | [m[2mBftProcessorExecutor-QBFT-0[m[2m | [m[32mINFO [m[2m | [m[2mQbftBesuControllerBuilder[m[2m | [m[32mProduced empty block #264 / 0 tx / 0 pending / 0 (0.0%) gas / (0x19bdea19fd0ad4ff719ba04aa5baa4a49b2ff514893f7f3f97f887dcd6512417)
[m[2m2026-08-24 06:58:25.123-0500[m[2m | [m[2mEthScheduler-Workers-5[m[2m | [m[32mINFO [m[2m | [m[2mPersistBlockTask[m[2m | [m[32mImported block #265 / 1 tx / 0 om / 48,256 (0.0%) gas / (0x17a50f86ddddfb360ca88af09e249bb0e54049fa58e2360cf7d8ad6380cdb8da) in 0.000s. Peers: 6
[m[2m2026-08-24 06:58:26.542-0500[m[2m | [m[2mEthScheduler-Workers-0[m[2m | [m[32mINFO [m[2m | [m[2mPersistBlockTask[m[2m | [m[32mImported block #266 / 1 tx / 0 om / 48,256 (0.0%) gas / (0x3518feb87e98bc3d71acd70b01af8d34961676408d582ff79c71b4abd763791f) in 0.000s. Peers: 6
[m[2m2026-08-24 06:58:28.661-0500[m[2m | [m[2mEthScheduler-Workers-5[m[2m | [m[32mINFO [m[2m | [m[2mPersistBlockTask[m[2m | [m[32mBlock 267 (0x30967e66ff290fe0bd53351c5d092249d24b87d95abeace537f9850fb2a5833d) is already imported
[m[2m2026-08-24 06:58:28.661-0500[m[2m | [m[2mBftProcessorExecutor-QBFT-0[m[2m | [m[32mINFO [m[2m | [m[2mQbftBesuControllerBuilder[m[2m | [m[32mImported block #267 / 1 tx / 0 pending / 16,144 (0.0%) gas / (0x30967e66ff290fe0bd53351c5d092249d24b87d95abeace537f9850fb2a5833d)
[m[2m2026-08-24 06:58:30.580-0500[m[2m | [m[2mEthScheduler-Workers-0[m[2m | [m[32mINFO [m[2m | [m[2mPersistBlockTask[m[2m | [m[32mImported block #268 / 1 tx / 0 om / 16,144 (0.0%) gas / (0xb9f7e27c6e3732c6df44c0836e190b292c46b359dda69ae041e48db9639e8f30) in 0.000s. Peers: 6
[m[2m2026-08-24 06:58:32.527-0500[m[2m | [m[2mBftProcessorExecutor-QBFT-0[m[2m | [m[32mINFO [m[2m | [m[2mQbftBesuControllerBuilder[m[2m | [m[32mImported empty block #269 / 0 tx / 0 pending / 0 (0.0%) gas / (0x27c52919d70ac10e53fd589235c3fbf6aacdcdb92b30af0fcb645952a23cdaf2)
[m[2m2026-08-24 06:58:32.543-0500[m[2m | [m[2mEthScheduler-Workers-4[m[2m | [m[32mINFO [m[2m | [m[2mPersistBlockTask[m[2m | [m[32mBlock 269 (0x27c52919d70ac10e53fd589235c3fbf6aacdcdb92b30af0fcb645952a23cdaf2) is already imported
[m[2m2026-08-24 06:58:34.537-0500[m[2m | [m[2mBftProcessorExecutor-QBFT-0[m[2m | [m[32mINFO [m[2m | [m[2mQbftBesuControllerBuilder[m[2m | [m[32mImported empty block #270 / 0 tx / 0 pending / 0 (0.0%) gas / (0x013522bdd2a1d069cf028030d65b9599886cba84b1746d76ae546b2d33b2ccda)
[m[2m2026-08-24 06:58:36.619-0500[m[2m | [m[2mBftProcessorExecutor-QBFT-0[m[2m | [m[32mINFO [m[2m | [m[2mQbftBesuControllerBuilder[m[2m | [m[32mProduced empty block #271 / 0 tx / 0 pending / 0 (0.0%) gas / (0xfccf1f9738ffe06ac8e0e23605c17af968d237d1dcb05a0cb559dc71393a707d)
[m[2m2026-08-24 06:58:38.632-0500[m[2m | [m[2mEthScheduler-Workers-4[m[2m | [m[32mINFO [m[2m | [m[2mPersistBlockTask[m[2m | [m[32mBlock 272 (0xe8381dc2c75d667d07d32675539789bcbf7f20afe5aa49e781fc1d7e9418decc) is already imported
[m[2m2026-08-24 06:58:38.632-0500[m[2m | [m[2mBftProcessorExecutor-QBFT-0[m[2m | [m[32mINFO [m[2m | [m[2mQbftBesuControllerBuilder[m[2m | [m[32mImported block #272 / 1 tx / 1 pending / 48,256 (0.0%) gas / (0xe8381dc2c75d667d07d32675539789bcbf7f20afe5aa49e781fc1d7e9418decc)
[m[2m2026-08-24 06:58:40.678-0500[m[2m | [m[2mEthScheduler-Workers-2[m[2m | [m[32mINFO [m[2m | [m[2mPersistBlockTask[m[2m | [m[32mImported block #273 / 1 tx / 0 om / 48,256 (0.0%) gas / (0xf4a23f85d5cd3feb73b71ff35ab210a9b93c963c4ea1f2941bff5452aaba7bcb) in 0.000s. Peers: 6
[m[2m2026-08-24 06:58:42.265-0500[m[2m | [m[2mBftProcessorExecutor-QBFT-0[m[2m | [m[32mINFO [m[2m | [m[2mQbftBesuControllerBuilder[m[2m | [m[32mImported block #274 / 1 tx / 0 pending / 16,144 (0.0%) gas / (0x424edd0495ad9626259068309fc84371fed0d9254af066d616376606088280b2)
[m[2m2026-08-24 06:58:44.618-0500[m[2m | [m[2mEthScheduler-Workers-5[m[2m | [m[32mINFO [m[2m | [m[2mPersistBlockTask[m[2m | [m[32mImported block #275 / 1 tx / 0 om / 16,144 (0.0%) gas / (0x4591b0f308150c42e0c184eaf1e8bd22dc3b5a9d668136fc79626544cd59e826) in 0.000s. Peers: 6
[m[2m2026-08-24 06:58:44.639-0500[m[2m | [m[2mBftProcessorExecutor-QBFT-0[m[2m | [m[32mINFO [m[2m | [m[2mQbftBesuControllerBuilder[m[2m | [m[32mImported block #275 / 1 tx / 0 pending / 16,144 (0.0%) gas / (0x4591b0f308150c42e0c184eaf1e8bd22dc3b5a9d668136fc79626544cd59e826)
[m[2m2026-08-24 06:58:46.487-0500[m[2m | [m[2mBftProcessorExecutor-QBFT-0[m[2m | [m[32mINFO [m[2m | [m[2mQbftBesuControllerBuilder[m[2m | [m[32mImported empty block #276 / 0 tx / 0 pending / 0 (0.0%) gas / (0xd565f015f2a3589705a4de8f466376a5bab3c8b5a37afe5cff99232940bf1794)
[m[2m2026-08-24 06:58:46.547-0500[m[2m | [m[2mEthScheduler-Workers-4[m[2m | [m[32mINFO [m[2m | [m[2mPersistBlockTask[m[2m | [m[32mBlock 276 (0xd565f015f2a3589705a4de8f466376a5bab3c8b5a37afe5cff99232940bf1794) is already imported
[m[2m2026-08-24 06:58:48.578-0500[m[2m | [m[2mBftProcessorExecutor-QBFT-0[m[2m | [m[32mINFO [m[2m | [m[2mQbftBesuControllerBuilder[m[2m | [m[32mImported empty block #277 / 0 tx / 0 pending / 0 (0.0%) gas / (0x13250fc74dee8e653e5044620e7669bf95831541f9e2a5253edc11af497d8104)
[m[2m2026-08-24 06:58:48.694-0500[m[2m | [m[2mEthScheduler-Workers-3[m[2m | [m[32mINFO [m[2m | [m[2mPersistBlockTask[m[2m | [m[32mBlock 277 (0x13250fc74dee8e653e5044620e7669bf95831541f9e2a5253edc11af497d8104) is already imported
[m[2m2026-08-24 06:58:50.404-0500[m[2m | [m[2mBftProcessorExecutor-QBFT-0[m[2m | [m[32mINFO [m[2m | [m[2mQbftBesuControllerBuilder[m[2m | [m[32mProduced empty block #278 / 0 tx / 0 pending / 0 (0.0%) gas / (0x86a9a383ead7e86191719f4b7dfbe51fa8d9c1bf33e33c9c4cddbec992578cb8)
[m[2m2026-08-24 06:58:52.494-0500[m[2m | [m[2mBftProcessorExecutor-QBFT-0[m[2m | [m[32mINFO [m[2m | [m[2mQbftBesuControllerBuilder[m[2m | [m[32mImported block #279 / 1 tx / 1 pending / 48,256 (0.0%) gas / (0x9303d8bdcf6ab31612da5631927e1ae1d626e0e7bd752d8f9062cb990cb05419)
[m[2m2026-08-24 06:58:54.634-0500[m[2m | [m[2mBftProcessorExecutor-QBFT-0[m[2m | [m[32mINFO [m[2m | [m[2mQbftBesuControllerBuilder[m[2m | [m[32mImported block #280 / 1 tx / 0 pending / 48,256 (0.0%) gas / (0xfee524aab1878987556f4c3ea05c54c185975e1a483b2fb355313788da40b43f)
[m[2m2026-08-24 06:58:54.676-0500[m[2m | [m[2mEthScheduler-Workers-4[m[2m | [m[32mINFO [m[2m | [m[2mPersistBlockTask[m[2m | [m[32mBlock 280 (0xfee524aab1878987556f4c3ea05c54c185975e1a483b2fb355313788da40b43f) is already imported
[m[2m2026-08-24 06:58:56.603-0500[m[2m | [m[2mBftProcessorExecutor-QBFT-0[m[2m | [m[32mINFO [m[2m | [m[2mQbftBesuControllerBuilder[m[2m | [m[32mImported block #281 / 1 tx / 1 pending / 16,144 (0.0%) gas / (0x26c99d989e2f329349107de94d99ce02e951cdefe285e81f25c7017746727cc5)
[m[2m2026-08-24 06:58:58.659-0500[m[2m | [m[2mBftProcessorExecutor-QBFT-0[m[2m | [m[32mINFO [m[2m | [m[2mQbftBesuControllerBuilder[m[2m | [m[32mImported block #282 / 1 tx / 0 pending / 16,144 (0.0%) gas / (0x45966c8a2aeb2ec744838b7381ac45690a66e279386a8a64f4c49bdda5a10c41)
[m[2m2026-08-24 06:58:58.789-0500[m[2m | [m[2mEthScheduler-Workers-0[m[2m | [m[32mINFO [m[2m | [m[2mPersistBlockTask[m[2m | [m[32mBlock 282 (0x45966c8a2aeb2ec744838b7381ac45690a66e279386a8a64f4c49bdda5a10c41) is already imported
[m[2m2026-08-24 06:59:00.649-0500[m[2m | [m[2mBftProcessorExecutor-QBFT-0[m[2m | [m[32mINFO [m[2m | [m[2mQbftBesuControllerBuilder[m[2m | [m[32mImported empty block #283 / 0 tx / 0 pending / 0 (0.0%) gas / (0xb1fa7ad056ab94b63ba9474a42afb1172b4a151acd6416c1d2ab4c4f228ef031)
[m[2m2026-08-24 06:59:02.759-0500[m[2m | [m[2mBftProcessorExecutor-QBFT-0[m[2m | [m[32mINFO [m[2m | [m[2mQbftBesuControllerBuilder[m[2m | [m[32mImported empty block #284 / 0 tx / 0 pending / 0 (0.0%) gas / (0x6845d336f746791bb95db7cac91ec7a59484641c456c6a96053e6b08507881d6)
[m[2m2026-08-24 06:59:02.761-0500[m[2m | [m[2mEthScheduler-Workers-5[m[2m | [m[32mINFO [m[2m | [m[2mPersistBlockTask[m[2m | [m[32mBlock 284 (0x6845d336f746791bb95db7cac91ec7a59484641c456c6a96053e6b08507881d6) is already imported
[m[2m2026-08-24 06:59:04.706-0500[m[2m | [m[2mBftProcessorExecutor-QBFT-0[m[2m | [m[32mINFO [m[2m | [m[2mQbftBesuControllerBuilder[m[2m | [m[32mProduced empty block #285 / 0 tx / 0 pending / 0 (0.0%) gas / (0x20ac89168cd59a1a3153d5f1abc81af8deff675f659a4c5bf64400ccb50b0288)
[m[2m2026-08-24 06:59:06.759-0500[m[2m | [m[2mBftProcessorExecutor-QBFT-0[m[2m | [m[32mINFO [m[2m | [m[2mQbftBesuControllerBuilder[m[2m | [m[32mImported block #286 / 1 tx / 0 pending / 48,256 (0.0%) gas / (0x9a37537c49be856d65d963c5391340f391440bbcb0d6080e58080b4e9bfbb1a1)
[m[2m2026-08-24 06:59:08.725-0500[m[2m | [m[2mBftProcessorExecutor-QBFT-0[m[2m | [m[32mINFO [m[2m | [m[2mQbftBesuControllerBuilder[m[2m | [m[32mImported block #287 / 1 tx / 0 pending / 48,256 (0.0%) gas / (0x620bd49daffe540981f7f5956645fbe29920110d37aa183cbc60c4548bf4b3d9)
[m[2m2026-08-24 06:59:08.754-0500[m[2m | [m[2mEthScheduler-Workers-0[m[2m | [m[32mINFO [m[2m | [m[2mPersistBlockTask[m[2m | [m[32mBlock 287 (0x620bd49daffe540981f7f5956645fbe29920110d37aa183cbc60c4548bf4b3d9) is already imported
[m[2m2026-08-24 06:59:10.783-0500[m[2m | [m[2mBftProcessorExecutor-QBFT-0[m[2m | [m[32mINFO [m[2m | [m[2mQbftBesuControllerBuilder[m[2m | [m[32mImported block #288 / 1 tx / 1 pending / 16,144 (0.0%) gas / (0x9f2a1ae319c8f470d1a36bb9fd39aa1d6fc4cac56766b6f7bdebd6d5c1c8fbd5)
[m[2m2026-08-24 06:59:10.783-0500[m[2m | [m[2mEthScheduler-Workers-0[m[2m | [m[32mINFO [m[2m | [m[2mPersistBlockTask[m[2m | [m[32mBlock 288 (0x9f2a1ae319c8f470d1a36bb9fd39aa1d6fc4cac56766b6f7bdebd6d5c1c8fbd5) is already imported
[m[2m2026-08-24 06:59:12.548-0500[m[2m | [m[2mBftProcessorExecutor-QBFT-0[m[2m | [m[32mINFO [m[2m | [m[2mQbftBesuControllerBuilder[m[2m | [m[32mImported block #289 / 1 tx / 0 pending / 16,144 (0.0%) gas / (0xe49ec253e5e172900f1b32228d85401b11bfd917de6774b4e0a8b22ef4726b0f)
[m[2m2026-08-24 06:59:14.576-0500[m[2m | [m[2mBftProcessorExecutor-QBFT-0[m[2m | [m[32mINFO [m[2m | [m[2mQbftBesuControllerBuilder[m[2m | [m[32mImported empty block #290 / 0 tx / 0 pending / 0 (0.0%) gas / (0x9578d770c6dc7e59a0975519cd25b0913e94539f9f9f83b5c9328466bdeef8a5)
[m[2m2026-08-24 06:59:16.673-0500[m[2m | [m[2mBftProcessorExecutor-QBFT-0[m[2m | [m[32mINFO [m[2m | [m[2mQbftBesuControllerBuilder[m[2m | [m[32mImported empty block #291 / 0 tx / 0 pending / 0 (0.0%) gas / (0x4fa416d4d2436bfb2a892a3bdd9c5abdb18d254c7bcee3e1419322c7796b336b)
[m[2m2026-08-24 06:59:18.493-0500[m[2m | [m[2mBftProcessorExecutor-QBFT-0[m[2m | [m[32mINFO [m[2m | [m[2mQbftBesuControllerBuilder[m[2m | [m[32mProduced empty block #292 / 0 tx / 0 pending / 0 (0.0%) gas / (0xf1df8342bf2a11dcf179ebde68e74482fee2c1612ea4e7b3426904c628d27bb7)
[m[2m2026-08-24 06:59:20.651-0500[m[2m | [m[2mBftProcessorExecutor-QBFT-0[m[2m | [m[32mINFO [m[2m | [m[2mQbftBesuControllerBuilder[m[2m | [m[32mImported block #293 / 1 tx / 0 pending / 48,256 (0.0%) gas / (0x8b2e8fc937d09dcf59d957d6afb53bb8ee6789fc43c4a1ed2865c604da59677c)
[m[2m2026-08-24 06:59:22.826-0500[m[2m | [m[2mBftProcessorExecutor-QBFT-0[m[2m | [m[32mINFO [m[2m | [m[2mQbftBesuControllerBuilder[m[2m | [m[32mImported block #294 / 1 tx / 0 pending / 48,256 (0.0%) gas / (0x33e4ef95190bd61530efa361193767a7dae085dca4c413036bc14223c138c9c7)
[m[2m2026-08-24 06:59:22.826-0500[m[2m | [m[2mEthScheduler-Workers-2[m[2m | [m[32mINFO [m[2m | [m[2mPersistBlockTask[m[2m | [m[32mBlock 294 (0x33e4ef95190bd61530efa361193767a7dae085dca4c413036bc14223c138c9c7) is already imported
[m[2m2026-08-24 06:59:24.858-0500[m[2m | [m[2mBftProcessorExecutor-QBFT-0[m[2m | [m[32mINFO [m[2m | [m[2mQbftBesuControllerBuilder[m[2m | [m[32mImported block #295 / 1 tx / 0 pending / 16,144 (0.0%) gas / (0x01c7d6893926ef90b7ed33895a4180e5c493da09a9c8cd3478a860d6b57d37fa)
[m[2m2026-08-24 06:59:24.859-0500[m[2m | [m[2mEthScheduler-Workers-1[m[2m | [m[32mINFO [m[2m | [m[2mPersistBlockTask[m[2m | [m[32mBlock 295 (0x01c7d6893926ef90b7ed33895a4180e5c493da09a9c8cd3478a860d6b57d37fa) is already imported
[m[2m2026-08-24 06:59:26.874-0500[m[2m | [m[2mEthScheduler-Workers-2[m[2m | [m[32mINFO [m[2m | [m[2mPersistBlockTask[m[2m | [m[32mBlock 296 (0xb61f7a4ac0f94186ec7673e5f54523578dedacead69adf633efe318b7377ad37) is already imported
[m[2m2026-08-24 06:59:26.875-0500[m[2m | [m[2mBftProcessorExecutor-QBFT-0[m[2m | [m[32mINFO [m[2m | [m[2mQbftBesuControllerBuilder[m[2m | [m[32mImported block #296 / 1 tx / 0 pending / 16,144 (0.0%) gas / (0xb61f7a4ac0f94186ec7673e5f54523578dedacead69adf633efe318b7377ad37)
[m[2m2026-08-24 06:59:28.714-0500[m[2m | [m[2mBftProcessorExecutor-QBFT-0[m[2m | [m[32mINFO [m[2m | [m[2mQbftBesuControllerBuilder[m[2m | [m[32mImported empty block #297 / 0 tx / 0 pending / 0 (0.0%) gas / (0xedec565dac84fb07268ca6a8f75d6289bf0051320debcf90dfd4815807986135)
[m[2m2026-08-24 06:59:30.871-0500[m[2m | [m[2mBftProcessorExecutor-QBFT-0[m[2m | [m[32mINFO [m[2m | [m[2mQbftBesuControllerBuilder[m[2m | [m[32mImported empty block #298 / 0 tx / 0 pending / 0 (0.0%) gas / (0xce6b0e2559be38f25ba06642c75da9a752e16667ec3867bb1d30631be8d0efdb)
[m[2m2026-08-24 06:59:30.876-0500[m[2m | [m[2mEthScheduler-Workers-6[m[2m | [m[32mINFO [m[2m | [m[2mPersistBlockTask[m[2m | [m[32mBlock 298 (0xce6b0e2559be38f25ba06642c75da9a752e16667ec3867bb1d30631be8d0efdb) is already imported
[m[2m2026-08-24 06:59:32.733-0500[m[2m | [m[2mBftProcessorExecutor-QBFT-0[m[2m | [m[32mINFO [m[2m | [m[2mQbftBesuControllerBuilder[m[2m | [m[32mProduced empty block #299 / 0 tx / 0 pending / 0 (0.0%) gas / (0x6dbc5342039bbed33bec286e65f4109a043f3d62c5751ca74857be7e1fa37004)
[m[2m2026-08-24 06:59:32.756-0500[m[2m | [m[2mEthScheduler-Workers-5[m[2m | [m[32mINFO [m[2m | [m[2mPersistBlockTask[m[2m | [m[32mBlock 299 (0x6dbc5342039bbed33bec286e65f4109a043f3d62c5751ca74857be7e1fa37004) is already imported
[m[2m2026-08-24 06:59:35.015-0500[m[2m | [m[2mBftProcessorExecutor-QBFT-0[m[2m | [m[32mINFO [m[2m | [m[2mQbftBesuControllerBuilder[m[2m | [m[32mImported block #300 / 1 tx / 1 pending / 48,256 (0.0%) gas / (0x4a4f2b75b435943eee977f0b5af6272fb656c8d58904c20e9f15d5bf63c96332)
[m[2m2026-08-24 06:59:35.049-0500[m[2m | [m[2mEthScheduler-Workers-5[m[2m | [m[32mINFO [m[2m | [m[2mPersistBlockTask[m[2m | [m[32mBlock 300 (0x4a4f2b75b435943eee977f0b5af6272fb656c8d58904c20e9f15d5bf63c96332) is already imported
[m[2m2026-08-24 06:59:36.780-0500[m[2m | [m[2mEthScheduler-Workers-4[m[2m | [m[32mINFO [m[2m | [m[2mPersistBlockTask[m[2m | [m[32mBlock 301 (0x3d760d0fbf47c98231608617e9dca8d59f0531d73720d9f2190201d774f437b0) is already imported
[m[2m2026-08-24 06:59:36.780-0500[m[2m | [m[2mBftProcessorExecutor-QBFT-0[m[2m | [m[32mINFO [m[2m | [m[2mQbftBesuControllerBuilder[m[2m | [m[32mImported block #301 / 1 tx / 0 pending / 48,256 (0.0%) gas / (0x3d760d0fbf47c98231608617e9dca8d59f0531d73720d9f2190201d774f437b0)
[m[2m2026-08-24 06:59:39.003-0500[m[2m | [m[2mBftProcessorExecutor-QBFT-0[m[2m | [m[32mINFO [m[2m | [m[2mQbftBesuControllerBuilder[m[2m | [m[32mImported block #302 / 1 tx / 0 pending / 16,144 (0.0%) gas / (0x6f130edbd446c148c3782b2f273d8e3d7aed1b5ada49a431f7570875f8562731)
[m[2m2026-08-24 06:59:39.003-0500[m[2m | [m[2mEthScheduler-Workers-5[m[2m | [m[32mINFO [m[2m | [m[2mPersistBlockTask[m[2m | [m[32mImported block #302 / 1 tx / 0 om / 16,144 (0.0%) gas / (0x6f130edbd446c148c3782b2f273d8e3d7aed1b5ada49a431f7570875f8562731) in 0.000s. Peers: 6
[m[2m2026-08-24 06:59:40.742-0500[m[2m | [m[2mEthScheduler-Workers-4[m[2m | [m[32mINFO [m[2m | [m[2mPersistBlockTask[m[2m | [m[32mImported block #303 / 1 tx / 0 om / 16,144 (0.0%) gas / (0xdcae7fc5f60dc017e802f738da6b29df55d3896cacc4f29e382425647f0399ff) in 0.000s. Peers: 6
[m[2m2026-08-24 06:59:40.761-0500[m[2m | [m[2mBftProcessorExecutor-QBFT-0[m[2m | [m[32mINFO [m[2m | [m[2mQbftBesuControllerBuilder[m[2m | [m[32mImported block #303 / 1 tx / 0 pending / 16,144 (0.0%) gas / (0xdcae7fc5f60dc017e802f738da6b29df55d3896cacc4f29e382425647f0399ff)
[m[2m2026-08-24 06:59:43.006-0500[m[2m | [m[2mBftProcessorExecutor-QBFT-0[m[2m | [m[32mINFO [m[2m | [m[2mQbftBesuControllerBuilder[m[2m | [m[32mImported empty block #304 / 0 tx / 0 pending / 0 (0.0%) gas / (0xdb7f414c11878736740da59cf683bb9cf6ce872450856b47499a062c51249b47)
[m[2m2026-08-24 06:59:44.752-0500[m[2m | [m[2mBftProcessorExecutor-QBFT-0[m[2m | [m[32mINFO [m[2m | [m[2mQbftBesuControllerBuilder[m[2m | [m[32mImported empty block #305 / 0 tx / 0 pending / 0 (0.0%) gas / (0x7dba53080ce9a1a1f461fbfda558d211b13f8350d2d4d90623041566df606592)
[m[2m2026-08-24 06:59:44.804-0500[m[2m | [m[2mEthScheduler-Workers-7[m[2m | [m[32mINFO [m[2m | [m[2mPersistBlockTask[m[2m | [m[32mBlock 305 (0x7dba53080ce9a1a1f461fbfda558d211b13f8350d2d4d90623041566df606592) is already imported
[m[2m2026-08-24 06:59:46.883-0500[m[2m | [m[2mBftProcessorExecutor-QBFT-0[m[2m | [m[32mINFO [m[2m | [m[2mQbftBesuControllerBuilder[m[2m | [m[32mProduced empty block #306 / 0 tx / 0 pending / 0 (0.0%) gas / (0x054a702e609926dee7cda4ab9418b353650b06dd6b578d11d2a0e22427fd92dd)
[m[2m2026-08-24 06:59:46.892-0500[m[2m | [m[2mEthScheduler-Workers-3[m[2m | [m[32mINFO [m[2m | [m[2mPersistBlockTask[m[2m | [m[32mBlock 306 (0x054a702e609926dee7cda4ab9418b353650b06dd6b578d11d2a0e22427fd92dd) is already imported
[m[2m2026-08-24 06:59:48.784-0500[m[2m | [m[2mBftProcessorExecutor-QBFT-0[m[2m | [m[32mINFO [m[2m | [m[2mQbftBesuControllerBuilder[m[2m | [m[32mImported block #307 / 1 tx / 0 pending / 48,256 (0.0%) gas / (0x9981757dd56df996759e41c4306e9d5dab434c1c8dfd85b03d052878b736e891)
[m[2m2026-08-24 06:59:50.810-0500[m[2m | [m[2mBftProcessorExecutor-QBFT-0[m[2m | [m[32mINFO [m[2m | [m[2mQbftBesuControllerBuilder[m[2m | [m[32mImported block #308 / 1 tx / 0 pending / 48,256 (0.0%) gas / (0xe680e2f6b3cc152c62d44be7e44fd0a34e5aaf4c4bae5d3a48b0b49dd36fddc0)
[m[2m2026-08-24 06:59:50.819-0500[m[2m | [m[2mEthScheduler-Workers-0[m[2m | [m[32mINFO [m[2m | [m[2mPersistBlockTask[m[2m | [m[32mBlock 308 (0xe680e2f6b3cc152c62d44be7e44fd0a34e5aaf4c4bae5d3a48b0b49dd36fddc0) is already imported
[m[2m2026-08-24 06:59:52.746-0500[m[2m | [m[2mBftProcessorExecutor-QBFT-0[m[2m | [m[32mINFO [m[2m | [m[2mQbftBesuControllerBuilder[m[2m | [m[32mImported block #309 / 1 tx / 0 pending / 16,144 (0.0%) gas / (0x70a026c17586a2091b283818185660a3828b42b9842b154a1cf4055c676939ab)
[m[2m2026-08-24 06:59:52.765-0500[m[2m | [m[2mEthScheduler-Workers-0[m[2m | [m[32mINFO [m[2m | [m[2mPersistBlockTask[m[2m | [m[32mBlock 309 (0x70a026c17586a2091b283818185660a3828b42b9842b154a1cf4055c676939ab) is already imported
[m[2m2026-08-24 06:59:54.673-0500[m[2m | [m[2mBftProcessorExecutor-QBFT-0[m[2m | [m[32mINFO [m[2m | [m[2mQbftBesuControllerBuilder[m[2m | [m[32mImported block #310 / 1 tx / 0 pending / 16,144 (0.0%) gas / (0xfa47e85ae040842b843599938a2f06109c072a6537856fed8aa232f1b4dcce2c)
[m[2m2026-08-24 06:59:54.722-0500[m[2m | [m[2mEthScheduler-Workers-7[m[2m | [m[32mINFO [m[2m | [m[2mPersistBlockTask[m[2m | [m[32mBlock 310 (0xfa47e85ae040842b843599938a2f06109c072a6537856fed8aa232f1b4dcce2c) is already imported
[m[2m2026-08-24 06:59:56.678-0500[m[2m | [m[2mBftProcessorExecutor-QBFT-0[m[2m | [m[32mINFO [m[2m | [m[2mQbftBesuControllerBuilder[m[2m | [m[32mImported empty block #311 / 0 tx / 0 pending / 0 (0.0%) gas / (0x600db8cbf9064fbd4f3e88f5deec64d6afa8852a58e308f9a986ff8002fc26e2)
[m[2m2026-08-24 06:59:58.590-0500[m[2m | [m[2mEthScheduler-Workers-5[m[2m | [m[32mINFO [m[2m | [m[2mPersistBlockTask[m[2m | [m[32mImported empty block #312 / 0 tx / 0 om / 0 (0.0%) gas / (0xe47345a867fc6232b5d8508715f3f6b39bef1f1f61493e87a3f4d0778f084cae) in 0.000s. Peers: 6
[m[2m2026-08-24 06:59:58.596-0500[m[2m | [m[2mBftProcessorExecutor-QBFT-0[m[2m | [m[32mINFO [m[2m | [m[2mQbftBesuControllerBuilder[m[2m | [m[32mImported empty block #312 / 0 tx / 0 pending / 0 (0.0%) gas / (0xe47345a867fc6232b5d8508715f3f6b39bef1f1f61493e87a3f4d0778f084cae)
[m[2m2026-08-24 07:00:00.625-0500[m[2m | [m[2mBftProcessorExecutor-QBFT-0[m[2m | [m[32mINFO [m[2m | [m[2mQbftBesuControllerBuilder[m[2m | [m[32mProduced empty block #313 / 0 tx / 0 pending / 0 (0.0%) gas / (0x7ebca4837a4a821672a3e80a3352fb7fe368c9d4709fc637fd10d31b26683494)
[m[2m2026-08-24 07:00:02.725-0500[m[2m | [m[2mEthScheduler-Workers-6[m[2m | [m[32mINFO [m[2m | [m[2mPersistBlockTask[m[2m | [m[32mImported block #314 / 1 tx / 0 om / 48,256 (0.0%) gas / (0xdc53509d879f5d962dfb2ef1c19eb1f9b8f286578ee36d091c917ce72c081944) in 0.000s. Peers: 6
[m[2m2026-08-24 07:00:04.641-0500[m[2m | [m[2mBftProcessorExecutor-QBFT-0[m[2m | [m[32mINFO [m[2m | [m[2mQbftBesuControllerBuilder[m[2m | [m[32mImported block #315 / 1 tx / 0 pending / 48,256 (0.0%) gas / (0x0bd6905668f6c3eb031465af2b1846c15cc11a3cbf2a6afcd099c9d887b123b9)
[m[2m2026-08-24 07:00:06.641-0500[m[2m | [m[2mBftProcessorExecutor-QBFT-0[m[2m | [m[32mINFO [m[2m | [m[2mQbftBesuControllerBuilder[m[2m | [m[32mImported block #316 / 1 tx / 0 pending / 16,144 (0.0%) gas / (0x3339ac1006538f563cdabc8e72871175094beac630f742f635785d0b17d52d1e)
[m[2m2026-08-24 07:00:08.748-0500[m[2m | [m[2mBftProcessorExecutor-QBFT-0[m[2m | [m[32mINFO [m[2m | [m[2mQbftBesuControllerBuilder[m[2m | [m[32mImported block #317 / 1 tx / 0 pending / 16,144 (0.0%) gas / (0xa8c350094e6aa957569abf2884b504572ea790c8c16d44b4ed7ba532ffea50ec)
[m[2m2026-08-24 07:00:08.773-0500[m[2m | [m[2mEthScheduler-Workers-7[m[2m | [m[32mINFO [m[2m | [m[2mPersistBlockTask[m[2m | [m[32mBlock 317 (0xa8c350094e6aa957569abf2884b504572ea790c8c16d44b4ed7ba532ffea50ec) is already imported
[m[2m2026-08-24 07:00:10.471-0500[m[2m | [m[2mBftProcessorExecutor-QBFT-0[m[2m | [m[32mINFO [m[2m | [m[2mQbftBesuControllerBuilder[m[2m | [m[32mImported empty block #318 / 0 tx / 0 pending / 0 (0.0%) gas / (0x235b30d3ed88b9dd1eac042a267d58996f60bb9420b8aa61526e134480159762)
[m[2m2026-08-24 07:00:12.422-0500[m[2m | [m[2mBftProcessorExecutor-QBFT-0[m[2m | [m[32mINFO [m[2m | [m[2mQbftBesuControllerBuilder[m[2m | [m[32mImported empty block #319 / 0 tx / 0 pending / 0 (0.0%) gas / (0xd76e451b64da9d7691a44dde3527358d9627a59aebc298c6f6e1e130520d4aa0)
[m[2m2026-08-24 07:00:14.392-0500[m[2m | [m[2mBftProcessorExecutor-QBFT-0[m[2m | [m[32mINFO [m[2m | [m[2mQbftBesuControllerBuilder[m[2m | [m[32mProduced empty block #320 / 0 tx / 0 pending / 0 (0.0%) gas / (0xd32c5870094a209b3baa146df883c0b35caacbb8813b55e251de27498be9e88b)
[m[2m2026-08-24 07:00:16.685-0500[m[2m | [m[2mBftProcessorExecutor-QBFT-0[m[2m | [m[32mINFO [m[2m | [m[2mQbftBesuControllerBuilder[m[2m | [m[32mImported block #321 / 1 tx / 1 pending / 48,256 (0.0%) gas / (0x0f27b0e8c0e25a6cb517cb1146b9638d3a2bb271de96bc5c37e0391471716e02)
[m[2m2026-08-24 07:00:16.699-0500[m[2m | [m[2mEthScheduler-Workers-2[m[2m | [m[32mINFO [m[2m | [m[2mPersistBlockTask[m[2m | [m[32mBlock 321 (0x0f27b0e8c0e25a6cb517cb1146b9638d3a2bb271de96bc5c37e0391471716e02) is already imported
[m[2m2026-08-24 07:00:18.929-0500[m[2m | [m[2mBftProcessorExecutor-QBFT-0[m[2m | [m[32mINFO [m[2m | [m[2mQbftBesuControllerBuilder[m[2m | [m[32mImported block #322 / 1 tx / 0 pending / 48,256 (0.0%) gas / (0x798f61fbc7c456623f34f28f5843e95c1fa9b85f0a1260bda33c049933a631e3)
[m[2m2026-08-24 07:00:20.890-0500[m[2m | [m[2mBftProcessorExecutor-QBFT-0[m[2m | [m[32mINFO [m[2m | [m[2mQbftBesuControllerBuilder[m[2m | [m[32mImported block #323 / 1 tx / 0 pending / 16,144 (0.0%) gas / (0x59bfa63a65a158d7f80edf8d0b927091aabed872ed9abdbe6c9bf76f1c0f794e)
[m[2m2026-08-24 07:00:20.890-0500[m[2m | [m[2mEthScheduler-Workers-3[m[2m | [m[32mINFO [m[2m | [m[2mPersistBlockTask[m[2m | [m[32mBlock 323 (0x59bfa63a65a158d7f80edf8d0b927091aabed872ed9abdbe6c9bf76f1c0f794e) is already imported
[m[2m2026-08-24 07:00:22.790-0500[m[2m | [m[2mBftProcessorExecutor-QBFT-0[m[2m | [m[32mINFO [m[2m | [m[2mQbftBesuControllerBuilder[m[2m | [m[32mImported block #324 / 1 tx / 1 pending / 16,144 (0.0%) gas / (0x2647685d3538b9181fe2b79d26f0648df0c7e708eacc5d807dccb59b008001d1)
[m[2m2026-08-24 07:00:22.908-0500[m[2m | [m[2mEthScheduler-Workers-0[m[2m | [m[32mINFO [m[2m | [m[2mPersistBlockTask[m[2m | [m[32mBlock 324 (0x2647685d3538b9181fe2b79d26f0648df0c7e708eacc5d807dccb59b008001d1) is already imported
[m[2m2026-08-24 07:00:24.762-0500[m[2m | [m[2mEthScheduler-Workers-7[m[2m | [m[32mINFO [m[2m | [m[2mPersistBlockTask[m[2m | [m[32mImported empty block #325 / 0 tx / 0 om / 0 (0.0%) gas / (0x15c9dced7e0a40b18862a1849dd853cf7c32eb23c48329a6db2978b260412713) in 0.000s. Peers: 6
[m[2m2026-08-24 07:00:26.592-0500[m[2m | [m[2mBftProcessorExecutor-QBFT-0[m[2m | [m[32mINFO [m[2m | [m[2mQbftBesuControllerBuilder[m[2m | [m[32mImported empty block #326 / 0 tx / 0 pending / 0 (0.0%) gas / (0x6bdc3391f94c16f5b0ab10c1b34aec054e31c16ba3deba894d72f3e45c145399)
[m[2m2026-08-24 07:00:26.618-0500[m[2m | [m[2mEthScheduler-Workers-2[m[2m | [m[32mINFO [m[2m | [m[2mPersistBlockTask[m[2m | [m[32mBlock 326 (0x6bdc3391f94c16f5b0ab10c1b34aec054e31c16ba3deba894d72f3e45c145399) is already imported
[m[2m2026-08-24 07:00:28.642-0500[m[2m | [m[2mBftProcessorExecutor-QBFT-0[m[2m | [m[32mINFO [m[2m | [m[2mQbftBesuControllerBuilder[m[2m | [m[32mProduced empty block #327 / 0 tx / 0 pending / 0 (0.0%) gas / (0xeb71590beda10e283bf2eb1ae0adec2da8e125910c96ca628be081aebb161ce8)
[m[2m2026-08-24 07:00:30.616-0500[m[2m | [m[2mEthScheduler-Workers-5[m[2m | [m[32mINFO [m[2m | [m[2mPersistBlockTask[m[2m | [m[32mImported empty block #328 / 0 tx / 0 om / 0 (0.0%) gas / (0xb8f4a46fb48e88d6652e709ee9d366d7c16754e3d84c39cd6b56cba54eec70f7) in 0.000s. Peers: 6
[m[2m2026-08-24 07:00:32.735-0500[m[2m | [m[2mBftProcessorExecutor-QBFT-0[m[2m | [m[32mINFO [m[2m | [m[2mQbftBesuControllerBuilder[m[2m | [m[32mImported block #329 / 1 tx / 0 pending / 48,256 (0.0%) gas / (0xcb2e7513962cb31f0888d76a2bbdb3f751eaa5e35169992fc24d30d8d8f386c0)
[m[2m2026-08-24 07:00:32.735-0500[m[2m | [m[2mEthScheduler-Workers-6[m[2m | [m[32mINFO [m[2m | [m[2mPersistBlockTask[m[2m | [m[32mBlock 329 (0xcb2e7513962cb31f0888d76a2bbdb3f751eaa5e35169992fc24d30d8d8f386c0) is already imported
[m[2m2026-08-24 07:00:34.699-0500[m[2m | [m[2mEthScheduler-Workers-5[m[2m | [m[32mINFO [m[2m | [m[2mPersistBlockTask[m[2m | [m[32mImported block #330 / 1 tx / 0 om / 48,256 (0.0%) gas / (0x288cd3d2ffb33c31a7b32ffdfbe5252fb99395a771efbcaec359b98794c93f94) in 0.000s. Peers: 6
[m[2m2026-08-24 07:00:36.572-0500[m[2m | [m[2mBftProcessorExecutor-QBFT-0[m[2m | [m[32mINFO [m[2m | [m[2mQbftBesuControllerBuilder[m[2m | [m[32mImported block #331 / 1 tx / 1 pending / 16,144 (0.0%) gas / (0x31a4a7e4fac37c1c6a4aa08355eeb2d3222eab605263e317fe50d298d3fcb07d)
[m[2m2026-08-24 07:00:38.700-0500[m[2m | [m[2mBftProcessorExecutor-QBFT-0[m[2m | [m[32mINFO [m[2m | [m[2mQbftBesuControllerBuilder[m[2m | [m[32mImported block #332 / 1 tx / 0 pending / 16,144 (0.0%) gas / (0x1f6b18c66444ae6635cbaca2a8cb687fb46ac6b5442313cb57fbd57fedc20d8a)
[m[2m2026-08-24 07:00:38.711-0500[m[2m | [m[2mEthScheduler-Workers-7[m[2m | [m[32mINFO [m[2m | [m[2mPersistBlockTask[m[2m | [m[32mBlock 332 (0x1f6b18c66444ae6635cbaca2a8cb687fb46ac6b5442313cb57fbd57fedc20d8a) is already imported
[m[2m2026-08-24 07:00:40.827-0500[m[2m | [m[2mBftProcessorExecutor-QBFT-0[m[2m | [m[32mINFO [m[2m | [m[2mQbftBesuControllerBuilder[m[2m | [m[32mImported empty block #333 / 0 tx / 0 pending / 0 (0.0%) gas / (0x6dcefe7ebfbfcb0ee082b5884b5f0f33bca4bfd2cd9c7f5b63756cd63c639d14)
[m[2m2026-08-24 07:00:40.834-0500[m[2m | [m[2mEthScheduler-Workers-6[m[2m | [m[32mINFO [m[2m | [m[2mPersistBlockTask[m[2m | [m[32mBlock 333 (0x6dcefe7ebfbfcb0ee082b5884b5f0f33bca4bfd2cd9c7f5b63756cd63c639d14) is already imported
[m[2m2026-08-24 07:00:42.733-0500[m[2m | [m[2mBftProcessorExecutor-QBFT-0[m[2m | [m[32mINFO [m[2m | [m[2mQbftBesuControllerBuilder[m[2m | [m[32mProduced empty block #334 / 0 tx / 0 pending / 0 (0.0%) gas / (0x79ed36da8e491e675ebc26702f3b52479630004e64848c994c5c44dc88d7dcae)
[m[2m2026-08-24 07:00:44.826-0500[m[2m | [m[2mBftProcessorExecutor-QBFT-0[m[2m | [m[32mINFO [m[2m | [m[2mQbftBesuControllerBuilder[m[2m | [m[32mImported empty block #335 / 0 tx / 0 pending / 0 (0.0%) gas / (0xe9a734b7e9f7f99e3aa296fb85c9ccfb4adb6614c13e939fd50aef3cd213be37)
[m[2m2026-08-24 07:00:44.831-0500[m[2m | [m[2mEthScheduler-Workers-1[m[2m | [m[32mINFO [m[2m | [m[2mPersistBlockTask[m[2m | [m[32mBlock 335 (0xe9a734b7e9f7f99e3aa296fb85c9ccfb4adb6614c13e939fd50aef3cd213be37) is already imported
[m[2m2026-08-24 07:00:46.583-0500[m[2m | [m[2mBftProcessorExecutor-QBFT-0[m[2m | [m[32mINFO [m[2m | [m[2mQbftBesuControllerBuilder[m[2m | [m[32mImported block #336 / 1 tx / 1 pending / 48,256 (0.0%) gas / (0x65de1d94b0dbb46c25bcfacb302fe99bfec55ecc15598cf7b2ce91e6acfa3970)
[m[2m2026-08-24 07:00:48.389-0500[m[2m | [m[2mBftProcessorExecutor-QBFT-0[m[2m | [m[32mINFO [m[2m | [m[2mQbftBesuControllerBuilder[m[2m | [m[32mImported block #337 / 1 tx / 1 pending / 48,256 (0.0%) gas / (0xe42e7d2d37ee794a13b6891af8f39c179434f75af12e0fcae0a0904efe23d1f9)
[m[2m2026-08-24 07:00:50.619-0500[m[2m | [m[2mBftProcessorExecutor-QBFT-0[m[2m | [m[32mINFO [m[2m | [m[2mQbftBesuControllerBuilder[m[2m | [m[32mImported block #338 / 1 tx / 0 pending / 16,144 (0.0%) gas / (0x94a216231bf44f446fd86e88527553f2fef579f1b9d1dd91277f99ab0702f2d3)
[m[2m2026-08-24 07:00:52.604-0500[m[2m | [m[2mBftProcessorExecutor-QBFT-0[m[2m | [m[32mINFO [m[2m | [m[2mQbftBesuControllerBuilder[m[2m | [m[32mImported block #339 / 1 tx / 0 pending / 16,144 (0.0%) gas / (0xa59703117f4548ab4cc8cd4df6b2ca9a9821ca6c185ef288557775604a000884)
[m[2m2026-08-24 07:00:54.766-0500[m[2m | [m[2mEthScheduler-Workers-1[m[2m | [m[32mINFO [m[2m | [m[2mPersistBlockTask[m[2m | [m[32mBlock 340 (0x4f8a7040a3584dd771ad898e3d87a14ab1e89957acaef43fc35518587f897915) is already imported
[m[2m2026-08-24 07:00:54.776-0500[m[2m | [m[2mBftProcessorExecutor-QBFT-0[m[2m | [m[32mINFO [m[2m | [m[2mQbftBesuControllerBuilder[m[2m | [m[32mImported empty block #340 / 0 tx / 0 pending / 0 (0.0%) gas / (0x4f8a7040a3584dd771ad898e3d87a14ab1e89957acaef43fc35518587f897915)
[m[2m2026-08-24 07:00:56.698-0500[m[2m | [m[2mBftProcessorExecutor-QBFT-0[m[2m | [m[32mINFO [m[2m | [m[2mQbftBesuControllerBuilder[m[2m | [m[32mProduced empty block #341 / 0 tx / 0 pending / 0 (0.0%) gas / (0x2789634b3f52070629418740390c56f337f90f125882a383829b17c956a023df)
[m[2m2026-08-24 07:00:58.616-0500[m[2m | [m[2mBftProcessorExecutor-QBFT-0[m[2m | [m[32mINFO [m[2m | [m[2mQbftBesuControllerBuilder[m[2m | [m[32mImported empty block #342 / 0 tx / 0 pending / 0 (0.0%) gas / (0x488f3985b78a9b33bee32b248fb15da5ff9895ea62ad1e9d7a57aa8f8ff6f439)
[m[2m2026-08-24 07:00:58.629-0500[m[2m | [m[2mEthScheduler-Workers-5[m[2m | [m[32mINFO [m[2m | [m[2mPersistBlockTask[m[2m | [m[32mBlock 342 (0x488f3985b78a9b33bee32b248fb15da5ff9895ea62ad1e9d7a57aa8f8ff6f439) is already imported
[m[2m2026-08-24 07:01:00.964-0500[m[2m | [m[2mBftProcessorExecutor-QBFT-0[m[2m | [m[32mINFO [m[2m | [m[2mQbftBesuControllerBuilder[m[2m | [m[32mImported block #343 / 1 tx / 0 pending / 48,256 (0.0%) gas / (0x0598321e83f7fc76562809d427273c4ee65488be7a2838db08bb50877101da30)
[m[2m2026-08-24 07:01:00.968-0500[m[2m | [m[2mEthScheduler-Workers-5[m[2m | [m[32mINFO [m[2m | [m[2mPersistBlockTask[m[2m | [m[32mBlock 343 (0x0598321e83f7fc76562809d427273c4ee65488be7a2838db08bb50877101da30) is already imported
[m[2m2026-08-24 07:01:02.766-0500[m[2m | [m[2mBftProcessorExecutor-QBFT-0[m[2m | [m[32mINFO [m[2m | [m[2mQbftBesuControllerBuilder[m[2m | [m[32mImported block #344 / 1 tx / 1 pending / 48,256 (0.0%) gas / (0xd32fa540bbcba51fd78f09d7f958cc10086f3252e3f2491e92a7c03b6531e345)
[m[2m2026-08-24 07:01:02.787-0500[m[2m | [m[2mEthScheduler-Workers-5[m[2m | [m[32mINFO [m[2m | [m[2mPersistBlockTask[m[2m | [m[32mBlock 344 (0xd32fa540bbcba51fd78f09d7f958cc10086f3252e3f2491e92a7c03b6531e345) is already imported
[m[2m2026-08-24 07:01:04.942-0500[m[2m | [m[2mBftProcessorExecutor-QBFT-0[m[2m | [m[32mINFO [m[2m | [m[2mQbftBesuControllerBuilder[m[2m | [m[32mImported block #345 / 1 tx / 0 pending / 16,144 (0.0%) gas / (0x9d4663ed0d6de5570b2f44872c0e8c14ee2164ea9e41dde6b456b33fd8d206f0)
[m[2m2026-08-24 07:01:04.944-0500[m[2m | [m[2mEthScheduler-Workers-6[m[2m | [m[32mINFO [m[2m | [m[2mPersistBlockTask[m[2m | [m[32mBlock 345 (0x9d4663ed0d6de5570b2f44872c0e8c14ee2164ea9e41dde6b456b33fd8d206f0) is already imported
[m[2m2026-08-24 07:01:06.693-0500[m[2m | [m[2mBftProcessorExecutor-QBFT-0[m[2m | [m[32mINFO [m[2m | [m[2mQbftBesuControllerBuilder[m[2m | [m[32mImported block #346 / 1 tx / 0 pending / 16,144 (0.0%) gas / (0xcb5852432f658d7ec0bd427e1a42b7599fd9bc52e11e2139084486f750f1d411)
[m[2m2026-08-24 07:01:08.911-0500[m[2m | [m[2mBftProcessorExecutor-QBFT-0[m[2m | [m[32mINFO [m[2m | [m[2mQbftBesuControllerBuilder[m[2m | [m[32mImported empty block #347 / 0 tx / 0 pending / 0 (0.0%) gas / (0xda0163751d3549af8fcc057f69805778bdf18a996ea59a8730a1c81e01faf0d5)
[m[2m2026-08-24 07:01:08.932-0500[m[2m | [m[2mEthScheduler-Workers-5[m[2m | [m[32mINFO [m[2m | [m[2mPersistBlockTask[m[2m | [m[32mBlock 347 (0xda0163751d3549af8fcc057f69805778bdf18a996ea59a8730a1c81e01faf0d5) is already imported
[m[2m2026-08-24 07:01:10.764-0500[m[2m | [m[2mBftProcessorExecutor-QBFT-0[m[2m | [m[32mINFO [m[2m | [m[2mQbftBesuControllerBuilder[m[2m | [m[32mProduced empty block #348 / 0 tx / 0 pending / 0 (0.0%) gas / (0x4b848702942ce64d7ddf74f78a67ff43ad622ce8c175ee74bb1d10c86169bf7f)
[m[2m2026-08-24 07:01:13.023-0500[m[2m | [m[2mBftProcessorExecutor-QBFT-0[m[2m | [m[32mINFO [m[2m | [m[2mQbftBesuControllerBuilder[m[2m | [m[32mImported empty block #349 / 0 tx / 0 pending / 0 (0.0%) gas / (0x5635a95bcbda2954b984b44cd60ea9a5bbf06cac3cd9a3f23cd6a35b029c678c)
[m[2m2026-08-24 07:01:13.092-0500[m[2m | [m[2mEthScheduler-Workers-1[m[2m | [m[32mINFO [m[2m | [m[2mPersistBlockTask[m[2m | [m[32mBlock 349 (0x5635a95bcbda2954b984b44cd60ea9a5bbf06cac3cd9a3f23cd6a35b029c678c) is already imported
[m[2m2026-08-24 07:01:14.683-0500[m[2m | [m[2mEthScheduler-Workers-4[m[2m | [m[32mINFO [m[2m | [m[2mPersistBlockTask[m[2m | [m[32mBlock 350 (0x0c80cc35f9035a8f8326714345c51b44347cd971cd09478923f586ba90726360) is already imported
[m[2m2026-08-24 07:01:14.737-0500[m[2m | [m[2mBftProcessorExecutor-QBFT-0[m[2m | [m[32mINFO [m[2m | [m[2mQbftBesuControllerBuilder[m[2m | [m[32mImported empty block #350 / 0 tx / 0 pending / 0 (0.0%) gas / (0x0c80cc35f9035a8f8326714345c51b44347cd971cd09478923f586ba90726360)
[m[2m2026-08-24 07:01:16.673-0500[m[2m | [m[2mBftProcessorExecutor-QBFT-0[m[2m | [m[32mINFO [m[2m | [m[2mQbftBesuControllerBuilder[m[2m | [m[32mImported block #351 / 1 tx / 0 pending / 48,256 (0.0%) gas / (0x6ca04330605363ab1c139860a2ff99e561935d5c8c8b3dc0e2548c4af8049f57)
[m[2m2026-08-24 07:01:18.576-0500[m[2m | [m[2mBftProcessorExecutor-QBFT-0[m[2m | [m[32mINFO [m[2m | [m[2mQbftBesuControllerBuilder[m[2m | [m[32mImported block #352 / 1 tx / 0 pending / 48,256 (0.0%) gas / (0x60c1ebb994d65795d75179676b07a5db3cb057e536b7b7be811f9d4da1aa13f1)
[m[2m2026-08-24 07:01:20.806-0500[m[2m | [m[2mBftProcessorExecutor-QBFT-0[m[2m | [m[32mINFO [m[2m | [m[2mQbftBesuControllerBuilder[m[2m | [m[32mImported block #353 / 1 tx / 1 pending / 16,144 (0.0%) gas / (0x54aa7e23a1b4cf54473f0af8d7484ec68a534dd3eb19331c3d1865c028ab6fde)
[m[2m2026-08-24 07:01:22.676-0500[m[2m | [m[2mBftProcessorExecutor-QBFT-0[m[2m | [m[32mINFO [m[2m | [m[2mQbftBesuControllerBuilder[m[2m | [m[32mImported block #354 / 1 tx / 1 pending / 16,144 (0.0%) gas / (0x157cc5e6ad0308542ed57ea689797a63b759aa514b92cf6a5840c123b6126d5a)
[m[2m2026-08-24 07:01:22.763-0500[m[2m | [m[2mEthScheduler-Workers-5[m[2m | [m[32mINFO [m[2m | [m[2mPersistBlockTask[m[2m | [m[32mBlock 354 (0x157cc5e6ad0308542ed57ea689797a63b759aa514b92cf6a5840c123b6126d5a) is already imported
[m[2m2026-08-24 07:01:24.826-0500[m[2m | [m[2mEthScheduler-Workers-6[m[2m | [m[32mINFO [m[2m | [m[2mPersistBlockTask[m[2m | [m[32mBlock 355 (0x1e20776a72e8984176065e8fd02d948a4d5260450f79fa60fd26b632e15b5541) is already imported
[m[2m2026-08-24 07:01:24.827-0500[m[2m | [m[2mBftProcessorExecutor-QBFT-0[m[2m | [m[32mINFO [m[2m | [m[2mQbftBesuControllerBuilder[m[2m | [m[32mProduced empty block #355 / 0 tx / 0 pending / 0 (0.0%) gas / (0x1e20776a72e8984176065e8fd02d948a4d5260450f79fa60fd26b632e15b5541)
[m[2m2026-08-24 07:01:26.548-0500[m[2m | [m[2mEthScheduler-Workers-1[m[2m | [m[32mINFO [m[2m | [m[2mPersistBlockTask[m[2m | [m[32mImported empty block #356 / 0 tx / 0 om / 0 (0.0%) gas / (0x7cf5cb4e86f773c725155519ef305a16f6eaa4ce6c655332912cab5c756becfb) in 0.000s. Peers: 6
[m[2m2026-08-24 07:01:28.563-0500[m[2m | [m[2mBftProcessorExecutor-QBFT-0[m[2m | [m[32mINFO [m[2m | [m[2mQbftBesuControllerBuilder[m[2m | [m[32mImported empty block #357 / 0 tx / 0 pending / 0 (0.0%) gas / (0xea587e83496a56bbd3542a020fa44427f79ce24cc1cacb3f082c3dbd769b0bff)
[m[2m2026-08-24 07:01:28.578-0500[m[2m | [m[2mEthScheduler-Workers-4[m[2m | [m[32mINFO [m[2m | [m[2mPersistBlockTask[m[2m | [m[32mBlock 357 (0xea587e83496a56bbd3542a020fa44427f79ce24cc1cacb3f082c3dbd769b0bff) is already imported
[m[2m2026-08-24 07:01:30.710-0500[m[2m | [m[2mEthScheduler-Workers-7[m[2m | [m[32mINFO [m[2m | [m[2mPersistBlockTask[m[2m | [m[32mImported empty block #358 / 0 tx / 0 om / 0 (0.0%) gas / (0x19125da78377cd238c44a0b06ae22f980f904c62abc3d9c1d2cc4a45e7f811d5) in 0.000s. Peers: 6
[m[2m2026-08-24 07:01:30.710-0500[m[2m | [m[2mBftProcessorExecutor-QBFT-0[m[2m | [m[32mINFO [m[2m | [m[2mQbftBesuControllerBuilder[m[2m | [m[32mImported empty block #358 / 0 tx / 0 pending / 0 (0.0%) gas / (0x19125da78377cd238c44a0b06ae22f980f904c62abc3d9c1d2cc4a45e7f811d5)
[m[2m2026-08-24 07:01:32.539-0500[m[2m | [m[2mBftProcessorExecutor-QBFT-0[m[2m | [m[32mINFO [m[2m | [m[2mQbftBesuControllerBuilder[m[2m | [m[32mImported block #359 / 1 tx / 0 pending / 48,256 (0.0%) gas / (0xb9d8a7bcf34014792a1f97f3ddda6063d67538e499b6da0da4206d435411ac18)
[m[2m2026-08-24 07:01:32.542-0500[m[2m | [m[2mEthScheduler-Workers-5[m[2m | [m[32mINFO [m[2m | [m[2mPersistBlockTask[m[2m | [m[32mBlock 359 (0xb9d8a7bcf34014792a1f97f3ddda6063d67538e499b6da0da4206d435411ac18) is already imported
[m[2m2026-08-24 07:01:34.553-0500[m[2m | [m[2mBftProcessorExecutor-QBFT-0[m[2m | [m[32mINFO [m[2m | [m[2mQbftBesuControllerBuilder[m[2m | [m[32mImported block #360 / 1 tx / 0 pending / 48,256 (0.0%) gas / (0xdb101311038e070ca62c166a3e87910914fa828559a25dd3c178c225505d3add)
[m[2m2026-08-24 07:01:36.609-0500[m[2m | [m[2mBftProcessorExecutor-QBFT-0[m[2m | [m[32mINFO [m[2m | [m[2mQbftBesuControllerBuilder[m[2m | [m[32mImported block #361 / 1 tx / 0 pending / 16,144 (0.0%) gas / (0x78515058f3db086d8b04cc1382092e33b3b57f41a044ed64e2a14e9a45731646)
[m[2m2026-08-24 07:01:38.634-0500[m[2m | [m[2mEthScheduler-Workers-3[m[2m | [m[32mINFO [m[2m | [m[2mPersistBlockTask[m[2m | [m[32mBlock 362 (0x3fb4f571fa8ea0b311943664d3c7c2b98311af6b97335b179c5f3fedb6e7d2cb) is already imported
[m[2m2026-08-24 07:01:38.634-0500[m[2m | [m[2mBftProcessorExecutor-QBFT-0[m[2m | [m[32mINFO [m[2m | [m[2mQbftBesuControllerBuilder[m[2m | [m[32mProduced block #362 / 1 tx / 0 pending / 16,144 (0.0%) gas / (0x3fb4f571fa8ea0b311943664d3c7c2b98311af6b97335b179c5f3fedb6e7d2cb)
[m[2m2026-08-24 07:01:40.593-0500[m[2m | [m[2mBftProcessorExecutor-QBFT-0[m[2m | [m[32mINFO [m[2m | [m[2mQbftBesuControllerBuilder[m[2m | [m[32mImported empty block #363 / 0 tx / 0 pending / 0 (0.0%) gas / (0x5ef8635fe80368f940aedbc27e4dbc5e86157ec4d807dd52fc3835e1db18d9bb)
[m[2m2026-08-24 07:01:40.612-0500[m[2m | [m[2mEthScheduler-Workers-0[m[2m | [m[32mINFO [m[2m | [m[2mPersistBlockTask[m[2m | [m[32mBlock 363 (0x5ef8635fe80368f940aedbc27e4dbc5e86157ec4d807dd52fc3835e1db18d9bb) is already imported
[m[2m2026-08-24 07:01:42.659-0500[m[2m | [m[2mBftProcessorExecutor-QBFT-0[m[2m | [m[32mINFO [m[2m | [m[2mQbftBesuControllerBuilder[m[2m | [m[32mImported empty block #364 / 0 tx / 0 pending / 0 (0.0%) gas / (0x6efb7dc7f0b0e20ec845295da724a02524079eec4472b060321b4805f42004a9)
[m[2m2026-08-24 07:01:44.589-0500[m[2m | [m[2mBftProcessorExecutor-QBFT-0[m[2m | [m[32mINFO [m[2m | [m[2mQbftBesuControllerBuilder[m[2m | [m[32mImported empty block #365 / 0 tx / 0 pending / 0 (0.0%) gas / (0x69230b7ed9651c637687054d7d0744731a8b3a5255643a17b4d58d9284a9b4a8)
[m[2m2026-08-24 07:01:46.535-0500[m[2m | [m[2mEthScheduler-Workers-0[m[2m | [m[32mINFO [m[2m | [m[2mPersistBlockTask[m[2m | [m[32mBlock 366 (0xfca8d60d941fa7b39e6afb542a71f62c0db8f6452a7190ca0e55053386817235) is already imported
[m[2m2026-08-24 07:01:46.535-0500[m[2m | [m[2mBftProcessorExecutor-QBFT-0[m[2m | [m[32mINFO [m[2m | [m[2mQbftBesuControllerBuilder[m[2m | [m[32mImported block #366 / 1 tx / 0 pending / 48,256 (0.0%) gas / (0xfca8d60d941fa7b39e6afb542a71f62c0db8f6452a7190ca0e55053386817235)
[m[2m2026-08-24 07:01:48.514-0500[m[2m | [m[2mBftProcessorExecutor-QBFT-0[m[2m | [m[32mINFO [m[2m | [m[2mQbftBesuControllerBuilder[m[2m | [m[32mImported block #367 / 1 tx / 1 pending / 48,256 (0.0%) gas / (0x7ec3fdc0cd24067851698560f59a0ed30c9bab1ceb7a5ab18423d1f627676925)
[m[2m2026-08-24 07:01:50.657-0500[m[2m | [m[2mBftProcessorExecutor-QBFT-0[m[2m | [m[32mINFO [m[2m | [m[2mQbftBesuControllerBuilder[m[2m | [m[32mImported block #368 / 1 tx / 0 pending / 16,144 (0.0%) gas / (0xc49b5cfe9c67dbb8e76ca0e47779f22e9900fc30d0b2dbe26bceb27195e8c5c2)
[m[2m2026-08-24 07:01:50.658-0500[m[2m | [m[2mEthScheduler-Workers-1[m[2m | [m[32mINFO [m[2m | [m[2mPersistBlockTask[m[2m | [m[32mBlock 368 (0xc49b5cfe9c67dbb8e76ca0e47779f22e9900fc30d0b2dbe26bceb27195e8c5c2) is already imported
[m[2m2026-08-24 07:01:52.681-0500[m[2m | [m[2mEthScheduler-Workers-1[m[2m | [m[32mINFO [m[2m | [m[2mPersistBlockTask[m[2m | [m[32mBlock 369 (0x7c63d8ab184a31a12e9854e85d00bdd8dbc3845455d8420215f1ae18fb4620b3) is already imported
[m[2m2026-08-24 07:01:52.680-0500[m[2m | [m[2mBftProcessorExecutor-QBFT-0[m[2m | [m[32mINFO [m[2m | [m[2mQbftBesuControllerBuilder[m[2m | [m[32mProduced block #369 / 1 tx / 0 pending / 16,144 (0.0%) gas / (0x7c63d8ab184a31a12e9854e85d00bdd8dbc3845455d8420215f1ae18fb4620b3)
[m[2m2026-08-24 07:01:54.777-0500[m[2m | [m[2mBftProcessorExecutor-QBFT-0[m[2m | [m[32mINFO [m[2m | [m[2mQbftBesuControllerBuilder[m[2m | [m[32mImported empty block #370 / 0 tx / 0 pending / 0 (0.0%) gas / (0xc195bce185dadc5e54a2d453225875caac1afeb50f43ac78bfde41c6453236ee)
[m[2m2026-08-24 07:01:54.779-0500[m[2m | [m[2mEthScheduler-Workers-2[m[2m | [m[32mINFO [m[2m | [m[2mPersistBlockTask[m[2m | [m[32mBlock 370 (0xc195bce185dadc5e54a2d453225875caac1afeb50f43ac78bfde41c6453236ee) is already imported
[m